 $DATA  
 FMO calculation                                                                
C1       0
N.1-1       7.0      0.0000000000      0.0000000000      0.0000000000
   DFTB    0
H.1-1       1.0      0.0000000000      0.0000000000      0.0000000000
   DFTB    0
C.1-1       6.0      0.0000000000      0.0000000000      0.0000000000
   DFTB    0
O.1-1       8.0      0.0000000000      0.0000000000      0.0000000000
   DFTB    0
F.1-1       9.0      0.0000000000      0.0000000000      0.0000000000
   DFTB    0
S.1-1      16.0      0.0000000000      0.0000000000      0.0000000000
   DFTB    0
 $END      
 $fmoprp
 n0bda=     196 r0bda(1)=
 1.52774376 1.52655101 1.52551270 1.52320485 1.53209823 1.52308929 1.52879103
 1.53067665 1.54182587 1.52098685 1.51365980 1.52599934 1.53028984 1.52208902
 1.52844856 1.51737800 1.51272899 1.52093064 1.52807886 1.52074225 1.52289987
 1.51701912 1.51868463 1.52539601 1.52761950 1.53017739 1.53408793 1.53988767
 1.53293946 1.51717138 1.52211859 1.52506262 1.52352388 1.51374965 1.52554613
 1.53092946 1.52256691 1.52400361 1.52257709 1.51495776 1.52249335 1.52426835
 1.52337586 1.52188140 1.51951703 1.51112078 1.52838771 1.52582377 1.52386288
 1.53433645 1.51596405 1.50779740 1.51986644 1.52819403 1.51836952 1.52341393
 1.51649266 1.52476031 1.52512590 1.52947605 1.52666008 1.52908012 1.52842664
 1.52676423 1.51680915 1.51683256 1.53160504 1.52344248 1.53200424 1.52846001
 1.52952607 1.52044566 1.50581573 1.52061073 1.52755916 1.52711787 1.52845314
 1.51352965 1.52800622 1.53485048 1.52753036 1.52095035 1.52913995 1.52315528
 1.52242701 1.50719143 1.53422912 1.53169775 1.53670589 1.52501738 1.52108448
 1.52610026 1.53777924 1.51555402 1.53668019 1.52615268 1.51814690 1.52611566
 1.52382348 1.52548124 1.51642145 1.51860396 1.52072285 1.53224052 1.52213961
 1.52675014 1.53166576 1.51613291 1.50090539 1.53362251 1.52780562 1.51495016
 1.52992680 1.52248678 1.51975426 1.51599109 1.51757899 1.51472671 1.52274128
 1.52582633 1.50835042 1.52184132 1.52346713 1.52939661 1.53690044 1.54200545
 1.53826221 1.53389327 1.52179415 1.51187996 1.51855227 1.52222305 1.52727895
 1.52988006 1.52527604 1.52254721 1.52253670 1.50971852 1.51903555 1.52245263
 1.51692353 1.52145128 1.52700950 1.51482441 1.52434367 1.52112528 1.52770459
 1.53841259 1.51683915 1.51930346 1.51661663 1.52356884 1.51729661 1.52872430
 1.52375982 1.52496492 1.52890091 1.53440542 1.53255245 1.53224998 1.51072632
 1.53910558 1.53454097 1.53493387 1.52464225 1.51794137 1.52442809 1.52532783
 1.51508977 1.51146816 1.51184788 1.52119328 1.53015097 1.51644453 1.51628032
 1.50758350 1.53684937 1.52669381 1.53818626 1.52792228 1.52934921 1.52930344
 1.51918597 1.51616655 1.54407059 1.53998084 1.53512149 1.53047476 1.53192983
 1.53216775 1.52687491 1.51639243 1.53301598 1.53369358 1.52834878 1.51863952
 $end
 $FMOENM
     1 1    -11.6191238300    -11.6125981592      0.0000000000      0.0000000000
     2 1    -22.3801027689    -22.3710551393      0.0000000000      0.0000000000
     3 1    -19.5304380620    -19.5194061262      0.0000000000      0.0000000000
     4 1    -17.8959787898    -17.8890689409      0.0000000000      0.0000000000
     5 1    -19.5198570255    -19.5084390039      0.0000000000      0.0000000000
     6 1    -30.0738796115    -30.0549780720      0.0000000000      0.0000000000
     7 1    -22.3884504556    -22.3765278245      0.0000000000      0.0000000000
     8 1    -27.2016665560    -27.1872985763      0.0000000000      0.0000000000
     9 1    -16.2650678924    -16.2576615799      0.0000000000      0.0000000000
    10 1    -19.5374414852    -19.5265688428      0.0000000000      0.0000000000
    11 1    -17.0614463387    -17.0525708038      0.0000000000      0.0000000000
    12 1    -17.8770536733    -17.8703986827      0.0000000000      0.0000000000
    13 1    -19.5399246457    -19.5288249071      0.0000000000      0.0000000000
    14 1    -27.2311796704    -27.2165535019      0.0000000000      0.0000000000
    15 1    -19.5424781623    -19.5317038649      0.0000000000      0.0000000000
    16 1     -9.6606606887     -9.6584918825      0.0000000000      0.0000000000
    17 1     -9.6551995607     -9.6530239655      0.0000000000      0.0000000000
    18 1    -22.3776656509    -22.3669242272      0.0000000000      0.0000000000
    19 1    -19.5237353508    -19.5125363730      0.0000000000      0.0000000000
    20 1    -22.4078815516    -22.3950099852      0.0000000000      0.0000000000
    21 1    -22.6163245852    -22.6074188065      0.0000000000      0.0000000000
    22 1    -12.1207087786    -12.1167238173      0.0000000000      0.0000000000
    23 1    -19.5198572036    -19.5095169375      0.0000000000      0.0000000000
    24 1    -19.5182287358    -19.5073260084      0.0000000000      0.0000000000
    25 1    -20.1431384992    -20.1372226242      0.0000000000      0.0000000000
    26 1    -17.8809097424    -17.8740805041      0.0000000000      0.0000000000
    27 1     -9.6573225879     -9.6551556021      0.0000000000      0.0000000000
    28 1    -12.0857560395    -12.0819467111      0.0000000000      0.0000000000
    29 1    -20.1597046878    -20.1535561328      0.0000000000      0.0000000000
    30 1    -20.1397027133    -20.1331982337      0.0000000000      0.0000000000
    31 1    -17.8926809396    -17.8860907369      0.0000000000      0.0000000000
    32 1    -17.0689934467    -17.0603302256      0.0000000000      0.0000000000
    33 1    -19.5301912129    -19.5189869379      0.0000000000      0.0000000000
    34 1    -22.6135284058    -22.6053599590      0.0000000000      0.0000000000
    35 1    -22.6119159390    -22.6039572522      0.0000000000      0.0000000000
    36 1    -19.4953061926    -19.4853032757      0.0000000000      0.0000000000
    37 1    -19.8999906544    -19.8924233386      0.0000000000      0.0000000000
    38 1    -19.5378956523    -19.5266665101      0.0000000000      0.0000000000
    39 1    -16.2720512969    -16.2646775452      0.0000000000      0.0000000000
    40 1     -9.6635938550     -9.6614171210      0.0000000000      0.0000000000
    41 1    -22.3691810914    -22.3573880391      0.0000000000      0.0000000000
    42 1    -30.0869038479    -30.0685216872      0.0000000000      0.0000000000
    43 1    -22.3839705528    -22.3720635628      0.0000000000      0.0000000000
    44 1    -16.2857246550    -16.2783712670      0.0000000000      0.0000000000
    45 1    -22.3912452359    -22.3788584854      0.0000000000      0.0000000000
    46 1    -19.4850720024    -19.4748979087      0.0000000000      0.0000000000
    47 1    -19.5306182896    -19.5193022966      0.0000000000      0.0000000000
    48 1     -9.6601488768     -9.6579782121      0.0000000000      0.0000000000
    49 1     -9.6788659428     -9.6766516888      0.0000000000      0.0000000000
    50 1    -19.5193102102    -19.5088939948      0.0000000000      0.0000000000
    51 1     -9.6426276480     -9.6404391103      0.0000000000      0.0000000000
    52 1     -9.6774546947     -9.6752480230      0.0000000000      0.0000000000
    53 1    -23.8705111368    -23.8562599842      0.0000000000      0.0000000000
    54 1    -19.5415175876    -19.5303782444      0.0000000000      0.0000000000
    55 1    -22.3863099385    -22.3737302687      0.0000000000      0.0000000000
    56 1    -17.0745028673    -17.0656644239      0.0000000000      0.0000000000
    57 1    -27.2262094871    -27.2108209070      0.0000000000      0.0000000000
    58 1    -22.3688209950    -22.3598787308      0.0000000000      0.0000000000
    59 1    -27.2036788243    -27.1886477862      0.0000000000      0.0000000000
    60 1    -20.1293398515    -20.1229459784      0.0000000000      0.0000000000
    61 1    -22.3825880376    -22.3723836124      0.0000000000      0.0000000000
    62 1    -19.5357033494    -19.5244120290      0.0000000000      0.0000000000
    63 1    -16.2736156112    -16.2661912198      0.0000000000      0.0000000000
    64 1    -19.5493725672    -19.5382152262      0.0000000000      0.0000000000
    65 1    -22.6242842101    -22.6163825130      0.0000000000      0.0000000000
    66 1    -19.5413074883    -19.5303700463      0.0000000000      0.0000000000
    67 1    -14.5160410934    -14.5105580813      0.0000000000      0.0000000000
    68 1     -9.6526267835     -9.6504505735      0.0000000000      0.0000000000
    69 1    -22.7651108488    -22.7541892666      0.0000000000      0.0000000000
    70 1    -22.3715904558    -22.3597792896      0.0000000000      0.0000000000
    71 1    -12.1102836365    -12.1063651304      0.0000000000      0.0000000000
    72 1    -19.5553728621    -19.5442168427      0.0000000000      0.0000000000
    73 1     -9.6669757214     -9.6647505709      0.0000000000      0.0000000000
    74 1    -17.8659988333    -17.8593843431      0.0000000000      0.0000000000
    75 1    -17.0766109965    -17.0680370879      0.0000000000      0.0000000000
    76 1    -19.5290902603    -19.5178298522      0.0000000000      0.0000000000
    77 1    -17.0632797905    -17.0547680096      0.0000000000      0.0000000000
    78 1     -9.6625174623     -9.6602953610      0.0000000000      0.0000000000
    79 1    -16.2639049589    -16.2565227749      0.0000000000      0.0000000000
    80 1    -17.8751382853    -17.8684140821      0.0000000000      0.0000000000
    81 1    -16.2785774131    -16.2711997889      0.0000000000      0.0000000000
    82 1    -17.0676785693    -17.0592753545      0.0000000000      0.0000000000
    83 1    -19.9156994031    -19.9084249167      0.0000000000      0.0000000000
    84 1    -19.5283650290    -19.5172312631      0.0000000000      0.0000000000
    85 1    -19.5339928446    -19.5226800775      0.0000000000      0.0000000000
    86 1     -9.6517036671     -9.6495208096      0.0000000000      0.0000000000
    87 1    -27.1834519101    -27.1679054888      0.0000000000      0.0000000000
    88 1    -19.9004366386    -19.8933136496      0.0000000000      0.0000000000
    89 1    -19.5235477872    -19.5123652184      0.0000000000      0.0000000000
    90 1    -19.5304941418    -19.5198082514      0.0000000000      0.0000000000
    91 1    -17.8772787635    -17.8703277385      0.0000000000      0.0000000000
    92 1    -22.3718923960    -22.3626340324      0.0000000000      0.0000000000
    93 1    -19.5169812180    -19.5060311843      0.0000000000      0.0000000000
    94 1     -9.6599533853     -9.6577788703      0.0000000000      0.0000000000
    95 1    -14.5136796079    -14.5083740174      0.0000000000      0.0000000000
    96 1    -17.8976217617    -17.8904247702      0.0000000000      0.0000000000
    97 1    -19.5375445699    -19.5266786485      0.0000000000      0.0000000000
    98 1    -19.8953006735    -19.8869950808      0.0000000000      0.0000000000
    99 1    -33.0289472311    -33.0094207772      0.0000000000      0.0000000000
   100 1    -11.6309609977    -11.6244244558      0.0000000000      0.0000000000
   101 1    -22.3816673124    -22.3724677870      0.0000000000      0.0000000000
   102 1    -19.5383123079    -19.5273233692      0.0000000000      0.0000000000
   103 1    -17.9018939043    -17.8950975702      0.0000000000      0.0000000000
   104 1    -19.5281891591    -19.5168215625      0.0000000000      0.0000000000
   105 1    -30.0835014208    -30.0651922518      0.0000000000      0.0000000000
   106 1    -22.4006203690    -22.3886043533      0.0000000000      0.0000000000
   107 1    -27.2019348242    -27.1877839923      0.0000000000      0.0000000000
   108 1    -16.2701581137    -16.2627534757      0.0000000000      0.0000000000
   109 1    -19.5337155268    -19.5227522917      0.0000000000      0.0000000000
   110 1    -17.0810617204    -17.0721518978      0.0000000000      0.0000000000
   111 1    -17.8660196300    -17.8593581156      0.0000000000      0.0000000000
   112 1    -19.5418851784    -19.5307617187      0.0000000000      0.0000000000
   113 1    -27.2170226020    -27.2021055948      0.0000000000      0.0000000000
   114 1    -19.5341306793    -19.5232845470      0.0000000000      0.0000000000
   115 1     -9.6400370623     -9.6378788196      0.0000000000      0.0000000000
   116 1     -9.6578163363     -9.6556376759      0.0000000000      0.0000000000
   117 1    -22.4014368363    -22.3912656751      0.0000000000      0.0000000000
   118 1    -19.5268428772    -19.5154247444      0.0000000000      0.0000000000
   119 1    -22.3977084458    -22.3843326841      0.0000000000      0.0000000000
   120 1    -22.6109723457    -22.6021600443      0.0000000000      0.0000000000
   121 1    -12.1004769272    -12.0964880584      0.0000000000      0.0000000000
   122 1    -19.5421972003    -19.5315535236      0.0000000000      0.0000000000
   123 1    -19.5302069686    -19.5192537319      0.0000000000      0.0000000000
   124 1    -20.1342759622    -20.1283705015      0.0000000000      0.0000000000
   125 1    -17.8904019690    -17.8835626015      0.0000000000      0.0000000000
   126 1     -9.6475101071     -9.6453432950      0.0000000000      0.0000000000
   127 1    -12.0912952578    -12.0874485318      0.0000000000      0.0000000000
   128 1    -20.1581105953    -20.1520624711      0.0000000000      0.0000000000
   129 1    -20.1444666878    -20.1379605933      0.0000000000      0.0000000000
   130 1    -17.8804058809    -17.8737871258      0.0000000000      0.0000000000
   131 1    -17.0691861004    -17.0606167472      0.0000000000      0.0000000000
   132 1    -19.5215513185    -19.5102271207      0.0000000000      0.0000000000
   133 1    -22.6087065113    -22.6006475242      0.0000000000      0.0000000000
   134 1    -22.6110378037    -22.6028987805      0.0000000000      0.0000000000
   135 1    -19.4840223964    -19.4737542559      0.0000000000      0.0000000000
   136 1    -19.8900893700    -19.8828612773      0.0000000000      0.0000000000
   137 1    -19.5259745474    -19.5151958188      0.0000000000      0.0000000000
   138 1    -16.2751771139    -16.2677736208      0.0000000000      0.0000000000
   139 1     -9.6534410721     -9.6512560410      0.0000000000      0.0000000000
   140 1    -22.3671369703    -22.3553598976      0.0000000000      0.0000000000
   141 1    -30.0899361314    -30.0713256936      0.0000000000      0.0000000000
   142 1    -22.3949881359    -22.3830748316      0.0000000000      0.0000000000
   143 1    -16.2693420027    -16.2619736587      0.0000000000      0.0000000000
   144 1    -22.3911867352    -22.3788251444      0.0000000000      0.0000000000
   145 1    -19.4864840202    -19.4761957600      0.0000000000      0.0000000000
   146 1    -19.5342370264    -19.5230297409      0.0000000000      0.0000000000
   147 1     -9.6588486839     -9.6566648518      0.0000000000      0.0000000000
   148 1     -9.6703702971     -9.6681639668      0.0000000000      0.0000000000
   149 1    -19.5250781025    -19.5144669839      0.0000000000      0.0000000000
   150 1     -9.6645698103     -9.6623925990      0.0000000000      0.0000000000
   151 1     -9.6572248214     -9.6550271749      0.0000000000      0.0000000000
   152 1    -23.8733720796    -23.8591584821      0.0000000000      0.0000000000
   153 1    -19.5249243259    -19.5138363156      0.0000000000      0.0000000000
   154 1    -22.3862409251    -22.3746067650      0.0000000000      0.0000000000
   155 1    -17.0593263829    -17.0505076712      0.0000000000      0.0000000000
   156 1    -27.2377223973    -27.2220563177      0.0000000000      0.0000000000
   157 1    -22.3751447460    -22.3662220196      0.0000000000      0.0000000000
   158 1    -27.1986392112    -27.1835891146      0.0000000000      0.0000000000
   159 1    -20.1318816359    -20.1254901717      0.0000000000      0.0000000000
   160 1    -22.3802688021    -22.3702542920      0.0000000000      0.0000000000
   161 1    -19.5408385407    -19.5295258008      0.0000000000      0.0000000000
   162 1    -16.2861937514    -16.2788009170      0.0000000000      0.0000000000
   163 1    -19.5396007268    -19.5284913238      0.0000000000      0.0000000000
   164 1    -22.6310617182    -22.6218110853      0.0000000000      0.0000000000
   165 1    -19.5439188217    -19.5328930971      0.0000000000      0.0000000000
   166 1    -14.5286632219    -14.5228656813      0.0000000000      0.0000000000
   167 1     -9.6495492647     -9.6473725445      0.0000000000      0.0000000000
   168 1    -22.7585872918    -22.7480024610      0.0000000000      0.0000000000
   169 1    -22.3721287393    -22.3598906309      0.0000000000      0.0000000000
   170 1    -12.1168115418    -12.1128278703      0.0000000000      0.0000000000
   171 1    -19.5418455140    -19.5309832858      0.0000000000      0.0000000000
   172 1     -9.6585319470     -9.6563093709      0.0000000000      0.0000000000
   173 1    -17.8819247866    -17.8753296118      0.0000000000      0.0000000000
   174 1    -17.0585795731    -17.0497406482      0.0000000000      0.0000000000
   175 1    -19.5364374241    -19.5251794351      0.0000000000      0.0000000000
   176 1    -17.0684114308    -17.0599596934      0.0000000000      0.0000000000
   177 1     -9.6618550421     -9.6596324307      0.0000000000      0.0000000000
   178 1    -16.2580784956    -16.2506899933      0.0000000000      0.0000000000
   179 1    -17.8894228411    -17.8826936772      0.0000000000      0.0000000000
   180 1    -16.2751912106    -16.2678311655      0.0000000000      0.0000000000
   181 1    -17.0734161014    -17.0645655484      0.0000000000      0.0000000000
   182 1    -19.8985218335    -19.8910308924      0.0000000000      0.0000000000
   183 1    -19.5400851617    -19.5291244407      0.0000000000      0.0000000000
   184 1    -19.5380889049    -19.5267856110      0.0000000000      0.0000000000
   185 1     -9.6558945906     -9.6537189346      0.0000000000      0.0000000000
   186 1    -27.1913277282    -27.1758640416      0.0000000000      0.0000000000
   187 1    -19.8937906447    -19.8866369412      0.0000000000      0.0000000000
   188 1    -19.5246962604    -19.5135645935      0.0000000000      0.0000000000
   189 1    -19.5292894969    -19.5186013677      0.0000000000      0.0000000000
   190 1    -17.8765534902    -17.8697079993      0.0000000000      0.0000000000
   191 1    -22.3705255603    -22.3611680010      0.0000000000      0.0000000000
   192 1    -19.5232680267    -19.5122761209      0.0000000000      0.0000000000
   193 1     -9.6622117569     -9.6600352973      0.0000000000      0.0000000000
   194 1    -14.5191167110    -14.5138333138      0.0000000000      0.0000000000
   195 1    -17.9041607705    -17.8970127985      0.0000000000      0.0000000000
   196 1    -19.5346439464    -19.5240363926      0.0000000000      0.0000000000
   197 1    -19.9068176028    -19.8987698380      0.0000000000      0.0000000000
   198 1    -33.0298150478    -33.0102838419      0.0000000000      0.0000000000
   199 1     -4.0682705144     -4.0680494902      0.0000000000      0.0000000000
 $END   
 $FMOEND
   105   87  1        -57.3027599355          0.0003433607        -57.2657443528
                       -0.0327166220          0.0000000000
   107  105  1        -57.2918901134         -0.0000006763        -57.2582009469
                       -0.0052499991          0.0000000000
   106  105  1        -53.0910311808          0.0063842232        -53.0541917018
                       -0.0121854954          0.0000000000
   144  141  1        -52.4803681882         -0.0000003533        -52.4490030532
                        0.0011602967          0.0000000000
   198   70  1        -55.4267568227         -0.0000000018        -55.3952926745
                       -0.0252295393          0.0000000000
   158  156  1        -54.4573834999          0.0001823901        -54.4211521586
                       -0.0144480755          0.0000000000
   105   92  1        -52.4562946970          0.0000000004        -52.4280697343
                       -0.0002434127          0.0000000000
    58   42  1        -52.4570166824         -0.0000014873        -52.4275835754
                        0.0008235367          0.0000000000
     6    3  1        -49.6058522795         -0.0000000048        -49.5757743135
                       -0.0013901160          0.0000000000
   192    6  1        -49.5980223916         -0.0000000000        -49.5679788956
                       -0.0007246961          0.0000000000
   123   99  1        -52.5656554922         -0.0000066916        -52.5334427321
                       -0.0047759650          0.0000000000
   198   93  1        -52.5547940753          0.0000130014        -52.5204791984
                       -0.0040988353          0.0000000000
   196   99  1        -52.5481811671          0.0000000348        -52.5173802509
                        0.0160720260          0.0000000000
    59   45  1        -49.6041682679          0.0000000023        -49.5765269032
                       -0.0090206195          0.0000000000
     8    7  1        -50.1429499759          0.0087913420        -50.1097196404
                        0.0403134421          0.0000000000
    59   41  1        -49.5817585758         -0.0000002755        -49.5535986407
                       -0.0075415528          0.0000000000
   158  144  1        -49.5984999638          0.0000000569        -49.5708964182
                       -0.0084820970          0.0000000000
    57   43  1        -49.5805703240          0.0000000003        -49.5526311802
                        0.0302532858          0.0000000000
   105   88  1        -49.9790987816          0.0000000078        -49.9532569066
                        0.0052489558          0.0000000000
   198  197  1        -53.5655747671          0.0038686759        -53.5318387608
                       -0.0322618088          0.0000000000
   198   11  1        -50.0935619343         -0.0000000185        -50.0645756997
                       -0.0017170208          0.0000000000
    61   59  1        -49.5896735102          0.0000001800        -49.5637787339
                       -0.0027744482          0.0000000000
   158  157  1        -50.2031503517          0.0134086111        -50.1715637562
                       -0.0254454980          0.0000000000
   105   96  1        -47.9800549369          0.0000000063        -47.9543340240
                        0.0012830061          0.0000000000
   160  158  1        -49.5822221847          0.0000002292        -49.5564772337
                       -0.0026590379          0.0000000000
     6    4  1        -47.9686008518          0.0000142783        -47.9393169510
                        0.0046352345          0.0000000000
   158  137  1        -46.7302437325          0.0000685797        -46.6980151273
                        0.0006322257          0.0000000000
    87   85  1        -46.7196897208         -0.0000017473        -46.6917739212
                       -0.0011860946          0.0000000000
   198   96  1        -50.9406468390          0.0011592450        -50.9112898241
                       -0.0132640138          0.0000000000
    99   96  1        -50.9297466681          0.0000000066        -50.9029338926
                       -0.0030883382          0.0000000000
   122  107  1        -46.7394933263         -0.0000533083        -46.7124119391
                        0.0068933875          0.0000000000
    14   13  1        -47.3879565823          0.0105209071        -47.3562406880
                       -0.0206890839          0.0000000000
    23    8  1        -46.7150613333         -0.0000230688        -46.6872906291
                        0.0095803281          0.0000000000
    87   84  1        -46.7099484799          0.0000000199        -46.6831329996
                        0.0020037862          0.0000000000
   113  112  1        -47.3771588281          0.0104948921        -47.3450591986
                       -0.0197033206          0.0000000000
   186   10  1        -46.7321184238          0.0000000136        -46.7056252547
                       -0.0031923549          0.0000000000
    66   14  1        -46.8048932613         -0.0001458824        -46.7774266177
                       -0.0307556359          0.0000000000
    21   14  1        -49.8729872264          0.0000001090        -49.8488465841
                       -0.0248807017          0.0000000000
   164  113  1        -49.9717163454         -0.0000260739        -49.9402764907
                       -0.1162997355          0.0000000000
   198   95  1        -47.5483065486          0.0001831903        -47.5161310996
                        0.0005900363          0.0000000000
   144  142  1        -44.7274092215         -0.0000639419        -44.7009700003
                        0.0611020855          0.0000000000
    53   47  1        -43.4029006913         -0.0000000002        -43.3754104263
                        0.0001523124          0.0000000000
    54   53  1        -44.0366148486          0.0115652528        -44.0052083938
                       -0.0238614122          0.0000000000
   152   50  1        -43.3944982886          0.0000000594        -43.3691270111
                       -0.0010745423          0.0000000000
   145  144  1        -42.4883005724          0.0083459563        -42.4595830144
                       -0.0250055454          0.0000000000
    88   87  1        -47.7151409379         -0.0071481736        -47.6860679970
                       -0.0271108344          0.0000000000
    36   20  1        -41.9075696928          0.0000094823        -41.8803997909
                        0.0002241264          0.0000000000
   176  158  1        -44.2707869104         -0.0000013732        -44.2436438629
                        0.0000084397          0.0000000000
    14   11  1        -44.2916452453         -0.0000000018        -44.2680550386
                        0.0010692738          0.0000000000
   174  158  1        -44.2547803144         -0.0000630729        -44.2277900485
                        0.0054156673          0.0000000000
   128    8  1        -47.5236028752          0.0002049356        -47.4992144437
                       -0.1587375248          0.0000000000
    58   43  1        -44.7496091830          0.0000030409        -44.7257447681
                        0.0063655552          0.0000000000
    87   30  1        -47.4199560600          0.0000069875        -47.3952635850
                       -0.0941431085          0.0000000000
   157  144  1        -44.7839215604         -0.0000194611        -44.7594926894
                       -0.0142307194          0.0000000000
   129    8  1        -47.4165957650         -0.0000000002        -47.3955576910
                       -0.0702985176          0.0000000000
    20   15  1        -41.9442570492          0.0000044161        -41.9181592325
                        0.0086039445          0.0000000000
   173  158  1        -45.0822115134          0.0000000893        -45.0596831603
                       -0.0007639567          0.0000000000
    20   19  1        -42.5677234499          0.0168068028        -42.5376393968
                       -0.0274425557          0.0000000000
    20   13  1        -41.9405958265          0.0000017494        -41.9129175620
                        0.0110900767          0.0000000000
    59   44  1        -43.4791359493          0.0000001009        -43.4562072112
                        0.0108019816          0.0000000000
   154  153  1        -42.5394139675          0.0008014428        -42.5107542806
                       -0.0205290732          0.0000000000
   171  169  1        -41.9195354491          0.0000002876        -41.8956794292
                       -0.0048377128          0.0000000000
   156  138  1        -43.5284136294          0.0000000267        -43.5051977677
                       -0.0153678093          0.0000000000
   109  106  1        -41.9272015178          0.0000000041        -41.9036290410
                        0.0077276676          0.0000000000
    79   57  1        -43.5015252773          0.0000000174        -43.4784464311
                       -0.0111029301          0.0000000000
   119  118  1        -42.5498415953          0.0226606250        -42.5185863042
                       -0.0225996213          0.0000000000
   158  138  1        -43.4810078756         -0.0000258448        -43.4565835486
                       -0.0051853107          0.0000000000
   134  119  1        -45.0686410022         -0.0000000004        -45.0468463243
                       -0.0596148427          0.0000000000
    70   65  1        -45.0681481150         -0.0000467355        -45.0444618873
                       -0.0679843800          0.0000000000
    93   69  1        -42.2830284754         -0.0000056464        -42.2576700190
                        0.0023693462          0.0000000000
   168  165  1        -42.3002559952          0.0000002260        -42.2766522658
                        0.0042566143          0.0000000000
   192  168  1        -42.2831663376          0.0000061074        -42.2577820439
                        0.0023327525          0.0000000000
   135  132  1        -39.0074531114         -0.0000060220        -38.9839610227
                        0.0001757864          0.0000000000
    54   46  1        -39.0274368847         -0.0000000100        -39.0048626609
                        0.0004135622          0.0000000000
    36   15  1        -39.0405489715         -0.0000104251        -39.0171365439
                        0.0001550530          0.0000000000
   160  157  1        -44.7573416467         -0.0000000081        -44.7382721425
                       -0.0017958338          0.0000000000
   117  114  1        -41.9337587493          0.0000020535        -41.9106198735
                        0.0041254241          0.0000000000
   175  157  1        -41.9211182735          0.0000790773        -41.8949555959
                       -0.0036218484          0.0000000000
   191  188  1        -41.9086322793          0.0000117862        -41.8830521929
                       -0.0081312766          0.0000000000
     3    2  1        -42.5363999200          0.0125255909        -42.5095137042
                       -0.0270638552          0.0000000000
   191    5  1        -41.8931700073         -0.0000000007        -41.8722235476
                       -0.0026164391          0.0000000000
    76   58  1        -41.9073675896          0.0000244614        -41.8814936304
                       -0.0040947378          0.0000000000
    92   89  1        -41.9065093255          0.0000235622        -41.8814739570
                       -0.0062215920          0.0000000000
   189  188  1        -39.6750232425          0.0016001454        -39.6475064236
                       -0.0130082329          0.0000000000
   122  109  1        -39.0860712899          0.0000145195        -39.0571554105
                       -0.0030828970          0.0000000000
    56   55  1        -40.0798774584          0.0136586429        -40.0524796396
                       -0.0309684235          0.0000000000
    38   15  1        -39.0832042554          0.0000017255        -39.0585057892
                       -0.0001707085          0.0000000000
    90   66  1        -39.0728270021         -0.0000000097        -39.0503756262
                       -0.0001972862          0.0000000000
   189    5  1        -39.0500781747         -0.0000049109        -39.0253549210
                        0.0017212922          0.0000000000
   184  123  1        -39.0791514415         -0.0005611182        -39.0520293349
                       -0.0126219667          0.0000000000
   132  114  1        -39.0566747952         -0.0000072720        -39.0322695548
                        0.0011452559          0.0000000000
   118  114  1        -39.0780079936          0.0001634731        -39.0535496714
                       -0.0149783765          0.0000000000
   165  114  1        -39.0708762292          0.0000000274        -39.0483523303
                        0.0078201136          0.0000000000
   163  114  1        -39.0871950753          0.0000396053        -39.0589425965
                       -0.0070030469          0.0000000000
   184  163  1        -39.0778943819         -0.0000000273        -39.0545735979
                        0.0007136418          0.0000000000
    66   24  1        -39.0599627803          0.0000029548        -39.0367646135
                        0.0009341115          0.0000000000
   184  122  1        -39.0845873013          0.0000003040        -39.0605623548
                       -0.0022230792          0.0000000000
   118  112  1        -39.0698265001         -0.0000000017        -39.0465301348
                       -0.0003435940          0.0000000000
    89   76  1        -39.0533909097         -0.0000000137        -39.0308354064
                       -0.0006403391          0.0000000000
   123  102  1        -39.0684881873         -0.0000020769        -39.0446628832
                        0.0016007236          0.0000000000
    93   24  1        -39.0350631815         -0.0000000145        -39.0125601366
                        0.0007980734          0.0000000000
    24   10  1        -39.0796027900          0.0000970274        -39.0549565349
                       -0.0212936542          0.0000000000
    84   23  1        -39.0608939857         -0.0003555400        -39.0350014661
                       -0.0088598480          0.0000000000
   196   97  1        -39.0882348624          0.0000378473        -39.0608385063
                       -0.0096766686          0.0000000000
    62   38  1        -39.0757495583         -0.0000022913        -39.0503658754
                        0.0008702106          0.0000000000
   104   97  1        -39.0709417945         -0.0000036919        -39.0457775729
                       -0.0022256180          0.0000000000
    89   85  1        -39.0582453949         -0.0000117471        -39.0332810201
                        0.0018566952          0.0000000000
    15   13  1        -39.0853229535          0.0000007585        -39.0607688324
                       -0.0002446616          0.0000000000
   104   90  1        -39.0597519430         -0.0000074110        -39.0348379795
                        0.0017355064          0.0000000000
    85   66  1        -39.0771730949         -0.0000052326        -39.0515503280
                        0.0015886083          0.0000000000
    97    5  1        -39.0569547116         -0.0000000282        -39.0341703477
                        0.0009473867          0.0000000000
   109  104  1        -39.0622703164          0.0000000031        -39.0397774300
                       -0.0002035636          0.0000000000
   196    5  1        -39.0592777652         -0.0000006330        -39.0345647103
                       -0.0019875949          0.0000000000
   188  165  1        -39.0696258246          0.0000016143        -39.0457270881
                        0.0007798960          0.0000000000
   184  132  1        -39.0524562767          0.0000003187        -39.0279447092
                        0.0090528171          0.0000000000
    54   47  1        -39.0711395692         -0.0000009423        -39.0449734085
                        0.0048345263          0.0000000000
   149   33  1        -39.0568427228          0.0000000007        -39.0349076405
                       -0.0014537123          0.0000000000
   137  132  1        -39.0469048632         -0.0000000095        -39.0242936267
                        0.0011321687          0.0000000000
    93   72  1        -39.0759266620          0.0000000202        -39.0536117903
                       -0.0033637339          0.0000000000
   104  102  1        -39.0699683722          0.0000063488        -39.0455493274
                       -0.0014320224          0.0000000000
   183  134  1        -42.1499331368         -0.0000000077        -42.1307932981
                        0.0012299192          0.0000000000
   120  109  1        -42.1552514775          0.0000003206        -42.1335396078
                       -0.0085330418          0.0000000000
   120  118  1        -42.1463558928          0.0000003583        -42.1254317493
                       -0.0078803034          0.0000000000
    85   34  1        -42.1414500267          0.0000000073        -42.1218890753
                        0.0061509671          0.0000000000
   165  164  1        -42.7809838360          0.0164948743        -42.7548249965
                       -0.0022506471          0.0000000000
    21   13  1        -42.1598852034          0.0004644475        -42.1368429836
                       -0.0019107963          0.0000000000
    65   64  1        -42.7727661536          0.0051406605        -42.7477537087
                       -0.0247928063          0.0000000000
   120  112  1        -42.1551251587          0.0004495316        -42.1320733829
                       -0.0020824135          0.0000000000
   193   99  1        -42.6900295179         -0.0000576273        -42.6661613628
                        0.0033489022          0.0000000000
    20   12  1        -40.2835026787          0.0000000865        -40.2630515232
                        0.0023614840          0.0000000000
   178  154  1        -38.6407360348          0.0000000014        -38.6209512552
                        0.0043455431          0.0000000000
    79   55  1        -38.6460837958         -0.0000000004        -38.6254445064
                        0.0048085654          0.0000000000
    37   36  1        -39.9990946309          0.0056574263        -39.9752763279
                       -0.0222810181          0.0000000000
   143  140  1        -38.6440323134          0.0000000005        -38.6247690927
                       -0.0074355257          0.0000000000
   182  135  1        -39.3819449615         -0.0000000016        -39.3640045548
                        0.0007805956          0.0000000000
   136  135  1        -39.9892419953         -0.0003937949        -39.9661711370
                       -0.0204752558          0.0000000000
   176  135  1        -36.5536188158          0.0000633376        -36.5311696269
                        0.0022553979          0.0000000000
   197    2  1        -42.3050167888          0.0000633229        -42.2819567191
                       -0.0114716371          0.0000000000
   186  127  1        -39.2887259124          0.0000084016        -39.2678432471
                       -0.0046174135          0.0000000000
   102   98  1        -39.4432696181         -0.0011024486        -39.4212160732
                       -0.0116175502          0.0000000000
   179  135  1        -37.3738961621         -0.0000000029        -37.3568080967
                       -0.0003601648          0.0000000000
   188  187  1        -40.0644266727          0.0061126267        -40.0369274976
                       -0.0315676635          0.0000000000
    39   36  1        -35.7696236388         -0.0000000010        -35.7520159253
                       -0.0020349236          0.0000000000
    79   36  1        -35.7586701353         -0.0000000008        -35.7411524997
                        0.0006735496          0.0000000000
   157  155  1        -39.4369848600          0.0000003897        -39.4178340952
                       -0.0011331928          0.0000000000
    38   37  1        -40.0727108515          0.0079466138        -40.0484713167
                       -0.0261855316          0.0000000000
   187  175  1        -39.4328361764         -0.0000000374        -39.4142480308
                       -0.0024316800          0.0000000000
    75   61  1        -39.4648649922          0.0000000534        -39.4456724407
                       -0.0052518370          0.0000000000
   182  132  1        -39.4263711555          0.0000162363        -39.4035334384
                       -0.0019756426          0.0000000000
    98   97  1        -40.0559415279          0.0105627204        -40.0298835916
                       -0.0257686937          0.0000000000
    76   75  1        -37.2091491379          0.0069125885        -37.1829948999
                       -0.0227052020          0.0000000000
    82   23  1        -36.5878838183          0.0000007404        -36.5666255758
                        0.0022509906          0.0000000000
    54   32  1        -36.6103552111          0.0000000604        -36.5900642271
                        0.0006510517          0.0000000000
    82   24  1        -36.5879061446         -0.0000000107        -36.5684699828
                       -0.0018686313          0.0000000000
   123  110  1        -36.6132669991         -0.0000110648        -36.5888700777
                        0.0022354909          0.0000000000
   122  110  1        -36.6432658568          0.0002843912        -36.6215238364
                       -0.0187988712          0.0000000000
   149   32  1        -36.5943850952          0.0000005090        -36.5734147383
                        0.0014301057          0.0000000000
   110  102  1        -36.6207984517         -0.0000003043        -36.5998980742
                       -0.0004205393          0.0000000000
    83   21  1        -42.5408286358          0.0000001694        -42.5237954190
                       -0.0079494790          0.0000000000
    89   75  1        -36.6018577486         -0.0000000387        -36.5805855075
                       -0.0001537709          0.0000000000
    76   32  1        -36.6120114885         -0.0004497938        -36.5867422085
                       -0.0084108939          0.0000000000
    23   11  1        -36.6017820238          0.0004175922        -36.5803639812
                       -0.0206439422          0.0000000000
    89   32  1        -36.5945421131         -0.0000000118        -36.5745031400
                       -0.0018076954          0.0000000000
    11    3  1        -36.5929679837         -0.0000001014        -36.5721907711
                       -0.0002134799          0.0000000000
   176  175  1        -37.2268664657          0.0101919765        -37.2013456660
                       -0.0251969739          0.0000000000
    61   60  1        -43.1490069378          0.0156742545        -43.1264975640
                       -0.0098096391          0.0000000000
   184  131  1        -36.6230269040         -0.0001440896        -36.6015467205
                       -0.0143819900          0.0000000000
    56   47  1        -36.6099905382          0.0000023817        -36.5854236676
                       -0.0003255533          0.0000000000
   183  128  1        -39.7029167249         -0.0000000080        -39.6857473218
                       -0.0045604415          0.0000000000
   183  124  1        -39.6830312365         -0.0000233120        -39.6634745571
                       -0.0064743628          0.0000000000
     4    2  1        -40.2741983978          0.0000002647        -40.2565107617
                        0.0035867199          0.0000000000
    90   29  1        -39.6958220129         -0.0000000079        -39.6788221187
                       -0.0054577427          0.0000000000
    89   30  1        -39.6548271826          0.0000000209        -39.6368342102
                        0.0087289188          0.0000000000
    92   74  1        -40.2397490351          0.0000029768        -40.2235794910
                       -0.0015474626          0.0000000000
    84   25  1        -39.6827125328          0.0000063505        -39.6625065286
                       -0.0079036956          0.0000000000
   157  143  1        -38.6667582157          0.0012654767        -38.6482993918
                       -0.0237163646          0.0000000000
    25   10  1        -39.6697782645          0.0000000545        -39.6526541059
                        0.0111351816          0.0000000000
    47   30  1        -39.6752954183         -0.0000000066        -39.6567820932
                       -0.0042814005          0.0000000000
   189  128  1        -39.6930523933         -0.0000000024        -39.6761700071
                       -0.0055061671          0.0000000000
   133  131  1        -39.6830580015          0.0000005112        -39.6655499295
                       -0.0043208528          0.0000000000
   174  133  1        -39.6710438875          0.0000000273        -39.6540710005
                       -0.0036827929          0.0000000000
   196   25  1        -39.6833037567          0.0000001519        -39.6661383083
                       -0.0048767230          0.0000000000
   176  133  1        -39.6816023320         -0.0000594758        -39.6632225299
                       -0.0023005719          0.0000000000
   114  111  1        -37.4013423888         -0.0000000008        -37.3837604795
                       -0.0011178157          0.0000000000
   196  195  1        -38.0417435113          0.0079474506        -38.0186782884
                       -0.0155728871          0.0000000000
   196    4  1        -37.4497517053          0.0004662396        -37.4303749136
                       -0.0185947642          0.0000000000
    80   33  1        -37.4100002175          0.0000343533        -37.3900871999
                       -0.0025863525          0.0000000000
    74   72  1        -37.4248741273          0.0000009036        -37.4065415585
                       -0.0029722692          0.0000000000
    93   91  1        -37.4017386032          0.0000373404        -37.3809717220
                       -0.0048437553          0.0000000000
   190    5  1        -37.3950343581         -0.0000110681        -37.3741212328
                        0.0040167192          0.0000000000
   195  192  1        -37.4294931056          0.0000000696        -37.4111293260
                       -0.0018398506          0.0000000000
   175  173  1        -37.4196257450          0.0000006858        -37.3994733453
                        0.0010016767          0.0000000000
    79   33  1        -35.7967040439          0.0000000006        -35.7778941931
                       -0.0023844761          0.0000000000
   123  108  1        -35.7986211414          0.0000013674        -35.7777328358
                        0.0044384177          0.0000000000
    23    9  1        -35.7872419230         -0.0000183138        -35.7665003807
                        0.0005360709          0.0000000000
    90   31  1        -37.4253790830         -0.0000000160        -37.4077854341
                       -0.0018864881          0.0000000000
   190  184  1        -37.4168932084          0.0000000299        -37.3986171008
                       -0.0021233902          0.0000000000
   125   23  1        -37.4103842611          0.0000000039        -37.3929374291
                        0.0001421255          0.0000000000
     4    3  1        -38.0497178002          0.0035987399        -38.0256495400
                       -0.0245757596          0.0000000000
    12   10  1        -37.4149405184          0.0000004244        -37.3967526621
                        0.0001857730          0.0000000000
    90   26  1        -37.4148148025         -0.0000219517        -37.3944678665
                       -0.0005416390          0.0000000000
   188  173  1        -37.4088234198          0.0000031236        -37.3900903863
                       -0.0012698222          0.0000000000
    26   24  1        -37.3955768546          0.0000004216        -37.3770887197
                        0.0042866894          0.0000000000
   184  130  1        -37.4280126820         -0.0000192844        -37.4060037809
                       -0.0053268682          0.0000000000
   125   90  1        -37.4205886987         -0.0000000099        -37.4028916341
                        0.0004792080          0.0000000000
    33   31  1        -37.4229948827          0.0000004332        -37.4031618733
                        0.0019178978          0.0000000000
    95   92  1        -36.8850440792          0.0000001394        -36.8698578389
                        0.0011471642          0.0000000000
   111  109  1        -37.4005647981          0.0000003912        -37.3822441955
                       -0.0001655473          0.0000000000
    89   74  1        -37.3917205341          0.0000015325        -37.3726514715
                       -0.0009546022          0.0000000000
    81   54  1        -35.8215650126         -0.0000000091        -35.8027937831
                       -0.0012158372          0.0000000000
   123  111  1        -37.3976520526         -0.0000000162        -37.3798125573
                       -0.0012007203          0.0000000000
   125  123  1        -37.4176991719          0.0000001807        -37.3992206860
                        0.0035686842          0.0000000000
   104  103  1        -38.0295782445          0.0044929414        -38.0050890713
                       -0.0206516312          0.0000000000
    91   90  1        -38.0217554143          0.0005258099        -37.9977596597
                       -0.0157843275          0.0000000000
    24   12  1        -37.3967353953         -0.0000000100        -37.3789752737
                       -0.0012505852          0.0000000000
    67    3  1        -34.0461843635          0.0000000110        -34.0292766728
                        0.0006895316          0.0000000000
   194  123  1        -34.0496426894         -0.0000000214        -34.0324721895
                        0.0006322199          0.0000000000
   166  123  1        -34.0592545822         -0.0000000071        -34.0418866091
                        0.0002339099          0.0000000000
   166  165  1        -34.6805310117          0.0051479238        -34.6570649613
                       -0.0216346554          0.0000000000
    79   35  1        -38.8672198281          0.0000003070        -38.8506894947
                        0.0097603461          0.0000000000
   194  189  1        -34.0492297948         -0.0000015184        -34.0300795271
                        0.0027033144          0.0000000000
   179  134  1        -40.5036098334          0.0000019689        -40.4878367839
                       -0.0022917193          0.0000000000
   164  162  1        -38.9285202872          0.0000021367        -38.9107011707
                       -0.0101121452          0.0000000000
    93   67  1        -34.0364284846          0.0000000165        -34.0193150073
                       -0.0027257590          0.0000000000
   194    5  1        -34.0378924166          0.0000043720        -34.0197187030
                        0.0026157928          0.0000000000
   126    8  1        -36.8500795506          0.0000000096        -36.8332739686
                       -0.0006320764          0.0000000000
   115  113  1        -36.8482260176          0.0000000818        -36.8288147815
                        0.0111334042          0.0000000000
    78   57  1        -36.9115275051         -0.0013105979        -36.8915472121
                       -0.0224707989          0.0000000000
   158  139  1        -36.8552745488         -0.0000014365        -36.8366072160
                       -0.0017521182          0.0000000000
    87   86  1        -37.4462053878         -0.0009626032        -37.4251949471
                       -0.0249677602          0.0000000000
   182  131  1        -36.9699313338         -0.0000000006        -36.9534681626
                       -0.0018204939          0.0000000000
    88   32  1        -36.9672493251          0.0000001234        -36.9511577160
                        0.0024846600          0.0000000000
   182  181  1        -37.5868879542          0.0074119422        -37.5650464546
                       -0.0201209164          0.0000000000
    88   29  1        -40.0549729714          0.0000000585        -40.0411014538
                        0.0057670908          0.0000000000
   155  131  1        -34.1294605072         -0.0000027191        -34.1109423390
                        0.0002364235          0.0000000000
    71   70  1        -35.1150912543          0.0131803230        -35.0932256917
                       -0.0329899569          0.0000000000
   187  125  1        -37.7841408478          0.0000000006        -37.7700424526
                        0.0001570972          0.0000000000
   174  129  1        -37.1958658849          0.0000000296        -37.1802031382
                        0.0074981579          0.0000000000
   131  129  1        -37.2079176433          0.0000001162        -37.1918137476
                        0.0067410841          0.0000000000
    88   74  1        -37.7607682654          0.0000007054        -37.7451914157
                        0.0075532102          0.0000000000
    39   37  1        -36.1712468684          0.0000002749        -36.1555915913
                        0.0014764591          0.0000000000
   182  180  1        -36.1744215942          0.0000002319        -36.1586011435
                        0.0002442075          0.0000000000
    88   31  1        -37.8156351099         -0.0001205551        -37.7986338926
                       -0.0185895381          0.0000000000
   197  195  1        -37.8297205351          0.0002149802        -37.8117782074
                       -0.0157983005          0.0000000000
    29   25  1        -40.2326859720          0.0000004084        -40.2202457788
                        0.0705250584          0.0000000000
   178  176  1        -33.3287937957          0.0000010114        -33.3122564397
                       -0.0016402056          0.0000000000
    75   63  1        -33.3520472089          0.0000000029        -33.3356060706
                       -0.0013778431          0.0000000000
   152  147  1        -33.5462142612          0.0000752566        -33.5233073164
                       -0.0073908924          0.0000000000
   176  173  1        -34.9518625903          0.0000000167        -34.9367216785
                       -0.0014323368          0.0000000000
   152  151  1        -34.1335680225          0.0053267914        -34.1133663019
                       -0.0308731529          0.0000000000
    11    9  1        -33.3223172990          0.0000001882        -33.3051150240
                        0.0050895370          0.0000000000
    12   11  1        -35.5630944777          0.0121955646        -35.5418689895
                       -0.0233370704          0.0000000000
   178  155  1        -33.3286975002          0.0000144860        -33.3104932238
                       -0.0093814996          0.0000000000
    69    1  1        -34.3719616510         -0.0000000521        -34.3536194653
                        0.0131691655          0.0000000000
   176  138  1        -33.3456714769          0.0000000147        -33.3297460817
                       -0.0020127393          0.0000000000
    82   81  1        -33.9808635064          0.0119664546        -33.9582037129
                       -0.0219554117          0.0000000000
    53   52  1        -34.1353572046          0.0043524250        -34.1152271299
                       -0.0301503103          0.0000000000
   128  125  1        -38.0420873861          0.0000000365        -38.0287395757
                        0.0068843125          0.0000000000
   108   29  1        -36.4242170885         -0.0000000075        -36.4105126755
                        0.0057969289          0.0000000000
   128    9  1        -36.4166165500         -0.0000000066        -36.4030146452
                        0.0067094033          0.0000000000
    31   29  1        -38.0458035151          0.0000002986        -38.0323020037
                        0.0073241377          0.0000000000
    29   26  1        -38.0349204004          0.0000000581        -38.0214198221
                        0.0062161698          0.0000000000
   130  129  1        -38.6497316596          0.0160908194        -38.6318143372
                       -0.0093397506          0.0000000000
    81   80  1        -34.7861182306          0.0083426486        -34.7648371597
                       -0.0338312486          0.0000000000
   173  130  1        -35.7619778107         -0.0000000050        -35.7483914221
                        0.0007253351          0.0000000000
    26    9  1        -34.1461148007         -0.0000000028        -34.1317343855
                        0.0000077017          0.0000000000
   180  178  1        -32.5292101806          0.0000001708        -32.5136616440
                        0.0048311823          0.0000000000
    96   91  1        -35.7717199462          0.0000001868        -35.7569026221
                        0.0038428354          0.0000000000
   125    9  1        -34.1518689542         -0.0000198139        -34.1358266114
                        0.0054013630          0.0000000000
   191  170  1        -34.4937224000          0.0000123742        -34.4779377258
                       -0.0038685872          0.0000000000
   194  125  1        -32.4091573523         -0.0000000028        -32.3967168460
                        0.0006790908          0.0000000000
    85   22  1        -31.6549913926          0.0000047285        -31.6374464984
                        0.0019082312          0.0000000000
   122   28  1        -31.6329729279         -0.0000081832        -31.6173540089
                       -0.0039636433          0.0000000000
    55   48  1        -32.0429411994          0.0000000599        -32.0276774537
                        0.0040276018          0.0000000000
    48   45  1        -32.0576819479         -0.0000000010        -32.0430072206
                       -0.0061704996          0.0000000000
    73   70  1        -32.0474176181         -0.0000000009        -32.0332876698
                       -0.0087577980          0.0000000000
    22   13  1        -31.6616680010         -0.0000310788        -31.6436496403
                        0.0019256640          0.0000000000
   189  170  1        -31.6492843795          0.0000000163        -31.6342398573
                       -0.0028109061          0.0000000000
    84   22  1        -31.6513082308         -0.0000100811        -31.6344868292
                       -0.0004603314          0.0000000000
    72   71  1        -32.2912634430         -0.0002881067        -32.2715894541
                       -0.0233475299          0.0000000000
   150   55  1        -32.0505783353          0.0000000007        -32.0357479284
                        0.0003749491          0.0000000000
   169  167  1        -32.0173233458          0.0000000440        -32.0022895349
                        0.0049479039          0.0000000000
   184  127  1        -31.6302615715          0.0000000233        -31.6148486702
                       -0.0006144749          0.0000000000
   165  121  1        -31.6436526963         -0.0000000100        -31.6284525202
                        0.0009286413          0.0000000000
    71   65  1        -34.7462524742          0.0007431430        -34.7323735260
                       -0.0122110213          0.0000000000
    36   17  1        -29.1515939465         -0.0000000012        -29.1393459428
                       -0.0010187015          0.0000000000
    36   16  1        -29.1560698480          0.0000000045        -29.1435077734
                        0.0002874744          0.0000000000
    48   46  1        -29.1477309299          0.0000006611        -29.1347745283
                       -0.0019266260          0.0000000000
   117  115  1        -32.0567562279         -0.0000157675        -32.0421141845
                       -0.0131324640          0.0000000000
    92   73  1        -32.0386678953          0.0000129369        -32.0251283379
                        0.0008095498          0.0000000000
    83   22  1        -32.0517667898         -0.0005521319        -32.0368412348
                       -0.0129959408          0.0000000000
    78   33  1        -29.1953238959          0.0000003840        -29.1812964409
                       -0.0020140950          0.0000000000
   149   48  1        -29.1865457300          0.0000000083        -29.1730900006
                       -0.0006449064          0.0000000000
   118  116  1        -29.1844195332          0.0000001713        -29.1696098373
                        0.0014230550          0.0000000000
   150  149  1        -29.8109819158          0.0023503150        -29.7923345726
                       -0.0242358435          0.0000000000
    90   27  1        -29.1905431961          0.0000001947        -29.1773753976
                       -0.0024165117          0.0000000000
   150   50  1        -29.1922061103          0.0000018908        -29.1782424083
                       -0.0070253771          0.0000000000
   153  148  1        -29.1957942701          0.0000002769        -29.1821741353
                       -0.0001772232          0.0000000000
   149   51  1        -29.1702870237          0.0000000156        -29.1567739914
                       -0.0018677468          0.0000000000
    78   76  1        -29.1918381484          0.0000003271        -29.1777725253
                        0.0003264425          0.0000000000
   137  115  1        -29.1661760669          0.0000000010        -29.1530245033
                        0.0000501553          0.0000000000
   193  189  1        -29.1904467120          0.0000000032        -29.1772056229
                        0.0014309328          0.0000000000
    51   50  1        -29.7867889579          0.0087346876        -29.7676583392
                       -0.0212515719          0.0000000000
    73   72  1        -29.8239364171          0.0135009611        -29.8051110189
                       -0.0182469057          0.0000000000
    82   22  1        -29.1885021841          0.0000000048        -29.1757049440
                        0.0002945023          0.0000000000
    62   16  1        -29.1963841779          0.0000000008        -29.1827527041
                        0.0001512250          0.0000000000
    50   49  1        -29.7825115297          0.0070209860        -29.7668955678
                       -0.0298408321          0.0000000000
   188  185  1        -29.1803223925         -0.0000000438        -29.1661999275
                        0.0010837931          0.0000000000
   188  172  1        -29.1847412674         -0.0000015669        -29.1695165245
                        0.0003687316          0.0000000000
   181  121  1        -29.1736310711         -0.0000000051        -29.1605756655
                        0.0004779526          0.0000000000
    32   28  1        -29.1539701851          0.0000000073        -29.1413063865
                        0.0009705745          0.0000000000
   147   50  1        -29.1795657719          0.0000000077        -29.1662685710
                       -0.0007097201          0.0000000000
   149   52  1        -29.2000689606         -0.0000000004        -29.1869667318
                        0.0027482965          0.0000000000
   153   51  1        -29.1736947405          0.0000047499        -29.1579631393
                       -0.0036563735          0.0000000000
    94   90  1        -29.1890004855         -0.0000000004        -29.1757425459
                        0.0018442499          0.0000000000
    54   48  1        -29.2221069989         -0.0001349509        -29.2067648504
                       -0.0201381388          0.0000000000
   164  115  1        -32.2800751366          0.0000000093        -32.2683231706
                       -0.0086332319          0.0000000000
   129  127  1        -32.2371572511         -0.0000002530        -32.2258032369
                       -0.0004102166          0.0000000000
   177  134  1        -32.2822131430          0.0000053390        -32.2700455113
                       -0.0074718029          0.0000000000
    29   28  1        -32.8725623359         -0.0171542453        -32.8580413556
                       -0.0196580820          0.0000000000
   108   28  1        -28.3576895688          0.0000000015        -28.3461638524
                       -0.0014637233          0.0000000000
   170  162  1        -28.4038365265         -0.0000000094        -28.3921511976
                       -0.0005223895          0.0000000000
   127    9  1        -28.3575327375          0.0000000027        -28.3460986198
                       -0.0009884927          0.0000000000
   166  100  1        -26.1559492682         -0.0000000008        -26.1432933314
                        0.0039968425          0.0000000000
   187  126  1        -29.5382021737          0.0000000150        -29.5288422665
                        0.0031379805          0.0000000000
    68   11  1        -26.7162806721          0.0000000863        -26.7050180176
                       -0.0019950731          0.0000000000
   155  147  1        -26.7196104094         -0.0000000011        -26.7084336752
                       -0.0012611438          0.0000000000
   174  172  1        -26.7193980470          0.0000003526        -26.7076981898
                       -0.0016860741          0.0000000000
   185  131  1        -26.7336457130          0.0000179377        -26.7223454509
                       -0.0079320809          0.0000000000
   124   27  1        -29.8297976724          0.0001140829        -29.8186208753
                       -0.0342064625          0.0000000000
   128  126  1        -29.8033534222         -0.0000001520        -29.7944914685
                        0.0028963550          0.0000000000
    27   25  1        -29.8265365560          0.0000196792        -29.8169624794
                       -0.0244694428          0.0000000000
   185  130  1        -27.5399238954         -0.0000958790        -27.5277393441
                        0.0001493439          0.0000000000
   139  138  1        -26.5602560913          0.0070509016        -26.5455326006
                       -0.0215597005          0.0000000000
   172  162  1        -25.9633559620          0.0000217039        -25.9523967029
                       -0.0167664235          0.0000000000
   173  172  1        -28.1441632891          0.0074163663        -28.1323679100
                       -0.0310008804          0.0000000000
    94   91  1        -27.5403509706          0.0000115303        -27.5299511660
                       -0.0018441661          0.0000000000
    96   94  1        -27.5587433265          0.0000002414        -27.5488191238
                       -0.0006438338          0.0000000000
    73   63  1        -25.9604527882          0.0002173556        -25.9493715106
                       -0.0182712824          0.0000000000
    95   94  1        -24.7805429595          0.0035667093        -24.7692399389
                       -0.0306697176          0.0000000000
    86   22  1        -21.7744095616         -0.0000000090        -21.7681719340
                       -0.0019273074          0.0000000000
    28   27  1        -22.3319644075          0.0034400662        -22.3224127075
                       -0.0244232134          0.0000000000
   126   28  1        -21.7305692837          0.0000000239        -21.7244625637
                        0.0028274720          0.0000000000
   150   52  1        -19.3413049161         -0.0000682078        -19.3350720932
                        0.0025747307          0.0000000000
   150   49  1        -19.3493072622          0.0000188795        -19.3439100597
                       -0.0048132819          0.0000000000
   151   52  1        -19.3392843752         -0.0000011766        -19.3331516903
                       -0.0030221495          0.0000000000
    52   48  1        -19.3364700624         -0.0000000010        -19.3319413096
                        0.0012849461          0.0000000000
   148   51  1        -19.3103609452          0.0000000004        -19.3055672819
                        0.0030358313          0.0000000000
   199  148  1        -13.7416608705          0.0000156970        -13.7387467656
                       -0.0024834992          0.0000000000
   105   42  1         -0.0000365022          0.0000000000         -0.0000365022
                       -0.0000365022          0.0000000000
   198  141  1          0.0000340452          0.0000000000          0.0000340452
                        0.0000340452          0.0000000000
   198  105  1          0.0011076085          0.0000000000          0.0011076085
                        0.0011076085          0.0000000000
   141  107  1          0.0001920838          0.0000000000          0.0001920838
                        0.0001920838          0.0000000000
   141   14  1          0.0000196422          0.0000000000          0.0000196422
                        0.0000196422          0.0000000000
   186   42  1          0.0001877572          0.0000000000          0.0001877572
                        0.0001877572          0.0000000000
    14    6  1         -0.0002609891          0.0000000000         -0.0002609891
                       -0.0002609891          0.0000000000
   158   42  1         -0.0000142603          0.0000000000         -0.0000142603
                       -0.0000142603          0.0000000000
    59    6  1          0.0000016176          0.0000000000          0.0000016176
                        0.0000016176          0.0000000000
    42   14  1         -0.0003873264          0.0000000000         -0.0003873264
                       -0.0003873264          0.0000000000
   198  156  1         -0.0138079728          0.0000000000         -0.0138079728
                       -0.0138079728          0.0000000000
    99    8  1         -0.0209153616          0.0000000000         -0.0209153616
                       -0.0209153616          0.0000000000
    99   57  1         -0.0136597338          0.0000000000         -0.0136597338
                       -0.0136597338          0.0000000000
   198   87  1         -0.0303139303          0.0000000000         -0.0303139303
                       -0.0303139303          0.0000000000
   152  105  1          0.0001213669          0.0000000000          0.0001213669
                        0.0001213669          0.0000000000
   152   42  1         -0.0000327012          0.0000000000         -0.0000327012
                       -0.0000327012          0.0000000000
   198   53  1          0.0003697643          0.0000000000          0.0003697643
                        0.0003697643          0.0000000000
    41    6  1         -0.0004361223          0.0000000000         -0.0004361223
                       -0.0004361223          0.0000000000
   105   20  1         -0.0013810212          0.0000000000         -0.0013810212
                       -0.0013810212          0.0000000000
    55    6  1         -0.0005361433          0.0000000000         -0.0005361433
                       -0.0005361433          0.0000000000
   141   70  1          0.0000231485          0.0000000000          0.0000231485
                        0.0000231485          0.0000000000
    20    6  1         -0.0009299329          0.0000000000         -0.0009299329
                       -0.0009299329          0.0000000000
   154   42  1          0.0002038759          0.0000000000          0.0002038759
                        0.0002038759          0.0000000000
   141   43  1          0.0001193343          0.0000000000          0.0001193343
                        0.0001193343          0.0000000000
   169    6  1          0.0002557745          0.0000000000          0.0002557745
                        0.0002557745          0.0000000000
   140   42  1          0.0001294506          0.0000000000          0.0001294506
                        0.0001294506          0.0000000000
   198   55  1         -0.0136447892          0.0000000000         -0.0136447892
                       -0.0136447892          0.0000000000
   113    8  1          0.0173041190          0.0000000000          0.0173041190
                        0.0173041190          0.0000000000
   198  144  1         -0.0177033715          0.0000000000         -0.0177033715
                       -0.0177033715          0.0000000000
   140   99  1         -0.0148146808          0.0000000000         -0.0148146808
                       -0.0148146808          0.0000000000
   156   14  1          0.0107641541          0.0000000000          0.0107641541
                        0.0107641541          0.0000000000
   154   99  1         -0.0135606961          0.0000000000         -0.0135606961
                       -0.0135606961          0.0000000000
   169   99  1         -0.0272113912          0.0000000000         -0.0272113912
                       -0.0272113912          0.0000000000
   198  154  1         -0.0121705630          0.0000000000         -0.0121705630
                       -0.0121705630          0.0000000000
   144   99  1         -0.0194927248          0.0000000000         -0.0194927248
                       -0.0194927248          0.0000000000
   198  119  1         -0.0167277458          0.0000000000         -0.0167277458
                       -0.0167277458          0.0000000000
   113   59  1         -0.0000832231          0.0000000000         -0.0000832231
                       -0.0000832231          0.0000000000
   186   87  1          0.0269386212          0.0000000000          0.0269386212
                        0.0269386212          0.0000000000
    99    7  1         -0.0226809252          0.0000000000         -0.0226809252
                       -0.0226809252          0.0000000000
    87   14  1          0.0185529158          0.0000000000          0.0185529158
                        0.0185529158          0.0000000000
   186   14  1          0.0185123488          0.0000000000          0.0185123488
                        0.0185123488          0.0000000000
    69    6  1         -0.0000891517          0.0000000000         -0.0000891517
                       -0.0000891517          0.0000000000
   141   36  1         -0.0000063548          0.0000000000         -0.0000063548
                       -0.0000063548          0.0000000000
   145    6  1         -0.0000170566          0.0000000000         -0.0000170566
                       -0.0000170566          0.0000000000
   135    6  1          0.0000527782          0.0000000000          0.0000527782
                        0.0000527782          0.0000000000
    46   42  1         -0.0001126578          0.0000000000         -0.0001126578
                       -0.0001126578          0.0000000000
   145   99  1          0.0001756940          0.0000000000          0.0001756940
                        0.0001756940          0.0000000000
   117    6  1         -0.0000368482          0.0000000000         -0.0000368482
                       -0.0000368482          0.0000000000
    42   18  1          0.0002331726          0.0000000000          0.0002331726
                        0.0002331726          0.0000000000
   160  141  1          0.0013145973          0.0000000000          0.0013145973
                        0.0013145973          0.0000000000
   157  105  1          0.0000318754          0.0000000000          0.0000318754
                        0.0000318754          0.0000000000
   191  141  1         -0.0000328402          0.0000000000         -0.0000328402
                       -0.0000328402          0.0000000000
   101    6  1         -0.0000571796          0.0000000000         -0.0000571796
                       -0.0000571796          0.0000000000
   141   92  1          0.0000088458          0.0000000000          0.0000088458
                        0.0000088458          0.0000000000
   157   42  1         -0.0000089050          0.0000000000         -0.0000089050
                       -0.0000089050          0.0000000000
    87   53  1         -0.0006748161          0.0000000000         -0.0006748161
                       -0.0006748161          0.0000000000
     6    2  1          0.0013380903          0.0000000000          0.0013380903
                        0.0013380903          0.0000000000
   105    2  1          0.0000921421          0.0000000000          0.0000921421
                        0.0000921421          0.0000000000
   105   18  1         -0.0001234987          0.0000000000         -0.0001234987
                       -0.0001234987          0.0000000000
   137    6  1         -0.0000774071          0.0000000000         -0.0000774071
                       -0.0000774071          0.0000000000
   122    6  1         -0.0002433830          0.0000000000         -0.0002433830
                       -0.0002433830          0.0000000000
   141   19  1         -0.0000040078          0.0000000000         -0.0000040078
                       -0.0000040078          0.0000000000
   105   90  1         -0.0024316968          0.0000000000         -0.0024316968
                       -0.0024316968          0.0000000000
   141   76  1          0.0000105108          0.0000000000          0.0000105108
                        0.0000105108          0.0000000000
    50    6  1         -0.0002178087          0.0000000000         -0.0002178087
                       -0.0002178087          0.0000000000
   171   42  1          0.0000065869          0.0000000000          0.0000065869
                        0.0000065869          0.0000000000
   189  105  1         -0.0004141744          0.0000000000         -0.0004141744
                       -0.0004141744          0.0000000000
    90    6  1         -0.0003907069          0.0000000000         -0.0003907069
                       -0.0003907069          0.0000000000
   153    6  1         -0.0000889600          0.0000000000         -0.0000889600
                       -0.0000889600          0.0000000000
    38    6  1         -0.0000177701          0.0000000000         -0.0000177701
                       -0.0000177701          0.0000000000
   192  141  1          0.0000427625          0.0000000000          0.0000427625
                        0.0000427625          0.0000000000
    42    5  1          0.0000067545          0.0000000000          0.0000067545
                        0.0000067545          0.0000000000
   118    6  1          0.0000126355          0.0000000000          0.0000126355
                        0.0000126355          0.0000000000
   112   42  1          0.0000126100          0.0000000000          0.0000126100
                        0.0000126100          0.0000000000
   175    6  1         -0.0002093633          0.0000000000         -0.0002093633
                       -0.0002093633          0.0000000000
   114   42  1          0.0000080657          0.0000000000          0.0000080657
                        0.0000080657          0.0000000000
   141  112  1          0.0000082064          0.0000000000          0.0000082064
                        0.0000082064          0.0000000000
   141   13  1          0.0000083789          0.0000000000          0.0000083789
                        0.0000083789          0.0000000000
   146    6  1         -0.0002067073          0.0000000000         -0.0002067073
                       -0.0002067073          0.0000000000
   141   50  1          0.0000219704          0.0000000000          0.0000219704
                        0.0000219704          0.0000000000
   141   54  1         -0.0000186171          0.0000000000         -0.0000186171
                       -0.0000186171          0.0000000000
    42   38  1          0.0006191070          0.0000000000          0.0006191070
                        0.0006191070          0.0000000000
   184   42  1         -0.0000206511          0.0000000000         -0.0000206511
                       -0.0000206511          0.0000000000
   192   42  1         -0.0000038018          0.0000000000         -0.0000038018
                       -0.0000038018          0.0000000000
   163   42  1         -0.0000007170          0.0000000000         -0.0000007170
                       -0.0000007170          0.0000000000
    76    6  1         -0.0000896925          0.0000000000         -0.0000896925
                       -0.0000896925          0.0000000000
    72    6  1          0.0000226527          0.0000000000          0.0000226527
                        0.0000226527          0.0000000000
   175  105  1         -0.0001045586          0.0000000000         -0.0001045586
                       -0.0001045586          0.0000000000
   198   92  1          0.0043532816          0.0000000000          0.0043532816
                        0.0043532816          0.0000000000
   175   42  1          0.0000151725          0.0000000000          0.0000151725
                        0.0000151725          0.0000000000
   161    6  1         -0.0002013800          0.0000000000         -0.0002013800
                       -0.0002013800          0.0000000000
   196   42  1          0.0000069843          0.0000000000          0.0000069843
                        0.0000069843          0.0000000000
   171  141  1         -0.0001310482          0.0000000000         -0.0001310482
                       -0.0001310482          0.0000000000
   141   89  1         -0.0000016539          0.0000000000         -0.0000016539
                       -0.0000016539          0.0000000000
    42   10  1          0.0000339131          0.0000000000          0.0000339131
                        0.0000339131          0.0000000000
   188  105  1         -0.0000790461          0.0000000000         -0.0000790461
                       -0.0000790461          0.0000000000
   198  191  1          0.0021329256          0.0000000000          0.0021329256
                        0.0021329256          0.0000000000
   141  137  1         -0.0001040449          0.0000000000         -0.0001040449
                       -0.0001040449          0.0000000000
   122   42  1          0.0000167573          0.0000000000          0.0000167573
                        0.0000167573          0.0000000000
   146  141  1          0.0000106886          0.0000000000          0.0000106886
                        0.0000106886          0.0000000000
   198  109  1          0.0024017060          0.0000000000          0.0024017060
                        0.0024017060          0.0000000000
   120   42  1          0.0000072552          0.0000000000          0.0000072552
                        0.0000072552          0.0000000000
   198  137  1         -0.0005170609          0.0000000000         -0.0005170609
                       -0.0005170609          0.0000000000
   183   99  1          0.0000041407          0.0000000000          0.0000041407
                        0.0000041407          0.0000000000
   164  141  1          0.0007954826          0.0000000000          0.0007954826
                        0.0007954826          0.0000000000
   120  105  1          0.0006158523          0.0000000000          0.0006158523
                        0.0006158523          0.0000000000
    99   76  1         -0.0002779811          0.0000000000         -0.0002779811
                       -0.0002779811          0.0000000000
    99   62  1         -0.0003120101          0.0000000000         -0.0003120101
                       -0.0003120101          0.0000000000
   161   99  1         -0.0004892425          0.0000000000         -0.0004892425
                       -0.0004892425          0.0000000000
   133    6  1          0.0013238618          0.0000000000          0.0013238618
                        0.0013238618          0.0000000000
   198  153  1         -0.0002424011          0.0000000000         -0.0002424011
                       -0.0002424011          0.0000000000
   198  192  1         -0.0007620232          0.0000000000         -0.0007620232
                       -0.0007620232          0.0000000000
   198  149  1         -0.0006499924          0.0000000000         -0.0006499924
                       -0.0006499924          0.0000000000
   198   84  1         -0.0002450874          0.0000000000         -0.0002450874
                       -0.0002450874          0.0000000000
   198   33  1          0.0005360283          0.0000000000          0.0005360283
                        0.0005360283          0.0000000000
   189   99  1         -0.0014425796          0.0000000000         -0.0014425796
                       -0.0014425796          0.0000000000
    99   90  1         -0.0018132094          0.0000000000         -0.0018132094
                       -0.0018132094          0.0000000000
   141  134  1         -0.0019246393          0.0000000000         -0.0019246393
                       -0.0019246393          0.0000000000
   198   62  1         -0.0005187423          0.0000000000         -0.0005187423
                       -0.0005187423          0.0000000000
    21    6  1          0.0006768937          0.0000000000          0.0006768937
                        0.0006768937          0.0000000000
   141  120  1         -0.0000392418          0.0000000000         -0.0000392418
                       -0.0000392418          0.0000000000
    99    3  1         -0.0011918710          0.0000000000         -0.0011918710
                       -0.0011918710          0.0000000000
   146   99  1         -0.0006744994          0.0000000000         -0.0006744994
                       -0.0006744994          0.0000000000
   134   99  1          0.0180833877          0.0000000000          0.0180833877
                        0.0180833877          0.0000000000
    99   34  1          0.0169103512          0.0000000000          0.0169103512
                        0.0169103512          0.0000000000
    99   65  1          0.0189255510          0.0000000000          0.0189255510
                        0.0189255510          0.0000000000
   186  106  1          0.0208525539          0.0000000000          0.0208525539
                        0.0208525539          0.0000000000
   169    8  1          0.0164805939          0.0000000000          0.0164805939
                        0.0164805939          0.0000000000
   140   87  1          0.0138739388          0.0000000000          0.0138739388
                        0.0138739388          0.0000000000
   119    8  1          0.0216144509          0.0000000000          0.0216144509
                        0.0216144509          0.0000000000
    41   14  1          0.0187269792          0.0000000000          0.0187269792
                        0.0187269792          0.0000000000
   186   55  1          0.0159517679          0.0000000000          0.0159517679
                        0.0159517679          0.0000000000
    41    8  1          0.0149581054          0.0000000000          0.0149581054
                        0.0149581054          0.0000000000
   144   87  1          0.0209229167          0.0000000000          0.0209229167
                        0.0209229167          0.0000000000
   119   57  1          0.0137833157          0.0000000000          0.0137833157
                        0.0137833157          0.0000000000
    43    8  1          0.0175745163          0.0000000000          0.0175745163
                        0.0175745163          0.0000000000
    55   14  1          0.0168275485          0.0000000000          0.0168275485
                        0.0168275485          0.0000000000
   107   43  1          0.0303040738          0.0000000000          0.0303040738
                        0.0303040738          0.0000000000
   106    8  1          0.0192419559          0.0000000000          0.0192419559
                        0.0192419559          0.0000000000
   186  154  1          0.0190294516          0.0000000000          0.0190294516
                        0.0190294516          0.0000000000
   113   43  1          0.0116857789          0.0000000000          0.0116857789
                        0.0116857789          0.0000000000
   186   41  1          0.0136293720          0.0000000000          0.0136293720
                        0.0136293720          0.0000000000
   156  106  1          0.0183334005          0.0000000000          0.0183334005
                        0.0183334005          0.0000000000
    43   14  1          0.0179077604          0.0000000000          0.0179077604
                        0.0179077604          0.0000000000
   154   57  1          0.0139769687          0.0000000000          0.0139769687
                        0.0139769687          0.0000000000
   156   20  1          0.0140568854          0.0000000000          0.0140568854
                        0.0140568854          0.0000000000
    87   43  1          0.0274489342          0.0000000000          0.0274489342
                        0.0274489342          0.0000000000
    45    8  1          0.0222975443          0.0000000000          0.0222975443
                        0.0222975443          0.0000000000
   152   53  1          0.0007231615          0.0000000000          0.0007231615
                        0.0007231615          0.0000000000
   107   70  1          0.0175780905          0.0000000000          0.0175780905
                        0.0175780905          0.0000000000
   142   87  1          0.0160211139          0.0000000000          0.0160211139
                        0.0160211139          0.0000000000
   119   87  1          0.0272331871          0.0000000000          0.0272331871
                        0.0272331871          0.0000000000
   141   83  1         -0.0000257839          0.0000000000         -0.0000257839
                       -0.0000257839          0.0000000000
   168   59  1          0.0000234444          0.0000000000          0.0000234444
                        0.0000234444          0.0000000000
    88   42  1         -0.0001321491          0.0000000000         -0.0001321491
                       -0.0001321491          0.0000000000
   187  105  1          0.0003810481          0.0000000000          0.0003810481
                        0.0003810481          0.0000000000
   187  141  1         -0.0000733231          0.0000000000         -0.0000733231
                       -0.0000733231          0.0000000000
   141   37  1         -0.0000099245          0.0000000000         -0.0000099245
                       -0.0000099245          0.0000000000
   156   69  1          0.0003264266          0.0000000000          0.0003264266
                        0.0003264266          0.0000000000
    88    6  1          0.0003437176          0.0000000000          0.0003437176
                        0.0003437176          0.0000000000
    69   59  1         -0.0000002518          0.0000000000         -0.0000002518
                       -0.0000002518          0.0000000000
    83    6  1          0.0001291927          0.0000000000          0.0001291927
                        0.0001291927          0.0000000000
   198   37  1          0.0002823289          0.0000000000          0.0002823289
                        0.0002823289          0.0000000000
   176    6  1          0.0002757355          0.0000000000          0.0002757355
                        0.0002757355          0.0000000000
   135   87  1         -0.0009252270          0.0000000000         -0.0009252270
                       -0.0009252270          0.0000000000
   141   77  1         -0.0000009618          0.0000000000         -0.0000009618
                       -0.0000009618          0.0000000000
   145   14  1          0.0003218822          0.0000000000          0.0003218822
                        0.0003218822          0.0000000000
   135   57  1         -0.0003843015          0.0000000000         -0.0003843015
                       -0.0003843015          0.0000000000
    77    6  1          0.0000988618          0.0000000000          0.0000988618
                        0.0000988618          0.0000000000
   145    8  1          0.0019570514          0.0000000000          0.0019570514
                        0.0019570514          0.0000000000
   174   42  1         -0.0000003284          0.0000000000         -0.0000003284
                       -0.0000003284          0.0000000000
   176  105  1          0.0001213244          0.0000000000          0.0001213244
                        0.0001213244          0.0000000000
   105   77  1          0.0002795271          0.0000000000          0.0002795271
                        0.0002795271          0.0000000000
   110    6  1         -0.0000543437          0.0000000000         -0.0000543437
                       -0.0000543437          0.0000000000
   187   99  1          0.0041576682          0.0000000000          0.0041576682
                        0.0041576682          0.0000000000
   110  105  1          0.0002468342          0.0000000000          0.0002468342
                        0.0002468342          0.0000000000
   198  187  1          0.0029495215          0.0000000000          0.0029495215
                        0.0029495215          0.0000000000
   181  141  1         -0.0000208295          0.0000000000         -0.0000208295
                       -0.0000208295          0.0000000000
   155  105  1         -0.0000303321          0.0000000000         -0.0000303321
                       -0.0000303321          0.0000000000
    99   83  1         -0.0001802869          0.0000000000         -0.0001802869
                       -0.0001802869          0.0000000000
    82   42  1         -0.0000225029          0.0000000000         -0.0000225029
                       -0.0000225029          0.0000000000
    29    6  1          0.0020705565          0.0000000000          0.0020705565
                        0.0020705565          0.0000000000
   159  105  1          0.0008341708          0.0000000000          0.0008341708
                        0.0008341708          0.0000000000
    53   45  1          0.0028245719          0.0000000000          0.0028245719
                        0.0028245719          0.0000000000
   140   53  1         -0.0007049507          0.0000000000         -0.0007049507
                       -0.0007049507          0.0000000000
   141  124  1         -0.0001294999          0.0000000000         -0.0001294999
                       -0.0001294999          0.0000000000
   152  106  1         -0.0006008562          0.0000000000         -0.0006008562
                       -0.0006008562          0.0000000000
   152    7  1         -0.0004853843          0.0000000000         -0.0004853843
                       -0.0004853843          0.0000000000
   198  174  1          0.0005261985          0.0000000000          0.0005261985
                        0.0005261985          0.0000000000
   174   99  1          0.0006966239          0.0000000000          0.0006966239
                        0.0006966239          0.0000000000
    53   20  1         -0.0002029340          0.0000000000         -0.0002029340
                       -0.0002029340          0.0000000000
   124    6  1          0.0048347227          0.0000000000          0.0048347227
                        0.0048347227          0.0000000000
    99   82  1         -0.0007601083          0.0000000000         -0.0007601083
                       -0.0007601083          0.0000000000
   124   42  1         -0.0001580016          0.0000000000         -0.0001580016
                       -0.0001580016          0.0000000000
   152  140  1          0.0009078304          0.0000000000          0.0009078304
                        0.0009078304          0.0000000000
   152  142  1          0.0018953792          0.0000000000          0.0018953792
                        0.0018953792          0.0000000000
   141   29  1         -0.0001472166          0.0000000000         -0.0001472166
                       -0.0001472166          0.0000000000
    87   18  1          0.0006065103          0.0000000000          0.0006065103
                        0.0006065103          0.0000000000
    81   42  1         -0.0001389294          0.0000000000         -0.0001389294
                       -0.0001389294          0.0000000000
   191   87  1         -0.0006358751          0.0000000000         -0.0006358751
                       -0.0006358751          0.0000000000
   107   92  1          0.0016684927          0.0000000000          0.0016684927
                        0.0016684927          0.0000000000
    31    6  1          0.0001099839          0.0000000000          0.0001099839
                        0.0001099839          0.0000000000
    58    8  1         -0.0010439841          0.0000000000         -0.0010439841
                       -0.0010439841          0.0000000000
    61   14  1         -0.0011804420          0.0000000000         -0.0011804420
                       -0.0011804420          0.0000000000
   103    6  1          0.0002920605          0.0000000000          0.0002920605
                        0.0002920605          0.0000000000
   180   42  1          0.0000099988          0.0000000000          0.0000099988
                        0.0000099988          0.0000000000
   157   14  1         -0.0000611070          0.0000000000         -0.0000611070
                       -0.0000611070          0.0000000000
    91   42  1         -0.0000086304          0.0000000000         -0.0000086304
                       -0.0000086304          0.0000000000
    99   25  1          0.0284764184          0.0000000000          0.0284764184
                        0.0284764184          0.0000000000
    57    2  1         -0.0006589177          0.0000000000         -0.0006589177
                       -0.0006589177          0.0000000000
   128   99  1          0.0263498857          0.0000000000          0.0263498857
                        0.0263498857          0.0000000000
   160   59  1          0.0000174210          0.0000000000          0.0000174210
                        0.0000174210          0.0000000000
   162    6  1          0.0002200138          0.0000000000          0.0002200138
                        0.0002200138          0.0000000000
   141   74  1          0.0000090398          0.0000000000          0.0000090398
                        0.0000090398          0.0000000000
   141   39  1         -0.0000063245          0.0000000000         -0.0000063245
                       -0.0000063245          0.0000000000
   186  117  1          0.0003113878          0.0000000000          0.0003113878
                        0.0003113878          0.0000000000
   111   42  1         -0.0000026015          0.0000000000         -0.0000026015
                       -0.0000026015          0.0000000000
   141   26  1         -0.0000131894          0.0000000000         -0.0000131894
                       -0.0000131894          0.0000000000
   138  105  1          0.0000550526          0.0000000000          0.0000550526
                        0.0000550526          0.0000000000
   178   42  1          0.0000157273          0.0000000000          0.0000157273
                        0.0000157273          0.0000000000
   178  141  1         -0.0001030812          0.0000000000         -0.0001030812
                       -0.0001030812          0.0000000000
   105    4  1          0.0003350194          0.0000000000          0.0003350194
                        0.0003350194          0.0000000000
   105   80  1         -0.0002017680          0.0000000000         -0.0002017680
                       -0.0002017680          0.0000000000
   158   61  1          0.0000178349          0.0000000000          0.0000178349
                        0.0000178349          0.0000000000
   117  107  1          0.0000351517          0.0000000000          0.0000351517
                        0.0000351517          0.0000000000
   186    2  1          0.0009347845          0.0000000000          0.0009347845
                        0.0009347845          0.0000000000
    12    6  1          0.0003751235          0.0000000000          0.0003751235
                        0.0003751235          0.0000000000
    99   60  1          0.0159836478          0.0000000000          0.0159836478
                        0.0159836478          0.0000000000
   186  160  1          0.0009023442          0.0000000000          0.0009023442
                        0.0009023442          0.0000000000
    42   26  1         -0.0000464321          0.0000000000         -0.0000464321
                       -0.0000464321          0.0000000000
    99   30  1          0.0214645213          0.0000000000          0.0214645213
                        0.0214645213          0.0000000000
    26    6  1         -0.0001207063          0.0000000000         -0.0001207063
                       -0.0001207063          0.0000000000
   160   87  1         -0.0002202193          0.0000000000         -0.0002202193
                       -0.0002202193          0.0000000000
    81    6  1         -0.0001513552          0.0000000000         -0.0001513552
                       -0.0001513552          0.0000000000
   191   59  1         -0.0000266988          0.0000000000         -0.0000266988
                       -0.0000266988          0.0000000000
   141  103  1          0.0000067908          0.0000000000          0.0000067908
                        0.0000067908          0.0000000000
   158  101  1         -0.0000408268          0.0000000000         -0.0000408268
                       -0.0000408268          0.0000000000
   113    2  1          0.0001224466          0.0000000000          0.0001224466
                        0.0001224466          0.0000000000
   141   31  1         -0.0000117464          0.0000000000         -0.0000117464
                       -0.0000117464          0.0000000000
   198   31  1         -0.0005504782          0.0000000000         -0.0005504782
                       -0.0005504782          0.0000000000
    87   23  1          0.0013638158          0.0000000000          0.0013638158
                        0.0013638158          0.0000000000
   168   53  1         -0.0000170688          0.0000000000         -0.0000170688
                       -0.0000170688          0.0000000000
   186  112  1          0.0001780100          0.0000000000          0.0001780100
                        0.0001780100          0.0000000000
   171  113  1         -0.0052839335          0.0000000000         -0.0052839335
                       -0.0052839335          0.0000000000
    62   14  1          0.0013592247          0.0000000000          0.0013592247
                        0.0013592247          0.0000000000
    13    8  1          0.0000325938          0.0000000000          0.0000325938
                        0.0000325938          0.0000000000
   105   67  1         -0.0000075115          0.0000000000         -0.0000075115
                       -0.0000075115          0.0000000000
   163   87  1          0.0011351267          0.0000000000          0.0011351267
                        0.0011351267          0.0000000000
   104    8  1          0.0011365086          0.0000000000          0.0011365086
                        0.0011365086          0.0000000000
   149    8  1         -0.0031153230          0.0000000000         -0.0031153230
                       -0.0031153230          0.0000000000
   161  113  1          0.0017754431          0.0000000000          0.0017754431
                        0.0017754431          0.0000000000
   173   99  1          0.0009163059          0.0000000000          0.0009163059
                        0.0009163059          0.0000000000
   113   24  1          0.0002434728          0.0000000000          0.0002434728
                        0.0002434728          0.0000000000
    90    8  1          0.0022459318          0.0000000000          0.0022459318
                        0.0022459318          0.0000000000
   107   50  1         -0.0021158432          0.0000000000         -0.0021158432
                       -0.0021158432          0.0000000000
   113   64  1          0.0003077478          0.0000000000          0.0003077478
                        0.0003077478          0.0000000000
   122   87  1          0.0049807828          0.0000000000          0.0049807828
                        0.0049807828          0.0000000000
   113   84  1          0.0002972296          0.0000000000          0.0002972296
                        0.0002972296          0.0000000000
   113   93  1          0.0001730304          0.0000000000          0.0001730304
                        0.0001730304          0.0000000000
   156  132  1          0.0063716243          0.0000000000          0.0063716243
                        0.0063716243          0.0000000000
   184  156  1         -0.0024212694          0.0000000000         -0.0024212694
                       -0.0024212694          0.0000000000
   186   54  1          0.0005570245          0.0000000000          0.0005570245
                        0.0005570245          0.0000000000
   132   57  1         -0.0006775603          0.0000000000         -0.0006775603
                       -0.0006775603          0.0000000000
   186  153  1          0.0006891940          0.0000000000          0.0006891940
                        0.0006891940          0.0000000000
   163  156  1         -0.0006470268          0.0000000000         -0.0006470268
                       -0.0006470268          0.0000000000
    89   57  1          0.0012481722          0.0000000000          0.0012481722
                        0.0012481722          0.0000000000
   113   13  1         -0.0001012431          0.0000000000         -0.0001012431
                       -0.0001012431          0.0000000000
   149   59  1         -0.0001431395          0.0000000000         -0.0001431395
                       -0.0001431395          0.0000000000
    57   19  1         -0.0022833056          0.0000000000         -0.0022833056
                       -0.0022833056          0.0000000000
    99   12  1          0.0011467127          0.0000000000          0.0011467127
                        0.0011467127          0.0000000000
   113   38  1          0.0000734525          0.0000000000          0.0000734525
                        0.0000734525          0.0000000000
   161   14  1          0.0001832792          0.0000000000          0.0001832792
                        0.0001832792          0.0000000000
   192  113  1          0.0015244204          0.0000000000          0.0015244204
                        0.0015244204          0.0000000000
    97   59  1         -0.0000795525          0.0000000000         -0.0000795525
                       -0.0000795525          0.0000000000
   113   76  1          0.0003605684          0.0000000000          0.0003605684
                        0.0003605684          0.0000000000
    97   57  1         -0.0001909640          0.0000000000         -0.0001909640
                       -0.0001909640          0.0000000000
   111   99  1          0.0013289337          0.0000000000          0.0013289337
                        0.0013289337          0.0000000000
   107   54  1          0.0001211654          0.0000000000          0.0001211654
                        0.0001211654          0.0000000000
   186  122  1          0.0015849731          0.0000000000          0.0015849731
                        0.0015849731          0.0000000000
    19    8  1          0.0007294267          0.0000000000          0.0007294267
                        0.0007294267          0.0000000000
   112  107  1          0.0001794812          0.0000000000          0.0001794812
                        0.0001794812          0.0000000000
   194   42  1          0.0000085765          0.0000000000          0.0000085765
                        0.0000085765          0.0000000000
   158   50  1         -0.0001088121          0.0000000000         -0.0001088121
                       -0.0001088121          0.0000000000
   156  149  1         -0.0007196865          0.0000000000         -0.0007196865
                       -0.0007196865          0.0000000000
    85   57  1         -0.0022627334          0.0000000000         -0.0022627334
                       -0.0022627334          0.0000000000
   112    8  1          0.0007241906          0.0000000000          0.0007241906
                        0.0007241906          0.0000000000
   186   76  1          0.0008382013          0.0000000000          0.0008382013
                        0.0008382013          0.0000000000
   198  190  1         -0.0000941937          0.0000000000         -0.0000941937
                       -0.0000941937          0.0000000000
   146    8  1          0.0020826751          0.0000000000          0.0020826751
                        0.0020826751          0.0000000000
   186  149  1         -0.0011005633          0.0000000000         -0.0011005633
                       -0.0011005633          0.0000000000
   183  113  1         -0.0000327357          0.0000000000         -0.0000327357
                       -0.0000327357          0.0000000000
   107    5  1          0.0008918552          0.0000000000          0.0008918552
                        0.0008918552          0.0000000000
   156   72  1         -0.0000815465          0.0000000000         -0.0000815465
                       -0.0000815465          0.0000000000
    66    8  1          0.0009890035          0.0000000000          0.0009890035
                        0.0009890035          0.0000000000
   192    8  1          0.0002403638          0.0000000000          0.0002403638
                        0.0002403638          0.0000000000
    84   14  1         -0.0000553600          0.0000000000         -0.0000553600
                       -0.0000553600          0.0000000000
    57   33  1          0.0062390543          0.0000000000          0.0062390543
                        0.0062390543          0.0000000000
    59   33  1          0.0009409571          0.0000000000          0.0009409571
                        0.0009409571          0.0000000000
   153   57  1         -0.0007640092          0.0000000000         -0.0007640092
                       -0.0007640092          0.0000000000
   184    8  1         -0.0013951338          0.0000000000         -0.0013951338
                       -0.0013951338          0.0000000000
   188   87  1          0.0011839316          0.0000000000          0.0011839316
                        0.0011839316          0.0000000000
   102   57  1          0.0005052298          0.0000000000          0.0005052298
                        0.0005052298          0.0000000000
   158   89  1         -0.0000238354          0.0000000000         -0.0000238354
                       -0.0000238354          0.0000000000
   132   87  1         -0.0018718404          0.0000000000         -0.0018718404
                       -0.0018718404          0.0000000000
    99   31  1          0.0003016939          0.0000000000          0.0003016939
                        0.0003016939          0.0000000000
   198  179  1         -0.0007130717          0.0000000000         -0.0007130717
                       -0.0007130717          0.0000000000
   165  158  1         -0.0002207485          0.0000000000         -0.0002207485
                       -0.0002207485          0.0000000000
    90   59  1         -0.0003607981          0.0000000000         -0.0003607981
                       -0.0003607981          0.0000000000
    99   63  1          0.0003635469          0.0000000000          0.0003635469
                        0.0003635469          0.0000000000
   184   59  1          0.0000529921          0.0000000000          0.0000529921
                        0.0000529921          0.0000000000
   198  178  1          0.0004912667          0.0000000000          0.0004912667
                        0.0004912667          0.0000000000
    66   59  1         -0.0001424628          0.0000000000         -0.0001424628
                       -0.0001424628          0.0000000000
   183  156  1          0.0004773073          0.0000000000          0.0004773073
                        0.0004773073          0.0000000000
   186  104  1          0.0011825477          0.0000000000          0.0011825477
                        0.0011825477          0.0000000000
    84    8  1         -0.0031657388          0.0000000000         -0.0031657388
                       -0.0031657388          0.0000000000
   113  102  1          0.0003082477          0.0000000000          0.0003082477
                        0.0003082477          0.0000000000
   175  113  1         -0.0022213619          0.0000000000         -0.0022213619
                       -0.0022213619          0.0000000000
   188   59  1         -0.0000202113          0.0000000000         -0.0000202113
                       -0.0000202113          0.0000000000
   175   87  1          0.0009285374          0.0000000000          0.0009285374
                        0.0009285374          0.0000000000
   171   87  1         -0.0005504764          0.0000000000         -0.0005504764
                       -0.0005504764          0.0000000000
    93    8  1          0.0013435534          0.0000000000          0.0013435534
                        0.0013435534          0.0000000000
   137    8  1          0.0010963179          0.0000000000          0.0010963179
                        0.0010963179          0.0000000000
   156   15  1          0.0000619552          0.0000000000          0.0000619552
                        0.0000619552          0.0000000000
   125   99  1         -0.0020325702          0.0000000000         -0.0020325702
                       -0.0020325702          0.0000000000
    99   80  1         -0.0006759735          0.0000000000         -0.0006759735
                       -0.0006759735          0.0000000000
   158   72  1          0.0000025041          0.0000000000          0.0000025041
                        0.0000025041          0.0000000000
   112   59  1         -0.0000150559          0.0000000000         -0.0000150559
                       -0.0000150559          0.0000000000
   158  104  1         -0.0000435695          0.0000000000         -0.0000435695
                       -0.0000435695          0.0000000000
   158  109  1          0.0000087674          0.0000000000          0.0000087674
                        0.0000087674          0.0000000000
   158   54  1          0.0000269307          0.0000000000          0.0000269307
                        0.0000269307          0.0000000000
   156   24  1         -0.0003231718          0.0000000000         -0.0003231718
                       -0.0003231718          0.0000000000
    59    5  1         -0.0000408618          0.0000000000         -0.0000408618
                       -0.0000408618          0.0000000000
   132   59  1          0.0000022599          0.0000000000          0.0000022599
                        0.0000022599          0.0000000000
    14    3  1          0.0001051615          0.0000000000          0.0001051615
                        0.0001051615          0.0000000000
   161   59  1         -0.0000143542          0.0000000000         -0.0000143542
                       -0.0000143542          0.0000000000
    57    3  1          0.0006197985          0.0000000000          0.0006197985
                        0.0006197985          0.0000000000
   186   66  1          0.0014283107          0.0000000000          0.0014283107
                        0.0014283107          0.0000000000
   156   47  1          0.0005563033          0.0000000000          0.0005563033
                        0.0005563033          0.0000000000
   156   76  1          0.0006378622          0.0000000000          0.0006378622
                        0.0006378622          0.0000000000
   156   93  1          0.0002279364          0.0000000000          0.0002279364
                        0.0002279364          0.0000000000
    72   14  1         -0.0052627801          0.0000000000         -0.0052627801
                       -0.0052627801          0.0000000000
   186   35  1         -0.0215893438          0.0000000000         -0.0215893438
                       -0.0215893438          0.0000000000
   120   14  1         -0.0130421298          0.0000000000         -0.0130421298
                       -0.0130421298          0.0000000000
   113   35  1         -0.0113937949          0.0000000000         -0.0113937949
                       -0.0113937949          0.0000000000
   134  107  1         -0.0268174590          0.0000000000         -0.0268174590
                       -0.0268174590          0.0000000000
   107   35  1         -0.0223947709          0.0000000000         -0.0223947709
                       -0.0223947709          0.0000000000
   113   34  1         -0.0131322688          0.0000000000         -0.0131322688
                       -0.0131322688          0.0000000000
   158   21  1          0.0002565096          0.0000000000          0.0002565096
                        0.0002565096          0.0000000000
   152  135  1          0.0000406750          0.0000000000          0.0000406750
                        0.0000406750          0.0000000000
   133   59  1          0.0003640516          0.0000000000          0.0003640516
                        0.0003640516          0.0000000000
   133   57  1         -0.0145058257          0.0000000000         -0.0145058257
                       -0.0145058257          0.0000000000
   134    8  1         -0.0237499581          0.0000000000         -0.0237499581
                       -0.0237499581          0.0000000000
   198  194  1         -0.0002303421          0.0000000000         -0.0002303421
                       -0.0002303421          0.0000000000
   158  133  1         -0.0014826092          0.0000000000         -0.0014826092
                       -0.0014826092          0.0000000000
    87   21  1         -0.0203537691          0.0000000000         -0.0203537691
                       -0.0203537691          0.0000000000
   120    8  1         -0.0200748269          0.0000000000         -0.0200748269
                       -0.0200748269          0.0000000000
   133   14  1         -0.0122415159          0.0000000000         -0.0122415159
                       -0.0122415159          0.0000000000
   133  113  1         -0.0306293637          0.0000000000         -0.0306293637
                       -0.0306293637          0.0000000000
   140  119  1          0.0196777013          0.0000000000          0.0196777013
                        0.0196777013          0.0000000000
   169   45  1          0.0120729343          0.0000000000          0.0120729343
                        0.0120729343          0.0000000000
   106   41  1          0.0151920788          0.0000000000          0.0151920788
                        0.0151920788          0.0000000000
   154   20  1          0.0146138546          0.0000000000          0.0146138546
                        0.0146138546          0.0000000000
    70   55  1          0.0162672548          0.0000000000          0.0162672548
                        0.0162672548          0.0000000000
   140  106  1          0.0131385429          0.0000000000          0.0131385429
                        0.0131385429          0.0000000000
   154   43  1          0.0136340426          0.0000000000          0.0136340426
                        0.0136340426          0.0000000000
    55   43  1          0.0413906217          0.0000000000          0.0413906217
                        0.0413906217          0.0000000000
   106   20  1          0.0161814138          0.0000000000          0.0161814138
                        0.0161814138          0.0000000000
   142   45  1          0.0147655872          0.0000000000          0.0147655872
                        0.0147655872          0.0000000000
    70   20  1          0.0259021648          0.0000000000          0.0259021648
                        0.0259021648          0.0000000000
    55   41  1          0.0336049861          0.0000000000          0.0336049861
                        0.0336049861          0.0000000000
   140   70  1          0.0094063885          0.0000000000          0.0094063885
                        0.0094063885          0.0000000000
    41    7  1          0.0131958462          0.0000000000          0.0131958462
                        0.0131958462          0.0000000000
   142  106  1          0.0142757323          0.0000000000          0.0142757323
                        0.0142757323          0.0000000000
   142   70  1          0.0107680117          0.0000000000          0.0107680117
                        0.0107680117          0.0000000000
    45    7  1          0.0174919380          0.0000000000          0.0174919380
                        0.0174919380          0.0000000000
   191  152  1          0.0000616081          0.0000000000          0.0000616081
                        0.0000616081          0.0000000000
   152   61  1          0.0000340591          0.0000000000          0.0000340591
                        0.0000340591          0.0000000000
    53    2  1         -0.0000053343          0.0000000000         -0.0000053343
                       -0.0000053343          0.0000000000
    92   53  1          0.0000639402          0.0000000000          0.0000639402
                        0.0000639402          0.0000000000
   137   53  1         -0.0000683771          0.0000000000         -0.0000683771
                       -0.0000683771          0.0000000000
   169   69  1          0.0004166345          0.0000000000          0.0004166345
                        0.0004166345          0.0000000000
    66   53  1         -0.0000451436          0.0000000000         -0.0000451436
                       -0.0000451436          0.0000000000
    84   53  1         -0.0001568718          0.0000000000         -0.0001568718
                       -0.0001568718          0.0000000000
   152   15  1         -0.0000545650          0.0000000000         -0.0000545650
                       -0.0000545650          0.0000000000
   152   85  1          0.0003756769          0.0000000000          0.0003756769
                        0.0003756769          0.0000000000
   112   53  1         -0.0000821226          0.0000000000         -0.0000821226
                       -0.0000821226          0.0000000000
   119   69  1          0.0004608028          0.0000000000          0.0004608028
                        0.0004608028          0.0000000000
   165  152  1         -0.0000443905          0.0000000000         -0.0000443905
                       -0.0000443905          0.0000000000
   188   53  1         -0.0000385542          0.0000000000         -0.0000385542
                       -0.0000385542          0.0000000000
   152   76  1         -0.0002881714          0.0000000000         -0.0002881714
                       -0.0002881714          0.0000000000
   152  114  1          0.0000417821          0.0000000000          0.0000417821
                        0.0000417821          0.0000000000
   152   84  1         -0.0003133250          0.0000000000         -0.0003133250
                       -0.0003133250          0.0000000000
   152   10  1          0.0000281298          0.0000000000          0.0000281298
                        0.0000281298          0.0000000000
   106   69  1          0.0007498495          0.0000000000          0.0007498495
                        0.0007498495          0.0000000000
    53   23  1         -0.0002141485          0.0000000000         -0.0002141485
                       -0.0002141485          0.0000000000
   104   53  1         -0.0000274571          0.0000000000         -0.0000274571
                       -0.0000274571          0.0000000000
   168   45  1          0.0002107291          0.0000000000          0.0002107291
                        0.0002107291          0.0000000000
   168   55  1          0.0001399597          0.0000000000          0.0001399597
                        0.0001399597          0.0000000000
   189   53  1         -0.0000739014          0.0000000000         -0.0000739014
                       -0.0000739014          0.0000000000
   171  152  1          0.0000362364          0.0000000000          0.0000362364
                        0.0000362364          0.0000000000
   175  152  1          0.0000603920          0.0000000000          0.0000603920
                        0.0000603920          0.0000000000
   168  119  1         -0.0008292339          0.0000000000         -0.0008292339
                       -0.0008292339          0.0000000000
   136   87  1         -0.0005791012          0.0000000000         -0.0005791012
                       -0.0005791012          0.0000000000
   197  107  1         -0.0011203775          0.0000000000         -0.0011203775
                       -0.0011203775          0.0000000000
   169   46  1          0.0002311464          0.0000000000          0.0002311464
                        0.0002311464          0.0000000000
   136  113  1         -0.0000604526          0.0000000000         -0.0000604526
                       -0.0000604526          0.0000000000
   113   37  1         -0.0003552497          0.0000000000         -0.0003552497
                       -0.0003552497          0.0000000000
    83   14  1          0.0012486831          0.0000000000          0.0012486831
                        0.0012486831          0.0000000000
   156   88  1         -0.0005949446          0.0000000000         -0.0005949446
                       -0.0005949446          0.0000000000
   187  156  1          0.0019597809          0.0000000000          0.0019597809
                        0.0019597809          0.0000000000
   182  107  1         -0.0015126195          0.0000000000         -0.0015126195
                       -0.0015126195          0.0000000000
    37    8  1         -0.0013600349          0.0000000000         -0.0013600349
                       -0.0013600349          0.0000000000
   145   45  1          0.0004196995          0.0000000000          0.0004196995
                        0.0004196995          0.0000000000
   158   98  1          0.0000087914          0.0000000000          0.0000087914
                        0.0000087914          0.0000000000
   152   34  1          0.0022484411          0.0000000000          0.0022484411
                        0.0022484411          0.0000000000
   152  120  1          0.0003637561          0.0000000000          0.0003637561
                        0.0003637561          0.0000000000
   152   21  1          0.0007631880          0.0000000000          0.0007631880
                        0.0007631880          0.0000000000
    70   36  1          0.0008651294          0.0000000000          0.0008651294
                        0.0008651294          0.0000000000
    65   53  1          0.0001166129          0.0000000000          0.0001166129
                        0.0001166129          0.0000000000
   145   43  1          0.0003223178          0.0000000000          0.0003223178
                        0.0003223178          0.0000000000
   135   43  1         -0.0005710678          0.0000000000         -0.0005710678
                       -0.0005710678          0.0000000000
   197  156  1         -0.0008966881          0.0000000000         -0.0008966881
                       -0.0008966881          0.0000000000
   135   70  1         -0.0002328317          0.0000000000         -0.0002328317
                       -0.0002328317          0.0000000000
    55   36  1         -0.0005199974          0.0000000000         -0.0005199974
                       -0.0005199974          0.0000000000
   136   59  1          0.0000036129          0.0000000000          0.0000036129
                        0.0000036129          0.0000000000
   187   14  1         -0.0008479513          0.0000000000         -0.0008479513
                       -0.0008479513          0.0000000000
   182    8  1         -0.0018339441          0.0000000000         -0.0018339441
                       -0.0018339441          0.0000000000
   135    7  1         -0.0002046838          0.0000000000         -0.0002046838
                       -0.0002046838          0.0000000000
    87   37  1         -0.0010631529          0.0000000000         -0.0010631529
                       -0.0010631529          0.0000000000
   158   56  1          0.0000412011          0.0000000000          0.0000412011
                        0.0000412011          0.0000000000
    82   14  1          0.0006439513          0.0000000000          0.0006439513
                        0.0006439513          0.0000000000
   186  174  1         -0.0026673897          0.0000000000         -0.0026673897
                       -0.0026673897          0.0000000000
   186   32  1          0.0010656237          0.0000000000          0.0010656237
                        0.0010656237          0.0000000000
   131   14  1          0.0001140141          0.0000000000          0.0001140141
                        0.0001140141          0.0000000000
   113   56  1          0.0000241809          0.0000000000          0.0000241809
                        0.0000241809          0.0000000000
   156  131  1          0.0003474327          0.0000000000          0.0003474327
                        0.0003474327          0.0000000000
    87   77  1         -0.0020857594          0.0000000000         -0.0020857594
                       -0.0020857594          0.0000000000
   174   59  1         -0.0000245366          0.0000000000         -0.0000245366
                       -0.0000245366          0.0000000000
   186  155  1          0.0013861356          0.0000000000          0.0013861356
                        0.0013861356          0.0000000000
    87   82  1          0.0009277484          0.0000000000          0.0009277484
                        0.0009277484          0.0000000000
   186   75  1          0.0000253800          0.0000000000          0.0000253800
                        0.0000253800          0.0000000000
   176    8  1         -0.0027204338          0.0000000000         -0.0027204338
                       -0.0027204338          0.0000000000
   181  113  1          0.0004155229          0.0000000000          0.0004155229
                        0.0004155229          0.0000000000
   168   69  1          0.0000725775          0.0000000000          0.0000725775
                        0.0000725775          0.0000000000
   186  176  1         -0.0023579968          0.0000000000         -0.0023579968
                       -0.0023579968          0.0000000000
   155   57  1         -0.0001994947          0.0000000000         -0.0001994947
                       -0.0001994947          0.0000000000
   158  110  1          0.0001378015          0.0000000000          0.0001378015
                        0.0001378015          0.0000000000
   113   77  1         -0.0003727529          0.0000000000         -0.0003727529
                       -0.0003727529          0.0000000000
   186   11  1         -0.0053147350          0.0000000000         -0.0053147350
                       -0.0053147350          0.0000000000
    59   32  1         -0.0008223761          0.0000000000         -0.0008223761
                       -0.0008223761          0.0000000000
   119    2  1         -0.0002030514          0.0000000000         -0.0002030514
                       -0.0002030514          0.0000000000
   169   18  1          0.0002943236          0.0000000000          0.0002943236
                        0.0002943236          0.0000000000
   117   20  1          0.0001158736          0.0000000000          0.0001158736
                        0.0001158736          0.0000000000
   186   30  1         -0.0242745432          0.0000000000         -0.0242745432
                       -0.0242745432          0.0000000000
    70   18  1         -0.0026314040          0.0000000000         -0.0026314040
                       -0.0026314040          0.0000000000
    30   14  1         -0.0218226441          0.0000000000         -0.0218226441
                       -0.0218226441          0.0000000000
   106   58  1          0.0003113287          0.0000000000          0.0003113287
                        0.0003113287          0.0000000000
   157   20  1         -0.0002595268          0.0000000000         -0.0002595268
                       -0.0002595268          0.0000000000
   142   61  1         -0.0001263726          0.0000000000         -0.0001263726
                       -0.0001263726          0.0000000000
   154   58  1         -0.0005423000          0.0000000000         -0.0005423000
                       -0.0005423000          0.0000000000
   157   41  1         -0.0003359221          0.0000000000         -0.0003359221
                       -0.0003359221          0.0000000000
   117   70  1          0.0000442059          0.0000000000          0.0000442059
                        0.0000442059          0.0000000000
    45   18  1          0.0010877756          0.0000000000          0.0010877756
                        0.0010877756          0.0000000000
   169  117  1         -0.0003040655          0.0000000000         -0.0003040655
                       -0.0003040655          0.0000000000
   169  160  1         -0.0005622260          0.0000000000         -0.0005622260
                       -0.0005622260          0.0000000000
   160   41  1         -0.0000990989          0.0000000000         -0.0000990989
                       -0.0000990989          0.0000000000
   159  107  1         -0.0199240208          0.0000000000         -0.0199240208
                       -0.0199240208          0.0000000000
    92   45  1          0.0028677794          0.0000000000          0.0028677794
                        0.0028677794          0.0000000000
    55    2  1         -0.0003961316          0.0000000000         -0.0003961316
                       -0.0003961316          0.0000000000
   156  124  1         -0.0236806898          0.0000000000         -0.0236806898
                       -0.0236806898          0.0000000000
    69   36  1         -0.0000653498          0.0000000000         -0.0000653498
                       -0.0000653498          0.0000000000
    61    7  1         -0.0002440756          0.0000000000         -0.0002440756
                       -0.0002440756          0.0000000000
   160  144  1         -0.0009768638          0.0000000000         -0.0009768638
                       -0.0009768638          0.0000000000
   191   55  1          0.0000618724          0.0000000000          0.0000618724
                        0.0000618724          0.0000000000
    92   20  1          0.0009010770          0.0000000000          0.0009010770
                        0.0009010770          0.0000000000
   160   43  1         -0.0001675450          0.0000000000         -0.0001675450
                       -0.0001675450          0.0000000000
   157  119  1         -0.0026701674          0.0000000000         -0.0026701674
                       -0.0026701674          0.0000000000
   101   55  1          0.0001002108          0.0000000000          0.0001002108
                        0.0001002108          0.0000000000
   101    7  1          0.0007114228          0.0000000000          0.0007114228
                        0.0007114228          0.0000000000
    58   55  1         -0.0053135690          0.0000000000         -0.0053135690
                       -0.0053135690          0.0000000000
   154  101  1         -0.0000521983          0.0000000000         -0.0000521983
                       -0.0000521983          0.0000000000
    61   43  1         -0.0004583039          0.0000000000         -0.0004583039
                       -0.0004583039          0.0000000000
   158   60  1          0.0001477765          0.0000000000          0.0001477765
                        0.0001477765          0.0000000000
    30    8  1         -0.0257963995          0.0000000000         -0.0257963995
                       -0.0257963995          0.0000000000
   135   69  1         -0.0000107553          0.0000000000         -0.0000107553
                       -0.0000107553          0.0000000000
   191  140  1          0.0017987563          0.0000000000          0.0017987563
                        0.0017987563          0.0000000000
    61   45  1         -0.0005007107          0.0000000000         -0.0005007107
                       -0.0005007107          0.0000000000
   124  113  1         -0.0214150762          0.0000000000         -0.0214150762
                       -0.0214150762          0.0000000000
   142  117  1          0.0004361786          0.0000000000          0.0004361786
                        0.0004361786          0.0000000000
   191    7  1         -0.0004618831          0.0000000000         -0.0004618831
                       -0.0004618831          0.0000000000
   157  106  1         -0.0004437339          0.0000000000         -0.0004437339
                       -0.0004437339          0.0000000000
   106   38  1          0.0003466475          0.0000000000          0.0003466475
                        0.0003466475          0.0000000000
   125    8  1         -0.0002411418          0.0000000000         -0.0002411418
                       -0.0002411418          0.0000000000
    59   12  1          0.0000532098          0.0000000000          0.0000532098
                        0.0000532098          0.0000000000
   162  156  1         -0.0030843399          0.0000000000         -0.0030843399
                       -0.0030843399          0.0000000000
    72   20  1         -0.0012808167          0.0000000000         -0.0012808167
                       -0.0012808167          0.0000000000
    74   57  1          0.0015133348          0.0000000000          0.0015133348
                        0.0015133348          0.0000000000
   140   15  1          0.0000122416          0.0000000000          0.0000122416
                        0.0000122416          0.0000000000
    89   41  1         -0.0003593165          0.0000000000         -0.0003593165
                       -0.0003593165          0.0000000000
    90   45  1         -0.0002700428          0.0000000000         -0.0002700428
                       -0.0002700428          0.0000000000
    64   45  1          0.0002768101          0.0000000000          0.0002768101
                        0.0002768101          0.0000000000
   143   59  1         -0.0000216642          0.0000000000         -0.0000216642
                       -0.0000216642          0.0000000000
   109   41  1          0.0000235433          0.0000000000          0.0000235433
                        0.0000235433          0.0000000000
    89   43  1         -0.0009562331          0.0000000000         -0.0009562331
                       -0.0009562331          0.0000000000
   169   50  1          0.0006577236          0.0000000000          0.0006577236
                        0.0006577236          0.0000000000
   112  106  1         -0.0033974699          0.0000000000         -0.0033974699
                       -0.0033974699          0.0000000000
   180   57  1          0.0007521725          0.0000000000          0.0007521725
                        0.0007521725          0.0000000000
    64   43  1         -0.0001565068          0.0000000000         -0.0001565068
                       -0.0001565068          0.0000000000
   169   66  1          0.0004341710          0.0000000000          0.0004341710
                        0.0004341710          0.0000000000
   149    7  1         -0.0004144563          0.0000000000         -0.0004144563
                       -0.0004144563          0.0000000000
   169   72  1         -0.0001703460          0.0000000000         -0.0001703460
                       -0.0001703460          0.0000000000
   163   45  1          0.0004812571          0.0000000000          0.0004812571
                        0.0004812571          0.0000000000
   175    7  1          0.0008245776          0.0000000000          0.0008245776
                        0.0008245776          0.0000000000
   186  103  1         -0.0019535483          0.0000000000         -0.0019535483
                       -0.0019535483          0.0000000000
   195   14  1          0.0008346172          0.0000000000          0.0008346172
                        0.0008346172          0.0000000000
   149   70  1          0.0007934744          0.0000000000          0.0007934744
                        0.0007934744          0.0000000000
   106   13  1          0.0001162925          0.0000000000          0.0001162925
                        0.0001162925          0.0000000000
   113   39  1         -0.0002136504          0.0000000000         -0.0002136504
                       -0.0002136504          0.0000000000
   123   20  1         -0.0002035082          0.0000000000         -0.0002035082
                       -0.0002035082          0.0000000000
   102   20  1          0.0006826054          0.0000000000          0.0006826054
                        0.0006826054          0.0000000000
   122  106  1         -0.0013236327          0.0000000000         -0.0013236327
                       -0.0013236327          0.0000000000
    55    5  1          0.0001162001          0.0000000000          0.0001162001
                        0.0001162001          0.0000000000
    87    9  1          0.0028326616          0.0000000000          0.0028326616
                        0.0028326616          0.0000000000
    87   12  1         -0.0011504548          0.0000000000         -0.0011504548
                       -0.0011504548          0.0000000000
    44   14  1         -0.0012708187          0.0000000000         -0.0012708187
                       -0.0012708187          0.0000000000
   144    3  1          0.0010295870          0.0000000000          0.0010295870
                        0.0010295870          0.0000000000
   106   62  1          0.0001809188          0.0000000000          0.0001809188
                        0.0001809188          0.0000000000
   169   85  1          0.0002150591          0.0000000000          0.0002150591
                        0.0002150591          0.0000000000
   119   93  1          0.0001608990          0.0000000000          0.0001608990
                        0.0001608990          0.0000000000
   161  144  1          0.0014934116          0.0000000000          0.0014934116
                        0.0014934116          0.0000000000
   171   70  1         -0.0001140909          0.0000000000         -0.0001140909
                       -0.0001140909          0.0000000000
    81   57  1         -0.0047583363          0.0000000000         -0.0047583363
                       -0.0047583363          0.0000000000
   106   76  1          0.0007171890          0.0000000000          0.0007171890
                        0.0007171890          0.0000000000
   144   38  1         -0.0001394346          0.0000000000         -0.0001394346
                       -0.0001394346          0.0000000000
   180  156  1         -0.0051412093          0.0000000000         -0.0051412093
                       -0.0051412093          0.0000000000
   119    5  1          0.0011044596          0.0000000000          0.0011044596
                        0.0011044596          0.0000000000
   119   62  1          0.0003132929          0.0000000000          0.0003132929
                        0.0003132929          0.0000000000
    45   24  1         -0.0014250362          0.0000000000         -0.0014250362
                       -0.0014250362          0.0000000000
    84   45  1          0.0024733415          0.0000000000          0.0024733415
                        0.0024733415          0.0000000000
   163   70  1          0.0003212697          0.0000000000          0.0003212697
                        0.0003212697          0.0000000000
   189  154  1         -0.0001924161          0.0000000000         -0.0001924161
                       -0.0001924161          0.0000000000
   106   97  1          0.0035374874          0.0000000000          0.0035374874
                        0.0035374874          0.0000000000
    62   20  1          0.0039270039          0.0000000000          0.0039270039
                        0.0039270039          0.0000000000
   144   64  1          0.0005070158          0.0000000000          0.0005070158
                        0.0005070158          0.0000000000
   107   44  1         -0.0010699094          0.0000000000         -0.0010699094
                       -0.0010699094          0.0000000000
   113    9  1          0.0004285190          0.0000000000          0.0004285190
                        0.0004285190          0.0000000000
   113   12  1         -0.0005135213          0.0000000000         -0.0005135213
                       -0.0005135213          0.0000000000
   186   96  1         -0.0002062581          0.0000000000         -0.0002062581
                       -0.0002062581          0.0000000000
   162    8  1         -0.0017308608          0.0000000000         -0.0017308608
                       -0.0017308608          0.0000000000
   162   14  1         -0.0002830786          0.0000000000         -0.0002830786
                       -0.0002830786          0.0000000000
   113   31  1         -0.0004566767          0.0000000000         -0.0004566767
                       -0.0004566767          0.0000000000
   162  107  1         -0.0008186684          0.0000000000         -0.0008186684
                       -0.0008186684          0.0000000000
   165  119  1         -0.0027083735          0.0000000000         -0.0027083735
                       -0.0027083735          0.0000000000
   107   26  1         -0.0005531029          0.0000000000         -0.0005531029
                       -0.0005531029          0.0000000000
    76   20  1         -0.0008535126          0.0000000000         -0.0008535126
                       -0.0008535126          0.0000000000
    19    7  1          0.0019020795          0.0000000000          0.0019020795
                        0.0019020795          0.0000000000
   140   24  1         -0.0002086342          0.0000000000         -0.0002086342
                       -0.0002086342          0.0000000000
    63   57  1         -0.0028648299          0.0000000000         -0.0028648299
                       -0.0028648299          0.0000000000
    57   31  1          0.0019270756          0.0000000000          0.0019270756
                        0.0019270756          0.0000000000
    15    7  1         -0.0008020844          0.0000000000         -0.0008020844
                       -0.0008020844          0.0000000000
    43    5  1          0.0001416250          0.0000000000          0.0001416250
                        0.0001416250          0.0000000000
   114   41  1          0.0000220213          0.0000000000          0.0000220213
                        0.0000220213          0.0000000000
    57   12  1          0.0000578708          0.0000000000          0.0000578708
                        0.0000578708          0.0000000000
   107   91  1          0.0013975179          0.0000000000          0.0013975179
                        0.0013975179          0.0000000000
   158  103  1         -0.0000522715          0.0000000000         -0.0000522715
                       -0.0000522715          0.0000000000
   112   55  1          0.0001574946          0.0000000000          0.0001574946
                        0.0001574946          0.0000000000
   112   41  1         -0.0000231240          0.0000000000         -0.0000231240
                       -0.0000231240          0.0000000000
    63   59  1         -0.0019522273          0.0000000000         -0.0019522273
                       -0.0019522273          0.0000000000
   140   64  1          0.0002524395          0.0000000000          0.0002524395
                        0.0002524395          0.0000000000
   130    8  1         -0.0065389863          0.0000000000         -0.0065389863
                       -0.0065389863          0.0000000000
   156  130  1          0.0018610907          0.0000000000          0.0018610907
                        0.0018610907          0.0000000000
   111  107  1         -0.0030934090          0.0000000000         -0.0030934090
                       -0.0030934090          0.0000000000
    80   57  1          0.0009808081          0.0000000000          0.0009808081
                        0.0009808081          0.0000000000
   156   74  1          0.0003985438          0.0000000000          0.0003985438
                        0.0003985438          0.0000000000
   165  154  1         -0.0003050289          0.0000000000         -0.0003050289
                       -0.0003050289          0.0000000000
   156   12  1         -0.0005335934          0.0000000000         -0.0005335934
                       -0.0005335934          0.0000000000
   190  113  1         -0.0022417341          0.0000000000         -0.0022417341
                       -0.0022417341          0.0000000000
   195  107  1         -0.0002786199          0.0000000000         -0.0002786199
                       -0.0002786199          0.0000000000
   140   90  1          0.0005469622          0.0000000000          0.0005469622
                        0.0005469622          0.0000000000
   153  106  1          0.0006464005          0.0000000000          0.0006464005
                        0.0006464005          0.0000000000
    96    8  1         -0.0006095178          0.0000000000         -0.0006095178
                       -0.0006095178          0.0000000000
   145  135  1         -0.0001360961          0.0000000000         -0.0001360961
                       -0.0001360961          0.0000000000
   154   47  1          0.0004301361          0.0000000000          0.0004301361
                        0.0004301361          0.0000000000
    55   23  1          0.0003338544          0.0000000000          0.0003338544
                        0.0003338544          0.0000000000
    55   10  1          0.0001613801          0.0000000000          0.0001613801
                        0.0001613801          0.0000000000
   195  113  1         -0.0015832834          0.0000000000         -0.0015832834
                       -0.0015832834          0.0000000000
   175   20  1          0.0007836153          0.0000000000          0.0007836153
                        0.0007836153          0.0000000000
   165  106  1          0.0010605583          0.0000000000          0.0010605583
                        0.0010605583          0.0000000000
    76   41  1         -0.0012453108          0.0000000000         -0.0012453108
                       -0.0012453108          0.0000000000
    87   80  1          0.0010988308          0.0000000000          0.0010988308
                        0.0010988308          0.0000000000
    87   81  1          0.0002453071          0.0000000000          0.0002453071
                        0.0002453071          0.0000000000
   154  122  1          0.0002743982          0.0000000000          0.0002743982
                        0.0002743982          0.0000000000
   106  102  1          0.0033784438          0.0000000000          0.0033784438
                        0.0033784438          0.0000000000
   106   90  1          0.0018490263          0.0000000000          0.0018490263
                        0.0018490263          0.0000000000
   106   84  1          0.0011055944          0.0000000000          0.0011055944
                        0.0011055944          0.0000000000
   106   66  1          0.0010327342          0.0000000000          0.0010327342
                        0.0010327342          0.0000000000
   149  140  1         -0.0010085452          0.0000000000         -0.0010085452
                       -0.0010085452          0.0000000000
   149  106  1          0.0010167256          0.0000000000          0.0010167256
                        0.0010167256          0.0000000000
   106    3  1          0.0008213917          0.0000000000          0.0008213917
                        0.0008213917          0.0000000000
   149  144  1         -0.0038742077          0.0000000000         -0.0038742077
                       -0.0038742077          0.0000000000
   135   46  1         -0.0000775623          0.0000000000         -0.0000775623
                       -0.0000775623          0.0000000000
    97   70  1         -0.0010343010          0.0000000000         -0.0010343010
                       -0.0010343010          0.0000000000
   175  142  1          0.0011640483          0.0000000000          0.0011640483
                        0.0011640483          0.0000000000
    50   43  1         -0.0019894464          0.0000000000         -0.0019894464
                       -0.0019894464          0.0000000000
   153   41  1         -0.0002641078          0.0000000000         -0.0002641078
                       -0.0002641078          0.0000000000
   104   45  1          0.0012343331          0.0000000000          0.0012343331
                        0.0012343331          0.0000000000
    74   14  1         -0.0036265919          0.0000000000         -0.0036265919
                       -0.0036265919          0.0000000000
   132   70  1         -0.0004601449          0.0000000000         -0.0004601449
                       -0.0004601449          0.0000000000
   109    7  1         -0.0012074080          0.0000000000         -0.0012074080
                       -0.0012074080          0.0000000000
   180  158  1          0.0000389441          0.0000000000          0.0000389441
                        0.0000389441          0.0000000000
   188    7  1         -0.0005922560          0.0000000000         -0.0005922560
                       -0.0005922560          0.0000000000
   119   24  1         -0.0001706176          0.0000000000         -0.0001706176
                       -0.0001706176          0.0000000000
   144  114  1          0.0010054404          0.0000000000          0.0010054404
                        0.0010054404          0.0000000000
    50   45  1         -0.0038170287          0.0000000000         -0.0038170287
                       -0.0038170287          0.0000000000
   144   50  1          0.0036781633          0.0000000000          0.0036781633
                        0.0036781633          0.0000000000
    72   55  1          0.0002983785          0.0000000000          0.0002983785
                        0.0002983785          0.0000000000
   119   64  1          0.0003745892          0.0000000000          0.0003745892
                        0.0003745892          0.0000000000
   102    7  1          0.0007965087          0.0000000000          0.0007965087
                        0.0007965087          0.0000000000
   154   13  1          0.0001104483          0.0000000000          0.0001104483
                        0.0001104483          0.0000000000
    55   24  1         -0.0010983429          0.0000000000         -0.0010983429
                       -0.0010983429          0.0000000000
   142  112  1          0.0008467116          0.0000000000          0.0008467116
                        0.0008467116          0.0000000000
   142   72  1         -0.0002033904          0.0000000000         -0.0002033904
                       -0.0002033904          0.0000000000
   142   38  1         -0.0001498248          0.0000000000         -0.0001498248
                       -0.0001498248          0.0000000000
   186  162  1         -0.0014860839          0.0000000000         -0.0014860839
                       -0.0014860839          0.0000000000
    26    8  1         -0.0037244736          0.0000000000         -0.0037244736
                       -0.0037244736          0.0000000000
   196  140  1         -0.0000859450          0.0000000000         -0.0000859450
                       -0.0000859450          0.0000000000
   113   91  1          0.0002865397          0.0000000000          0.0002865397
                        0.0002865397          0.0000000000
   175   43  1          0.0005561001          0.0000000000          0.0005561001
                        0.0005561001          0.0000000000
   188   55  1          0.0000736468          0.0000000000          0.0000736468
                        0.0000736468          0.0000000000
    89   55  1          0.0002266267          0.0000000000          0.0002266267
                        0.0002266267          0.0000000000
   140   72  1         -0.0001527990          0.0000000000         -0.0001527990
                       -0.0001527990          0.0000000000
   178  113  1         -0.0017623168          0.0000000000         -0.0017623168
                       -0.0017623168          0.0000000000
   146  119  1          0.0014393551          0.0000000000          0.0014393551
                        0.0014393551          0.0000000000
    70   23  1         -0.0008708269          0.0000000000         -0.0008708269
                       -0.0008708269          0.0000000000
   111   59  1         -0.0000066643          0.0000000000         -0.0000066643
                       -0.0000066643          0.0000000000
   154   89  1          0.0000833603          0.0000000000          0.0000833603
                        0.0000833603          0.0000000000
   188   70  1          0.0000296892          0.0000000000          0.0000296892
                        0.0000296892          0.0000000000
   188  119  1          0.0025528519          0.0000000000          0.0025528519
                        0.0025528519          0.0000000000
   186   12  1         -0.0035249394          0.0000000000         -0.0035249394
                       -0.0035249394          0.0000000000
   158   31  1          0.0000059489          0.0000000000          0.0000059489
                        0.0000059489          0.0000000000
   190    8  1          0.0009700923          0.0000000000          0.0009700923
                        0.0009700923          0.0000000000
   192   41  1          0.0002652618          0.0000000000          0.0002652618
                        0.0002652618          0.0000000000
   186  178  1         -0.0008969815          0.0000000000         -0.0008969815
                       -0.0008969815          0.0000000000
   154  137  1          0.0003022694          0.0000000000          0.0003022694
                        0.0003022694          0.0000000000
    93    7  1          0.0017928092          0.0000000000          0.0017928092
                        0.0017928092          0.0000000000
   132   20  1         -0.0009562114          0.0000000000         -0.0009562114
                       -0.0009562114          0.0000000000
    66    7  1          0.0007766067          0.0000000000          0.0007766067
                        0.0007766067          0.0000000000
    70   50  1         -0.0002210858          0.0000000000         -0.0002210858
                       -0.0002210858          0.0000000000
   106   47  1          0.0005341926          0.0000000000          0.0005341926
                        0.0005341926          0.0000000000
    66   20  1         -0.0017400139          0.0000000000         -0.0017400139
                       -0.0017400139          0.0000000000
   118   45  1          0.0002351697          0.0000000000          0.0002351697
                        0.0002351697          0.0000000000
   140   76  1          0.0003842374          0.0000000000          0.0003842374
                        0.0003842374          0.0000000000
   142   76  1          0.0005523012          0.0000000000          0.0005523012
                        0.0005523012          0.0000000000
    70   47  1          0.0001672950          0.0000000000          0.0001672950
                        0.0001672950          0.0000000000
    50    7  1          0.0010912071          0.0000000000          0.0010912071
                        0.0010912071          0.0000000000
   142   33  1         -0.0005467771          0.0000000000         -0.0005467771
                       -0.0005467771          0.0000000000
   169   33  1         -0.0004151053          0.0000000000         -0.0004151053
                       -0.0004151053          0.0000000000
    43   23  1          0.0003951530          0.0000000000          0.0003951530
                        0.0003951530          0.0000000000
   175  169  1         -0.0016492816          0.0000000000         -0.0016492816
                       -0.0016492816          0.0000000000
    45   23  1          0.0008937036          0.0000000000          0.0008937036
                        0.0008937036          0.0000000000
   132   41  1         -0.0004073781          0.0000000000         -0.0004073781
                       -0.0004073781          0.0000000000
   183   45  1         -0.0000868329          0.0000000000         -0.0000868329
                       -0.0000868329          0.0000000000
   179    8  1          0.0013067704          0.0000000000          0.0013067704
                        0.0013067704          0.0000000000
    93   45  1         -0.0003477627          0.0000000000         -0.0003477627
                       -0.0003477627          0.0000000000
   153   55  1         -0.0011531910          0.0000000000         -0.0011531910
                       -0.0011531910          0.0000000000
   156    4  1         -0.0000202129          0.0000000000         -0.0000202129
                       -0.0000202129          0.0000000000
   156   26  1          0.0001432083          0.0000000000          0.0001432083
                        0.0001432083          0.0000000000
   179  107  1          0.0010859093          0.0000000000          0.0010859093
                        0.0010859093          0.0000000000
   142  132  1         -0.0000810281          0.0000000000         -0.0000810281
                       -0.0000810281          0.0000000000
   153   70  1         -0.0000566188          0.0000000000         -0.0000566188
                       -0.0000566188          0.0000000000
   189   41  1          0.0005086475          0.0000000000          0.0005086475
                        0.0005086475          0.0000000000
   169  104  1         -0.0004373720          0.0000000000         -0.0004373720
                       -0.0004373720          0.0000000000
   105    1  1         -0.0009091983          0.0000000000         -0.0009091983
                       -0.0009091983          0.0000000000
   154   21  1         -0.0136396043          0.0000000000         -0.0136396043
                       -0.0136396043          0.0000000000
   194   87  1          0.0015319198          0.0000000000          0.0015319198
                        0.0015319198          0.0000000000
    45   21  1         -0.0201724683          0.0000000000         -0.0201724683
                       -0.0201724683          0.0000000000
   140   34  1         -0.0151516460          0.0000000000         -0.0151516460
                       -0.0151516460          0.0000000000
   106   35  1         -0.0154496907          0.0000000000         -0.0154496907
                       -0.0154496907          0.0000000000
   106   65  1         -0.0166507432          0.0000000000         -0.0166507432
                       -0.0166507432          0.0000000000
   120   41  1         -0.0131242872          0.0000000000         -0.0131242872
                       -0.0131242872          0.0000000000
   168   18  1          0.0000144461          0.0000000000          0.0000144461
                        0.0000144461          0.0000000000
   113   67  1          0.0001216746          0.0000000000          0.0001216746
                        0.0001216746          0.0000000000
   166   57  1         -0.0000489290          0.0000000000         -0.0000489290
                       -0.0000489290          0.0000000000
   117   69  1          0.0000064817          0.0000000000          0.0000064817
                        0.0000064817          0.0000000000
   164    7  1         -0.0169783226          0.0000000000         -0.0169783226
                       -0.0169783226          0.0000000000
   168  101  1         -0.0011836059          0.0000000000         -0.0011836059
                       -0.0011836059          0.0000000000
   119   34  1         -0.0167396483          0.0000000000         -0.0167396483
                       -0.0167396483          0.0000000000
   194    8  1          0.0016439164          0.0000000000          0.0016439164
                        0.0016439164          0.0000000000
   157   69  1          0.0000017731          0.0000000000          0.0000017731
                        0.0000017731          0.0000000000
    65   20  1         -0.0334579220          0.0000000000         -0.0334579220
                       -0.0334579220          0.0000000000
   182   53  1          0.0006680753          0.0000000000          0.0006680753
                        0.0006680753          0.0000000000
   152   88  1          0.0000260474          0.0000000000          0.0000260474
                        0.0000260474          0.0000000000
   140  134  1         -0.0260402515          0.0000000000         -0.0260402515
                       -0.0260402515          0.0000000000
   106   34  1         -0.0169394051          0.0000000000         -0.0169394051
                       -0.0169394051          0.0000000000
    65   41  1         -0.0185648097          0.0000000000         -0.0185648097
                       -0.0185648097          0.0000000000
   194  107  1          0.0013084094          0.0000000000          0.0013084094
                        0.0013084094          0.0000000000
   141  100  1         -0.0001191668          0.0000000000         -0.0001191668
                       -0.0001191668          0.0000000000
   120   43  1         -0.0163997189          0.0000000000         -0.0163997189
                       -0.0163997189          0.0000000000
    69   18  1          0.0003538930          0.0000000000          0.0003538930
                        0.0003538930          0.0000000000
   142  134  1         -0.0291486751          0.0000000000         -0.0291486751
                       -0.0291486751          0.0000000000
   133   70  1         -0.0123466910          0.0000000000         -0.0123466910
                       -0.0123466910          0.0000000000
   141  121  1         -0.0000305423          0.0000000000         -0.0000305423
                       -0.0000305423          0.0000000000
   140  133  1         -0.0206851917          0.0000000000         -0.0206851917
                       -0.0206851917          0.0000000000
   134   41  1         -0.0122871236          0.0000000000         -0.0122871236
                       -0.0122871236          0.0000000000
    70   34  1         -0.0206431327          0.0000000000         -0.0206431327
                       -0.0206431327          0.0000000000
    83   53  1          0.0003550662          0.0000000000          0.0003550662
                        0.0003550662          0.0000000000
   120   70  1         -0.0137088367          0.0000000000         -0.0137088367
                       -0.0137088367          0.0000000000
    88   53  1          0.0002536543          0.0000000000          0.0002536543
                        0.0002536543          0.0000000000
    69    2  1         -0.0020161186          0.0000000000         -0.0020161186
                       -0.0020161186          0.0000000000
    43   35  1         -0.0275789883          0.0000000000         -0.0275789883
                       -0.0275789883          0.0000000000
   142   34  1         -0.0201323879          0.0000000000         -0.0201323879
                       -0.0201323879          0.0000000000
   134   70  1         -0.0112368301          0.0000000000         -0.0112368301
                       -0.0112368301          0.0000000000
   187   53  1          0.0000366568          0.0000000000          0.0000366568
                        0.0000366568          0.0000000000
   168  137  1          0.0000242071          0.0000000000          0.0000242071
                        0.0000242071          0.0000000000
   132   69  1         -0.0000457367          0.0000000000         -0.0000457367
                       -0.0000457367          0.0000000000
    46    2  1          0.0000148395          0.0000000000          0.0000148395
                        0.0000148395          0.0000000000
    53   32  1         -0.0002194212          0.0000000000         -0.0002194212
                       -0.0002194212          0.0000000000
   122   69  1          0.0000429516          0.0000000000          0.0000429516
                        0.0000429516          0.0000000000
   170   99  1          0.0018128974          0.0000000000          0.0018128974
                        0.0018128974          0.0000000000
    69   19  1         -0.0002016669          0.0000000000         -0.0002016669
                       -0.0002016669          0.0000000000
   168   85  1          0.0000748188          0.0000000000          0.0000748188
                        0.0000748188          0.0000000000
   168   38  1         -0.0000000846          0.0000000000         -0.0000000846
                       -0.0000000846          0.0000000000
   176   53  1          0.0001275276          0.0000000000          0.0001275276
                        0.0001275276          0.0000000000
    69   24  1          0.0006281374          0.0000000000          0.0006281374
                        0.0006281374          0.0000000000
    89   69  1          0.0003736710          0.0000000000          0.0003736710
                        0.0003736710          0.0000000000
   192   69  1          0.0000398647          0.0000000000          0.0000398647
                        0.0000398647          0.0000000000
    56   53  1         -0.0007135203          0.0000000000         -0.0007135203
                       -0.0007135203          0.0000000000
   157   46  1         -0.0000711445          0.0000000000         -0.0000711445
                       -0.0000711445          0.0000000000
   198   28  1         -0.0003249435          0.0000000000         -0.0003249435
                       -0.0003249435          0.0000000000
   102   69  1          0.0000652510          0.0000000000          0.0000652510
                        0.0000652510          0.0000000000
   152  110  1          0.0000648746          0.0000000000          0.0000648746
                        0.0000648746          0.0000000000
   168   10  1         -0.0001323927          0.0000000000         -0.0001323927
                       -0.0001323927          0.0000000000
   189  168  1         -0.0004580365          0.0000000000         -0.0004580365
                       -0.0004580365          0.0000000000
    69   50  1          0.0000275865          0.0000000000          0.0000275865
                        0.0000275865          0.0000000000
   153   69  1          0.0000196270          0.0000000000          0.0000196270
                        0.0000196270          0.0000000000
    77   53  1          0.0001437536          0.0000000000          0.0001437536
                        0.0001437536          0.0000000000
   196  168  1         -0.0006334058          0.0000000000         -0.0006334058
                       -0.0006334058          0.0000000000
    36    2  1         -0.0000151823          0.0000000000         -0.0000151823
                       -0.0000151823          0.0000000000
   188   69  1          0.0000066163          0.0000000000          0.0000066163
                        0.0000066163          0.0000000000
    69   54  1          0.0000188349          0.0000000000          0.0000188349
                        0.0000188349          0.0000000000
   135  101  1         -0.0000146770          0.0000000000         -0.0000146770
                       -0.0000146770          0.0000000000
    99   28  1          0.0012185519          0.0000000000          0.0012185519
                        0.0012185519          0.0000000000
   135   61  1         -0.0000020239          0.0000000000         -0.0000020239
                       -0.0000020239          0.0000000000
   184  168  1          0.0003647795          0.0000000000          0.0003647795
                        0.0003647795          0.0000000000
   155  152  1         -0.0008667214          0.0000000000         -0.0008667214
                       -0.0008667214          0.0000000000
   168  123  1          0.0004365337          0.0000000000          0.0004365337
                        0.0004365337          0.0000000000
    46   23  1          0.0001111597          0.0000000000          0.0001111597
                        0.0001111597          0.0000000000
    90   36  1         -0.0001554466          0.0000000000         -0.0001554466
                       -0.0001554466          0.0000000000
   135    5  1         -0.0000133442          0.0000000000         -0.0000133442
                       -0.0000133442          0.0000000000
   135  102  1         -0.0000491960          0.0000000000         -0.0000491960
                       -0.0000491960          0.0000000000
   135  123  1          0.0002705886          0.0000000000          0.0002705886
                        0.0002705886          0.0000000000
    60   53  1         -0.0007782601          0.0000000000         -0.0007782601
                       -0.0007782601          0.0000000000
    84   46  1          0.0000921773          0.0000000000          0.0000921773
                        0.0000921773          0.0000000000
   164   69  1         -0.0004959194          0.0000000000         -0.0004959194
                       -0.0004959194          0.0000000000
    89   46  1         -0.0000925081          0.0000000000         -0.0000925081
                       -0.0000925081          0.0000000000
   145   24  1         -0.0001316290          0.0000000000         -0.0001316290
                       -0.0001316290          0.0000000000
   145   50  1          0.0000434696          0.0000000000          0.0000434696
                        0.0000434696          0.0000000000
   145   72  1         -0.0000098013          0.0000000000         -0.0000098013
                       -0.0000098013          0.0000000000
   145   85  1         -0.0001090122          0.0000000000         -0.0001090122
                       -0.0001090122          0.0000000000
   145  118  1          0.0001276098          0.0000000000          0.0001276098
                        0.0001276098          0.0000000000
    46    5  1          0.0000358801          0.0000000000          0.0000358801
                        0.0000358801          0.0000000000
    46   13  1         -0.0000701343          0.0000000000         -0.0000701343
                       -0.0000701343          0.0000000000
   152  124  1          0.0021448114          0.0000000000          0.0021448114
                        0.0021448114          0.0000000000
   152   30  1          0.0018993632          0.0000000000          0.0018993632
                        0.0018993632          0.0000000000
    76   46  1          0.0000854457          0.0000000000          0.0000854457
                        0.0000854457          0.0000000000
   192  145  1         -0.0000039768          0.0000000000         -0.0000039768
                       -0.0000039768          0.0000000000
   149   36  1         -0.0000230053          0.0000000000         -0.0000230053
                       -0.0000230053          0.0000000000
   153   36  1          0.0001157513          0.0000000000          0.0001157513
                        0.0001157513          0.0000000000
   104   46  1         -0.0000107855          0.0000000000         -0.0000107855
                       -0.0000107855          0.0000000000
   146   36  1         -0.0000365058          0.0000000000         -0.0000365058
                       -0.0000365058          0.0000000000
   145  104  1          0.0000402200          0.0000000000          0.0000402200
                        0.0000402200          0.0000000000
   145   84  1         -0.0000580601          0.0000000000         -0.0000580601
                       -0.0000580601          0.0000000000
   145   38  1         -0.0000292929          0.0000000000         -0.0000292929
                       -0.0000292929          0.0000000000
   145   13  1          0.0000296216          0.0000000000          0.0000296216
                        0.0000296216          0.0000000000
    66   46  1          0.0000563775          0.0000000000          0.0000563775
                        0.0000563775          0.0000000000
   183  135  1          0.0003830461          0.0000000000          0.0003830461
                        0.0003830461          0.0000000000
   188   46  1          0.0000327727          0.0000000000          0.0000327727
                        0.0000327727          0.0000000000
   175   36  1         -0.0000609400          0.0000000000         -0.0000609400
                       -0.0000609400          0.0000000000
    69   21  1          0.0000587212          0.0000000000          0.0000587212
                        0.0000587212          0.0000000000
    90   46  1          0.0001417742          0.0000000000          0.0001417742
                        0.0001417742          0.0000000000
   192   36  1         -0.0000040157          0.0000000000         -0.0000040157
                       -0.0000040157          0.0000000000
   188  145  1         -0.0001082569          0.0000000000         -0.0001082569
                       -0.0001082569          0.0000000000
    89   36  1         -0.0000488776          0.0000000000         -0.0000488776
                       -0.0000488776          0.0000000000
   161   46  1          0.0000343314          0.0000000000          0.0000343314
                        0.0000343314          0.0000000000
    47   36  1         -0.0002240457          0.0000000000         -0.0002240457
                       -0.0002240457          0.0000000000
    93   36  1         -0.0000509231          0.0000000000         -0.0000509231
                       -0.0000509231          0.0000000000
    50   46  1         -0.0007629758          0.0000000000         -0.0007629758
                       -0.0007629758          0.0000000000
   183   36  1         -0.0000653271          0.0000000000         -0.0000653271
                       -0.0000653271          0.0000000000
   191  117  1          0.0000545104          0.0000000000          0.0000545104
                        0.0000545104          0.0000000000
   125   53  1          0.0001898204          0.0000000000          0.0001898204
                        0.0001898204          0.0000000000
   133   36  1          0.0004543400          0.0000000000          0.0004543400
                        0.0004543400          0.0000000000
   117   58  1         -0.0000051163          0.0000000000         -0.0000051163
                       -0.0000051163          0.0000000000
   164  145  1          0.0011090836          0.0000000000          0.0011090836
                        0.0011090836          0.0000000000
    18    2  1          0.0000045801          0.0000000000          0.0000045801
                        0.0000045801          0.0000000000
    58    2  1         -0.0000568709          0.0000000000         -0.0000568709
                       -0.0000568709          0.0000000000
   160    2  1          0.0000628340          0.0000000000          0.0000628340
                        0.0000628340          0.0000000000
    96   53  1         -0.0000039757          0.0000000000         -0.0000039757
                       -0.0000039757          0.0000000000
   133   46  1         -0.0009326681          0.0000000000         -0.0009326681
                       -0.0009326681          0.0000000000
   152  111  1          0.0000785862          0.0000000000          0.0000785862
                        0.0000785862          0.0000000000
   152   79  1         -0.0005687300          0.0000000000         -0.0005687300
                       -0.0005687300          0.0000000000
   152   39  1          0.0001063969          0.0000000000          0.0001063969
                        0.0001063969          0.0000000000
   152   12  1          0.0000808280          0.0000000000          0.0000808280
                        0.0000808280          0.0000000000
    46   34  1          0.0007554911          0.0000000000          0.0007554911
                        0.0007554911          0.0000000000
    53   26  1          0.0000960609          0.0000000000          0.0000960609
                        0.0000960609          0.0000000000
    53    9  1         -0.0000137361          0.0000000000         -0.0000137361
                       -0.0000137361          0.0000000000
   145   34  1         -0.0015724872          0.0000000000         -0.0015724872
                       -0.0015724872          0.0000000000
   143   53  1         -0.0000068654          0.0000000000         -0.0000068654
                       -0.0000068654          0.0000000000
   101    2  1         -0.0007338666          0.0000000000         -0.0007338666
                       -0.0007338666          0.0000000000
    46   21  1          0.0003146132          0.0000000000          0.0003146132
                        0.0003146132          0.0000000000
    80   53  1         -0.0000341879          0.0000000000         -0.0000341879
                       -0.0000341879          0.0000000000
   135   35  1          0.0004265282          0.0000000000          0.0004265282
                        0.0004265282          0.0000000000
    63   53  1         -0.0000259511          0.0000000000         -0.0000259511
                       -0.0000259511          0.0000000000
   191  101  1          0.0000449308          0.0000000000          0.0000449308
                        0.0000449308          0.0000000000
    58    3  1         -0.0000236815          0.0000000000         -0.0000236815
                       -0.0000236815          0.0000000000
   161   92  1         -0.0000040953          0.0000000000         -0.0000040953
                       -0.0000040953          0.0000000000
   117   10  1         -0.0000104333          0.0000000000         -0.0000104333
                       -0.0000104333          0.0000000000
    97   18  1          0.0000263400          0.0000000000          0.0000263400
                        0.0000263400          0.0000000000
   117   19  1          0.0000042282          0.0000000000          0.0000042282
                        0.0000042282          0.0000000000
   191   89  1         -0.0000179181          0.0000000000         -0.0000179181
                       -0.0000179181          0.0000000000
    88   70  1          0.0019235186          0.0000000000          0.0019235186
                        0.0019235186          0.0000000000
   175   18  1          0.0000573883          0.0000000000          0.0000573883
                        0.0000573883          0.0000000000
   136   70  1         -0.0001479133          0.0000000000         -0.0001479133
                       -0.0001479133          0.0000000000
   175  101  1          0.0000499898          0.0000000000          0.0000499898
                        0.0000499898          0.0000000000
    98   70  1         -0.0003335979          0.0000000000         -0.0003335979
                       -0.0003335979          0.0000000000
   149   92  1          0.0001672553          0.0000000000          0.0001672553
                        0.0001672553          0.0000000000
   137    2  1          0.0000181572          0.0000000000          0.0000181572
                        0.0000181572          0.0000000000
    62    2  1         -0.0000438974          0.0000000000         -0.0000438974
                       -0.0000438974          0.0000000000
    61   47  1          0.0000342557          0.0000000000          0.0000342557
                        0.0000342557          0.0000000000
    89   18  1          0.0002318582          0.0000000000          0.0002318582
                        0.0002318582          0.0000000000
   171   18  1          0.0000125525          0.0000000000          0.0000125525
                        0.0000125525          0.0000000000
    58   10  1         -0.0001106577          0.0000000000         -0.0001106577
                       -0.0001106577          0.0000000000
   187  154  1          0.0014399915          0.0000000000          0.0014399915
                        0.0014399915          0.0000000000
    85   61  1          0.0001793552          0.0000000000          0.0001793552
                        0.0001793552          0.0000000000
   191   97  1         -0.0001214476          0.0000000000         -0.0001214476
                       -0.0001214476          0.0000000000
   119   98  1         -0.0003447674          0.0000000000         -0.0003447674
                       -0.0003447674          0.0000000000
   165   92  1         -0.0000885475          0.0000000000         -0.0000885475
                       -0.0000885475          0.0000000000
   192   92  1         -0.0000748700          0.0000000000         -0.0000748700
                       -0.0000748700          0.0000000000
   191  165  1          0.0000742078          0.0000000000          0.0000742078
                        0.0000742078          0.0000000000
   136   43  1         -0.0001976005          0.0000000000         -0.0001976005
                       -0.0001976005          0.0000000000
   165  101  1         -0.0002236603          0.0000000000         -0.0002236603
                       -0.0002236603          0.0000000000
   117   84  1          0.0000006812          0.0000000000          0.0000006812
                        0.0000006812          0.0000000000
    83   45  1         -0.0021574760          0.0000000000         -0.0021574760
                       -0.0021574760          0.0000000000
   165   58  1          0.0000075303          0.0000000000          0.0000075303
                        0.0000075303          0.0000000000
   187  144  1          0.0056910100          0.0000000000          0.0056910100
                        0.0056910100          0.0000000000
   157   76  1         -0.0000574288          0.0000000000         -0.0000574288
                       -0.0000574288          0.0000000000
    58   15  1         -0.0002168628          0.0000000000         -0.0002168628
                       -0.0002168628          0.0000000000
   192  160  1         -0.0001994855          0.0000000000         -0.0001994855
                       -0.0001994855          0.0000000000
   197   43  1         -0.0001175914          0.0000000000         -0.0001175914
                       -0.0001175914          0.0000000000
   117   72  1         -0.0000058034          0.0000000000         -0.0000058034
                       -0.0000058034          0.0000000000
    97   61  1         -0.0000117155          0.0000000000         -0.0000117155
                       -0.0000117155          0.0000000000
   114  101  1          0.0001338207          0.0000000000          0.0001338207
                        0.0001338207          0.0000000000
   114   58  1         -0.0000257551          0.0000000000         -0.0000257551
                       -0.0000257551          0.0000000000
   197  142  1         -0.0009888298          0.0000000000         -0.0009888298
                       -0.0009888298          0.0000000000
   160  114  1         -0.0003462992          0.0000000000         -0.0003462992
                       -0.0003462992          0.0000000000
   160   93  1          0.0000166868          0.0000000000          0.0000166868
                        0.0000166868          0.0000000000
   160   72  1         -0.0000127480          0.0000000000         -0.0000127480
                       -0.0000127480          0.0000000000
   160   50  1         -0.0000560716          0.0000000000         -0.0000560716
                       -0.0000560716          0.0000000000
   160   15  1         -0.0000124175          0.0000000000         -0.0000124175
                       -0.0000124175          0.0000000000
   191  163  1         -0.0004491414          0.0000000000         -0.0004491414
                       -0.0004491414          0.0000000000
   191  146  1          0.0000169168          0.0000000000          0.0000169168
                        0.0000169168          0.0000000000
   112   61  1         -0.0000255023          0.0000000000         -0.0000255023
                       -0.0000255023          0.0000000000
   157  137  1         -0.0005733813          0.0000000000         -0.0005733813
                       -0.0005733813          0.0000000000
   157   93  1          0.0000146495          0.0000000000          0.0000146495
                        0.0000146495          0.0000000000
   157   50  1         -0.0002391801          0.0000000000         -0.0002391801
                       -0.0002391801          0.0000000000
   157   13  1         -0.0000448246          0.0000000000         -0.0000448246
                       -0.0000448246          0.0000000000
   137   92  1         -0.0000239949          0.0000000000         -0.0000239949
                       -0.0000239949          0.0000000000
   117   93  1          0.0000113722          0.0000000000          0.0000113722
                        0.0000113722          0.0000000000
   136   20  1         -0.0002276862          0.0000000000         -0.0002276862
                       -0.0002276862          0.0000000000
   157  123  1          0.0002605436          0.0000000000          0.0002605436
                        0.0002605436          0.0000000000
   109   58  1         -0.0000113768          0.0000000000         -0.0000113768
                       -0.0000113768          0.0000000000
   109   18  1         -0.0000338402          0.0000000000         -0.0000338402
                       -0.0000338402          0.0000000000
    23    2  1          0.0002566500          0.0000000000          0.0002566500
                        0.0002566500          0.0000000000
   191   76  1          0.0000241972          0.0000000000          0.0000241972
                        0.0000241972          0.0000000000
   194   53  1         -0.0000673481          0.0000000000         -0.0000673481
                       -0.0000673481          0.0000000000
   182  106  1          0.0030760061          0.0000000000          0.0030760061
                        0.0030760061          0.0000000000
   160   24  1          0.0000371127          0.0000000000          0.0000371127
                        0.0000371127          0.0000000000
   106   88  1         -0.0024358116          0.0000000000         -0.0024358116
                       -0.0024358116          0.0000000000
    54    2  1         -0.0000357910          0.0000000000         -0.0000357910
                       -0.0000357910          0.0000000000
    92   15  1          0.0002999318          0.0000000000          0.0002999318
                        0.0002999318          0.0000000000
   182  169  1          0.0010136492          0.0000000000          0.0010136492
                        0.0010136492          0.0000000000
   183    2  1          0.0000357255          0.0000000000          0.0000357255
                        0.0000357255          0.0000000000
    38    2  1         -0.0000399132          0.0000000000         -0.0000399132
                       -0.0000399132          0.0000000000
   104   58  1          0.0000627137          0.0000000000          0.0000627137
                        0.0000627137          0.0000000000
   182   41  1         -0.0004628113          0.0000000000         -0.0004628113
                       -0.0004628113          0.0000000000
   153   92  1         -0.0000364514          0.0000000000         -0.0000364514
                       -0.0000364514          0.0000000000
    92   47  1          0.0000018938          0.0000000000          0.0000018938
                        0.0000018938          0.0000000000
   183  117  1          0.0001172200          0.0000000000          0.0001172200
                        0.0001172200          0.0000000000
    88   20  1          0.0000537599          0.0000000000          0.0000537599
                        0.0000537599          0.0000000000
   102   18  1          0.0000563829          0.0000000000          0.0000563829
                        0.0000563829          0.0000000000
   101   89  1          0.0000847212          0.0000000000          0.0000847212
                        0.0000847212          0.0000000000
   146   92  1          0.0000039443          0.0000000000          0.0000039443
                        0.0000039443          0.0000000000
   101   62  1          0.0000278127          0.0000000000          0.0000278127
                        0.0000278127          0.0000000000
   101   50  1          0.0000001438          0.0000000000          0.0000001438
                        0.0000001438          0.0000000000
   117   76  1          0.0000045375          0.0000000000          0.0000045375
                        0.0000045375          0.0000000000
    90    2  1         -0.0000957204          0.0000000000         -0.0000957204
                       -0.0000957204          0.0000000000
   140   37  1         -0.0003744078          0.0000000000         -0.0003744078
                       -0.0003744078          0.0000000000
    62   18  1          0.0005606984          0.0000000000          0.0005606984
                        0.0005606984          0.0000000000
   197  169  1         -0.0008991830          0.0000000000         -0.0008991830
                       -0.0008991830          0.0000000000
   140   98  1          0.0003622522          0.0000000000          0.0003622522
                        0.0003622522          0.0000000000
    88   41  1          0.0029980269          0.0000000000          0.0029980269
                        0.0029980269          0.0000000000
   183  160  1         -0.0000031085          0.0000000000         -0.0000031085
                       -0.0000031085          0.0000000000
    66    2  1         -0.0005349166          0.0000000000         -0.0005349166
                       -0.0005349166          0.0000000000
   191  109  1          0.0001845103          0.0000000000          0.0001845103
                        0.0001845103          0.0000000000
    98    7  1          0.0017307184          0.0000000000          0.0017307184
                        0.0017307184          0.0000000000
   160   84  1         -0.0000365510          0.0000000000         -0.0000365510
                       -0.0000365510          0.0000000000
   136  106  1         -0.0004786820          0.0000000000         -0.0004786820
                       -0.0004786820          0.0000000000
   191   23  1          0.0000842032          0.0000000000          0.0000842032
                        0.0000842032          0.0000000000
    18    5  1          0.0000108134          0.0000000000          0.0000108134
                        0.0000108134          0.0000000000
   191   93  1         -0.0000690173          0.0000000000         -0.0000690173
                       -0.0000690173          0.0000000000
    85    2  1         -0.0003592274          0.0000000000         -0.0003592274
                       -0.0003592274          0.0000000000
   191    3  1         -0.0002131782          0.0000000000         -0.0002131782
                       -0.0002131782          0.0000000000
   189   58  1         -0.0000029723          0.0000000000         -0.0000029723
                       -0.0000029723          0.0000000000
    47   18  1          0.0001132550          0.0000000000          0.0001132550
                        0.0001132550          0.0000000000
   175  160  1          0.0014582656          0.0000000000          0.0014582656
                        0.0014582656          0.0000000000
   184  160  1          0.0001812217          0.0000000000          0.0001812217
                        0.0001812217          0.0000000000
   197  144  1         -0.0015781723          0.0000000000         -0.0015781723
                       -0.0015781723          0.0000000000
    95   53  1         -0.0000481007          0.0000000000         -0.0000481007
                       -0.0000481007          0.0000000000
   132   18  1         -0.0000625696          0.0000000000         -0.0000625696
                       -0.0000625696          0.0000000000
   132    2  1          0.0000335060          0.0000000000          0.0000335060
                        0.0000335060          0.0000000000
   191   50  1          0.0001232369          0.0000000000          0.0001232369
                        0.0001232369          0.0000000000
    93   58  1         -0.0002547077          0.0000000000         -0.0002547077
                       -0.0002547077          0.0000000000
    98   41  1         -0.0003071524          0.0000000000         -0.0003071524
                       -0.0003071524          0.0000000000
    92   54  1          0.0001001142          0.0000000000          0.0001001142
                        0.0001001142          0.0000000000
    92   23  1          0.0000435878          0.0000000000          0.0000435878
                        0.0000435878          0.0000000000
   182  140  1         -0.0006679535          0.0000000000         -0.0006679535
                       -0.0006679535          0.0000000000
   176   45  1         -0.0004900520          0.0000000000         -0.0004900520
                       -0.0004900520          0.0000000000
   161   85  1         -0.0000169432          0.0000000000         -0.0000169432
                       -0.0000169432          0.0000000000
   181   70  1          0.0003285861          0.0000000000          0.0003285861
                        0.0003285861          0.0000000000
    65    2  1          0.0026629404          0.0000000000          0.0026629404
                        0.0026629404          0.0000000000
    58   35  1          0.0084806344          0.0000000000          0.0084806344
                        0.0084806344          0.0000000000
    23   19  1         -0.0003413592          0.0000000000         -0.0003413592
                       -0.0003413592          0.0000000000
    90   33  1         -0.0007272307          0.0000000000         -0.0007272307
                       -0.0007272307          0.0000000000
   123   23  1         -0.0002080163          0.0000000000         -0.0002080163
                       -0.0002080163          0.0000000000
    90   15  1          0.0001213903          0.0000000000          0.0001213903
                        0.0001213903          0.0000000000
   171   33  1          0.0000084510          0.0000000000          0.0000084510
                        0.0000084510          0.0000000000
    92   21  1          0.0001097467          0.0000000000          0.0001097467
                        0.0001097467          0.0000000000
    89   62  1          0.0009700209          0.0000000000          0.0009700209
                        0.0009700209          0.0000000000
    97   66  1         -0.0003632762          0.0000000000         -0.0003632762
                       -0.0003632762          0.0000000000
    89   47  1          0.0001191925          0.0000000000          0.0001191925
                        0.0001191925          0.0000000000
   176   41  1         -0.0002267493          0.0000000000         -0.0002267493
                       -0.0002267493          0.0000000000
    70   32  1         -0.0014681582          0.0000000000         -0.0014681582
                       -0.0014681582          0.0000000000
   163   33  1         -0.0000511450          0.0000000000         -0.0000511450
                       -0.0000511450          0.0000000000
   165   38  1          0.0000050041          0.0000000000          0.0000050041
                        0.0000050041          0.0000000000
   175  153  1          0.0006788905          0.0000000000          0.0006788905
                        0.0006788905          0.0000000000
   175   89  1          0.0000267077          0.0000000000          0.0000267077
                        0.0000267077          0.0000000000
    23    5  1          0.0004902691          0.0000000000          0.0004902691
                        0.0004902691          0.0000000000
   175   19  1         -0.0000030429          0.0000000000         -0.0000030429
                       -0.0000030429          0.0000000000
   102   13  1          0.0000237409          0.0000000000          0.0000237409
                        0.0000237409          0.0000000000
   161   10  1         -0.0000518113          0.0000000000         -0.0000518113
                       -0.0000518113          0.0000000000
   106   11  1          0.0001830081          0.0000000000          0.0001830081
                        0.0001830081          0.0000000000
   123   72  1         -0.0000443250          0.0000000000         -0.0000443250
                       -0.0000443250          0.0000000000
   123   47  1         -0.0001263960          0.0000000000         -0.0001263960
                       -0.0001263960          0.0000000000
    90   72  1          0.0003410665          0.0000000000          0.0003410665
                        0.0003410665          0.0000000000
    75   43  1         -0.0004937176          0.0000000000         -0.0004937176
                       -0.0004937176          0.0000000000
   171   38  1         -0.0000115684          0.0000000000         -0.0000115684
                       -0.0000115684          0.0000000000
   122   97  1         -0.0000713362          0.0000000000         -0.0000713362
                       -0.0000713362          0.0000000000
   122   76  1          0.0001878502          0.0000000000          0.0001878502
                        0.0001878502          0.0000000000
    33    3  1         -0.0001337122          0.0000000000         -0.0001337122
                       -0.0001337122          0.0000000000
   122   50  1          0.0004891913          0.0000000000          0.0004891913
                        0.0004891913          0.0000000000
    64   47  1          0.0001123097          0.0000000000          0.0001123097
                        0.0001123097          0.0000000000
   140   56  1         -0.0002041296          0.0000000000         -0.0002041296
                       -0.0002041296          0.0000000000
   161  123  1         -0.0002163730          0.0000000000         -0.0002163730
                       -0.0002163730          0.0000000000
   171  114  1          0.0013524124          0.0000000000          0.0013524124
                        0.0013524124          0.0000000000
   171   84  1         -0.0000330259          0.0000000000         -0.0000330259
                       -0.0000330259          0.0000000000
   171   47  1          0.0000038761          0.0000000000          0.0000038761
                        0.0000038761          0.0000000000
   171   15  1          0.0000055891          0.0000000000          0.0000055891
                        0.0000055891          0.0000000000
   171    3  1         -0.0000028606          0.0000000000         -0.0000028606
                       -0.0000028606          0.0000000000
    84   50  1         -0.0000839989          0.0000000000         -0.0000839989
                       -0.0000839989          0.0000000000
   171   54  1         -0.0000007011          0.0000000000         -0.0000007011
                       -0.0000007011          0.0000000000
   196   89  1          0.0002938343          0.0000000000          0.0002938343
                        0.0002938343          0.0000000000
   188   97  1          0.0003022539          0.0000000000          0.0003022539
                        0.0003022539          0.0000000000
   106   75  1         -0.0008594955          0.0000000000         -0.0008594955
                       -0.0008594955          0.0000000000
   123   10  1         -0.0002829562          0.0000000000         -0.0002829562
                       -0.0002829562          0.0000000000
    85   10  1         -0.0016428983          0.0000000000         -0.0016428983
                       -0.0016428983          0.0000000000
   119   77  1         -0.0006061897          0.0000000000         -0.0006061897
                       -0.0006061897          0.0000000000
    62   19  1         -0.0004403703          0.0000000000         -0.0004403703
                       -0.0004403703          0.0000000000
    84   64  1          0.0000741238          0.0000000000          0.0000741238
                        0.0000741238          0.0000000000
   119   11  1         -0.0002319556          0.0000000000         -0.0002319556
                       -0.0002319556          0.0000000000
    97   47  1          0.0000386865          0.0000000000          0.0000386865
                        0.0000386865          0.0000000000
   118   93  1         -0.0000253011          0.0000000000         -0.0000253011
                       -0.0000253011          0.0000000000
   137   38  1         -0.0000028964          0.0000000000         -0.0000028964
                       -0.0000028964          0.0000000000
   118   54  1          0.0000134226          0.0000000000          0.0000134226
                        0.0000134226          0.0000000000
    15    3  1         -0.0000070200          0.0000000000         -0.0000070200
                       -0.0000070200          0.0000000000
   118   15  1         -0.0000038565          0.0000000000         -0.0000038565
                       -0.0000038565          0.0000000000
    11    7  1         -0.0118751012          0.0000000000         -0.0118751012
                       -0.0118751012          0.0000000000
   165  153  1         -0.0000089669          0.0000000000         -0.0000089669
                       -0.0000089669          0.0000000000
   165  118  1          0.0007147634          0.0000000000          0.0007147634
                        0.0007147634          0.0000000000
   165   93  1          0.0000452764          0.0000000000          0.0000452764
                        0.0000452764          0.0000000000
   165   66  1          0.0000616495          0.0000000000          0.0000616495
                        0.0000616495          0.0000000000
   189  163  1         -0.0008154163          0.0000000000         -0.0008154163
                       -0.0008154163          0.0000000000
   165   19  1          0.0000105756          0.0000000000          0.0000105756
                        0.0000105756          0.0000000000
    35    2  1          0.0006707231          0.0000000000          0.0006707231
                        0.0006707231          0.0000000000
   163   85  1          0.0000256866          0.0000000000          0.0000256866
                        0.0000256866          0.0000000000
   164   18  1         -0.0004232365          0.0000000000         -0.0004232365
                       -0.0004232365          0.0000000000
   163  137  1         -0.0003918964          0.0000000000         -0.0003918964
                       -0.0003918964          0.0000000000
   163  104  1         -0.0000357090          0.0000000000         -0.0000357090
                       -0.0000357090          0.0000000000
   163   89  1         -0.0000043586          0.0000000000         -0.0000043586
                       -0.0000043586          0.0000000000
   163   47  1          0.0000332238          0.0000000000          0.0000332238
                        0.0000332238          0.0000000000
   165  104  1         -0.0000796516          0.0000000000         -0.0000796516
                       -0.0000796516          0.0000000000
   163   10  1         -0.0000955207          0.0000000000         -0.0000955207
                       -0.0000955207          0.0000000000
   196   66  1          0.0004083746          0.0000000000          0.0004083746
                        0.0004083746          0.0000000000
   137   50  1          0.0001948541          0.0000000000          0.0001948541
                        0.0001948541          0.0000000000
   169  131  1         -0.0011165418          0.0000000000         -0.0011165418
                       -0.0011165418          0.0000000000
   114  104  1          0.0001048425          0.0000000000          0.0001048425
                        0.0001048425          0.0000000000
   161  118  1         -0.0004741731          0.0000000000         -0.0004741731
                       -0.0004741731          0.0000000000
   114   84  1          0.0000017896          0.0000000000          0.0000017896
                        0.0000017896          0.0000000000
   181  142  1          0.0004153545          0.0000000000          0.0004153545
                        0.0004153545          0.0000000000
   161   62  1          0.0000132035          0.0000000000          0.0000132035
                        0.0000132035          0.0000000000
   171   93  1          0.0000115909          0.0000000000          0.0000115909
                        0.0000115909          0.0000000000
   114   33  1         -0.0000082011          0.0000000000         -0.0000082011
                       -0.0000082011          0.0000000000
   114   15  1          0.0000151244          0.0000000000          0.0000151244
                        0.0000151244          0.0000000000
   122   19  1         -0.0000156922          0.0000000000         -0.0000156922
                       -0.0000156922          0.0000000000
   160   21  1         -0.0002270351          0.0000000000         -0.0002270351
                       -0.0002270351          0.0000000000
    97   50  1          0.0001108560          0.0000000000          0.0001108560
                        0.0001108560          0.0000000000
   112   90  1          0.0000081580          0.0000000000          0.0000081580
                        0.0000081580          0.0000000000
   171   90  1         -0.0000211374          0.0000000000         -0.0000211374
                       -0.0000211374          0.0000000000
   132   15  1         -0.0000060846          0.0000000000         -0.0000060846
                       -0.0000060846          0.0000000000
   112   47  1          0.0000330559          0.0000000000          0.0000330559
                        0.0000330559          0.0000000000
   112   33  1         -0.0000271108          0.0000000000         -0.0000271108
                       -0.0000271108          0.0000000000
   112   13  1          0.0000067292          0.0000000000          0.0000067292
                        0.0000067292          0.0000000000
   157  133  1          0.0045621494          0.0000000000          0.0045621494
                        0.0045621494          0.0000000000
   163  109  1         -0.0000875010          0.0000000000         -0.0000875010
                       -0.0000875010          0.0000000000
   137   85  1          0.0000052111          0.0000000000          0.0000052111
                        0.0000052111          0.0000000000
   155  140  1          0.0016418039          0.0000000000          0.0016418039
                        0.0016418039          0.0000000000
    97   62  1         -0.0000072238          0.0000000000         -0.0000072238
                       -0.0000072238          0.0000000000
    97   76  1          0.0001214292          0.0000000000          0.0001214292
                        0.0001214292          0.0000000000
   155   20  1          0.0000384248          0.0000000000          0.0000384248
                        0.0000384248          0.0000000000
   109   93  1         -0.0001771576          0.0000000000         -0.0001771576
                       -0.0001771576          0.0000000000
   109   72  1          0.0000812693          0.0000000000          0.0000812693
                        0.0000812693          0.0000000000
    77   70  1         -0.0004630785          0.0000000000         -0.0004630785
                       -0.0004630785          0.0000000000
   154   32  1          0.0005096321          0.0000000000          0.0005096321
                        0.0005096321          0.0000000000
   153  122  1          0.0001499631          0.0000000000          0.0001499631
                        0.0001499631          0.0000000000
   153  109  1          0.0000314522          0.0000000000          0.0000314522
                        0.0000314522          0.0000000000
   109   10  1          0.0003588841          0.0000000000          0.0003588841
                        0.0003588841          0.0000000000
   153   84  1          0.0000898092          0.0000000000          0.0000898092
                        0.0000898092          0.0000000000
   153   62  1         -0.0000254202          0.0000000000         -0.0000254202
                       -0.0000254202          0.0000000000
   153   33  1         -0.0000646464          0.0000000000         -0.0000646464
                       -0.0000646464          0.0000000000
   153    3  1          0.0000274975          0.0000000000          0.0000274975
                        0.0000274975          0.0000000000
    54   50  1          0.0010213611          0.0000000000          0.0010213611
                        0.0010213611          0.0000000000
    76   66  1          0.0002123552          0.0000000000          0.0002123552
                        0.0002123552          0.0000000000
   112    3  1          0.0000255467          0.0000000000          0.0000255467
                        0.0000255467          0.0000000000
    50   13  1         -0.0000628016          0.0000000000         -0.0000628016
                       -0.0000628016          0.0000000000
   188   10  1         -0.0001384492          0.0000000000         -0.0001384492
                       -0.0001384492          0.0000000000
   189   15  1         -0.0000207213          0.0000000000         -0.0000207213
                       -0.0000207213          0.0000000000
   123   89  1          0.0000007925          0.0000000000          0.0000007925
                        0.0000007925          0.0000000000
    76   24  1         -0.0004834228          0.0000000000         -0.0004834228
                       -0.0004834228          0.0000000000
    76   15  1         -0.0004710067          0.0000000000         -0.0004710067
                       -0.0004710067          0.0000000000
    76   10  1         -0.0000254311          0.0000000000         -0.0000254311
                       -0.0000254311          0.0000000000
   188   72  1          0.0000240714          0.0000000000          0.0000240714
                        0.0000240714          0.0000000000
   123   93  1          0.0000583295          0.0000000000          0.0000583295
                        0.0000583295          0.0000000000
    38   24  1          0.0000188370          0.0000000000          0.0000188370
                        0.0000188370          0.0000000000
   149  146  1         -0.0008561528          0.0000000000         -0.0008561528
                       -0.0008561528          0.0000000000
   149  122  1          0.0002900256          0.0000000000          0.0002900256
                        0.0002900256          0.0000000000
    75   45  1         -0.0008741603          0.0000000000         -0.0008741603
                       -0.0008741603          0.0000000000
   163   90  1          0.0000862548          0.0000000000          0.0000862548
                        0.0000862548          0.0000000000
   149   85  1         -0.0009966437          0.0000000000         -0.0009966437
                       -0.0009966437          0.0000000000
   149   64  1          0.0000793191          0.0000000000          0.0000793191
                        0.0000793191          0.0000000000
   149   24  1         -0.0004305662          0.0000000000         -0.0004305662
                       -0.0004305662          0.0000000000
    75   20  1          0.0041521934          0.0000000000          0.0041521934
                        0.0041521934          0.0000000000
    50   19  1          0.0000674445          0.0000000000          0.0000674445
                        0.0000674445          0.0000000000
   123   85  1          0.0002939121          0.0000000000          0.0002939121
                        0.0002939121          0.0000000000
   112    5  1          0.0000858346          0.0000000000          0.0000858346
                        0.0000858346          0.0000000000
   183   23  1          0.0003079582          0.0000000000          0.0003079582
                        0.0003079582          0.0000000000
   104   93  1          0.0004016761          0.0000000000          0.0004016761
                        0.0004016761          0.0000000000
   192  153  1          0.0000450521          0.0000000000          0.0000450521
                        0.0000450521          0.0000000000
   104   64  1          0.0001997921          0.0000000000          0.0001997921
                        0.0001997921          0.0000000000
   183   13  1          0.0000018397          0.0000000000          0.0000018397
                        0.0000018397          0.0000000000
   104   50  1         -0.0000088097          0.0000000000         -0.0000088097
                       -0.0000088097          0.0000000000
   146  137  1          0.0000920633          0.0000000000          0.0000920633
                        0.0000920633          0.0000000000
   146  118  1         -0.0000108235          0.0000000000         -0.0000108235
                       -0.0000108235          0.0000000000
   153   72  1         -0.0000030759          0.0000000000         -0.0000030759
                       -0.0000030759          0.0000000000
   146   93  1          0.0000254505          0.0000000000          0.0000254505
                        0.0000254505          0.0000000000
   104   10  1         -0.0003072672          0.0000000000         -0.0003072672
                       -0.0003072672          0.0000000000
   146   66  1          0.0000563246          0.0000000000          0.0000563246
                        0.0000563246          0.0000000000
   183   85  1         -0.0000821182          0.0000000000         -0.0000821182
                       -0.0000821182          0.0000000000
   146   33  1         -0.0001782001          0.0000000000         -0.0001782001
                       -0.0001782001          0.0000000000
   174  142  1         -0.0003149310          0.0000000000         -0.0003149310
                       -0.0003149310          0.0000000000
   137   76  1          0.0000177737          0.0000000000          0.0000177737
                        0.0000177737          0.0000000000
   146    5  1          0.0001062722          0.0000000000          0.0001062722
                        0.0001062722          0.0000000000
   183   93  1          0.0000866381          0.0000000000          0.0000866381
                        0.0000866381          0.0000000000
    64   38  1         -0.0004638867          0.0000000000         -0.0004638867
                       -0.0004638867          0.0000000000
   171   97  1         -0.0001342823          0.0000000000         -0.0001342823
                       -0.0001342823          0.0000000000
   171   72  1         -0.0000041975          0.0000000000         -0.0000041975
                       -0.0000041975          0.0000000000
   102   85  1          0.0001118440          0.0000000000          0.0001118440
                        0.0001118440          0.0000000000
   102   66  1          0.0001290346          0.0000000000          0.0001290346
                        0.0001290346          0.0000000000
   183  114  1          0.0000582649          0.0000000000          0.0000582649
                        0.0000582649          0.0000000000
   102   47  1          0.0000718707          0.0000000000          0.0000718707
                        0.0000718707          0.0000000000
   102   33  1         -0.0001268013          0.0000000000         -0.0001268013
                       -0.0001268013          0.0000000000
   102   24  1          0.0001569770          0.0000000000          0.0001569770
                        0.0001569770          0.0000000000
    72   47  1         -0.0000593808          0.0000000000         -0.0000593808
                       -0.0000593808          0.0000000000
   188   33  1         -0.0000479616          0.0000000000         -0.0000479616
                       -0.0000479616          0.0000000000
    72   38  1          0.0001902714          0.0000000000          0.0001902714
                        0.0001902714          0.0000000000
    64    5  1         -0.0000425513          0.0000000000         -0.0000425513
                       -0.0000425513          0.0000000000
   109   23  1         -0.0001014982          0.0000000000         -0.0001014982
                       -0.0001014982          0.0000000000
    72   13  1         -0.0002767492          0.0000000000         -0.0002767492
                       -0.0002767492          0.0000000000
   171  123  1         -0.0002671139          0.0000000000         -0.0002671139
                       -0.0002671139          0.0000000000
   142   77  1         -0.0001916518          0.0000000000         -0.0001916518
                       -0.0001916518          0.0000000000
    90    3  1          0.0006194124          0.0000000000          0.0006194124
                        0.0006194124          0.0000000000
    66   47  1          0.0000810448          0.0000000000          0.0000810448
                        0.0000810448          0.0000000000
   183  137  1          0.0002237788          0.0000000000          0.0002237788
                        0.0002237788          0.0000000000
   175   38  1         -0.0000002238          0.0000000000         -0.0000002238
                       -0.0000002238          0.0000000000
   189   33  1         -0.0001678092          0.0000000000         -0.0001678092
                       -0.0001678092          0.0000000000
   188  104  1         -0.0000627677          0.0000000000         -0.0000627677
                       -0.0000627677          0.0000000000
   192   23  1          0.0000633228          0.0000000000          0.0000633228
                        0.0000633228          0.0000000000
   175   66  1          0.0000282668          0.0000000000          0.0000282668
                        0.0000282668          0.0000000000
   175   64  1          0.0000250447          0.0000000000          0.0000250447
                        0.0000250447          0.0000000000
    50   23  1          0.0003491221          0.0000000000          0.0003491221
                        0.0003491221          0.0000000000
   192   33  1         -0.0000601018          0.0000000000         -0.0000601018
                       -0.0000601018          0.0000000000
    34   18  1         -0.0048555410          0.0000000000         -0.0048555410
                       -0.0048555410          0.0000000000
    93   62  1          0.0004130939          0.0000000000          0.0004130939
                        0.0004130939          0.0000000000
   196  146  1          0.0000403465          0.0000000000          0.0000403465
                        0.0000403465          0.0000000000
   175   90  1          0.0000806542          0.0000000000          0.0000806542
                        0.0000806542          0.0000000000
    50   10  1         -0.0000225236          0.0000000000         -0.0000225236
                       -0.0000225236          0.0000000000
   189   50  1          0.0001731073          0.0000000000          0.0001731073
                        0.0001731073          0.0000000000
   188   62  1         -0.0000087615          0.0000000000         -0.0000087615
                       -0.0000087615          0.0000000000
   175  104  1          0.0000739846          0.0000000000          0.0000739846
                        0.0000739846          0.0000000000
   188   64  1         -0.0000034938          0.0000000000         -0.0000034938
                       -0.0000034938          0.0000000000
   133  101  1          0.0002373014          0.0000000000          0.0002373014
                        0.0002373014          0.0000000000
   189  175  1          0.0009619883          0.0000000000          0.0009619883
                        0.0009619883          0.0000000000
   188  122  1         -0.0001830683          0.0000000000         -0.0001830683
                       -0.0001830683          0.0000000000
   196   64  1          0.0001723576          0.0000000000          0.0001723576
                        0.0001723576          0.0000000000
   184   54  1          0.0000899036          0.0000000000          0.0000899036
                        0.0000899036          0.0000000000
   184   64  1          0.0000231892          0.0000000000          0.0000231892
                        0.0000231892          0.0000000000
   189   89  1          0.0000564486          0.0000000000          0.0000564486
                        0.0000564486          0.0000000000
   175  123  1         -0.0005054478          0.0000000000         -0.0005054478
                       -0.0005054478          0.0000000000
    97   33  1         -0.0001069576          0.0000000000         -0.0001069576
                       -0.0001069576          0.0000000000
   189   90  1          0.0003921096          0.0000000000          0.0003921096
                        0.0003921096          0.0000000000
    97   24  1         -0.0005784100          0.0000000000         -0.0005784100
                       -0.0005784100          0.0000000000
   192   93  1          0.0000040088          0.0000000000          0.0000040088
                        0.0000040088          0.0000000000
   192  137  1          0.0000292937          0.0000000000          0.0000292937
                        0.0000292937          0.0000000000
   191  133  1         -0.0007952405          0.0000000000         -0.0007952405
                       -0.0007952405          0.0000000000
   191   35  1          0.0000353971          0.0000000000          0.0000353971
                        0.0000353971          0.0000000000
   171   66  1         -0.0000204074          0.0000000000         -0.0000204074
                       -0.0000204074          0.0000000000
    45   11  1          0.0006364676          0.0000000000          0.0006364676
                        0.0006364676          0.0000000000
   132   97  1         -0.0001252128          0.0000000000         -0.0001252128
                       -0.0001252128          0.0000000000
   189  112  1         -0.0001730271          0.0000000000         -0.0001730271
                       -0.0001730271          0.0000000000
   189   93  1          0.0001245117          0.0000000000          0.0001245117
                        0.0001245117          0.0000000000
   134   18  1         -0.0005965538          0.0000000000         -0.0005965538
                       -0.0005965538          0.0000000000
   188  118  1         -0.0001308427          0.0000000000         -0.0001308427
                       -0.0001308427          0.0000000000
   188  112  1          0.0005782891          0.0000000000          0.0005782891
                        0.0005782891          0.0000000000
   188   19  1         -0.0000431802          0.0000000000         -0.0000431802
                       -0.0000431802          0.0000000000
   161   66  1          0.0000267685          0.0000000000          0.0000267685
                        0.0000267685          0.0000000000
   114   64  1         -0.0000079920          0.0000000000         -0.0000079920
                       -0.0000079920          0.0000000000
   132   93  1         -0.0000594692          0.0000000000         -0.0000594692
                       -0.0000594692          0.0000000000
   132   84  1         -0.0001579626          0.0000000000         -0.0001579626
                       -0.0001579626          0.0000000000
   114   62  1          0.0000073744          0.0000000000          0.0000073744
                        0.0000073744          0.0000000000
   132   54  1         -0.0000548145          0.0000000000         -0.0000548145
                       -0.0000548145          0.0000000000
    66   38  1          0.0000611932          0.0000000000          0.0000611932
                        0.0000611932          0.0000000000
   132   24  1          0.0001197205          0.0000000000          0.0001197205
                        0.0001197205          0.0000000000
    93   76  1          0.0000552291          0.0000000000          0.0000552291
                        0.0000552291          0.0000000000
   131  119  1          0.0017831951          0.0000000000          0.0017831951
                        0.0017831951          0.0000000000
   189  132  1         -0.0007688130          0.0000000000         -0.0007688130
                       -0.0007688130          0.0000000000
    47   19  1          0.0000056480          0.0000000000          0.0000056480
                        0.0000056480          0.0000000000
   114   24  1         -0.0000662152          0.0000000000         -0.0000662152
                       -0.0000662152          0.0000000000
   184  161  1         -0.0001664829          0.0000000000         -0.0001664829
                       -0.0001664829          0.0000000000
    34    2  1          0.0006420189          0.0000000000          0.0006420189
                        0.0006420189          0.0000000000
   131    7  1         -0.0003652412          0.0000000000         -0.0003652412
                       -0.0003652412          0.0000000000
   184   93  1          0.0000291554          0.0000000000          0.0000291554
                        0.0000291554          0.0000000000
    47   10  1         -0.0000248410          0.0000000000         -0.0000248410
                       -0.0000248410          0.0000000000
    66    3  1          0.0003356168          0.0000000000          0.0003356168
                        0.0003356168          0.0000000000
   183  146  1          0.0006646572          0.0000000000          0.0006646572
                        0.0006646572          0.0000000000
    47    3  1          0.0000709847          0.0000000000          0.0000709847
                        0.0000709847          0.0000000000
   183   54  1          0.0000624432          0.0000000000          0.0000624432
                        0.0000624432          0.0000000000
    33   19  1         -0.0005000312          0.0000000000         -0.0005000312
                       -0.0005000312          0.0000000000
   164  101  1          0.0009084351          0.0000000000          0.0009084351
                        0.0009084351          0.0000000000
   182   69  1          0.0000092530          0.0000000000          0.0000092530
                        0.0000092530          0.0000000000
   129   20  1         -0.0217108550          0.0000000000         -0.0217108550
                       -0.0217108550          0.0000000000
    64   21  1         -0.0024646719          0.0000000000         -0.0024646719
                       -0.0024646719          0.0000000000
   169   30  1         -0.0137922709          0.0000000000         -0.0137922709
                       -0.0137922709          0.0000000000
   126   42  1          0.0000264523          0.0000000000          0.0000264523
                        0.0000264523          0.0000000000
   177   42  1          0.0000052806          0.0000000000          0.0000052806
                        0.0000052806          0.0000000000
   193    6  1          0.0009930165          0.0000000000          0.0009930165
                        0.0009930165          0.0000000000
   165   34  1         -0.0004409624          0.0000000000         -0.0004409624
                       -0.0004409624          0.0000000000
   124   55  1         -0.0182354734          0.0000000000         -0.0182354734
                       -0.0182354734          0.0000000000
   175   34  1         -0.0011511336          0.0000000000         -0.0011511336
                       -0.0011511336          0.0000000000
    62   34  1         -0.0027341656          0.0000000000         -0.0027341656
                       -0.0027341656          0.0000000000
   171   34  1         -0.0001324805          0.0000000000         -0.0001324805
                       -0.0001324805          0.0000000000
   172  105  1         -0.0000385787          0.0000000000         -0.0000385787
                       -0.0000385787          0.0000000000
   137   21  1         -0.0004721600          0.0000000000         -0.0004721600
                       -0.0004721600          0.0000000000
   171  133  1          0.0003915709          0.0000000000          0.0003915709
                        0.0003915709          0.0000000000
   171   65  1          0.0000718904          0.0000000000          0.0000718904
                        0.0000718904          0.0000000000
   197   69  1          0.0005286159          0.0000000000          0.0005286159
                        0.0005286159          0.0000000000
   187  168  1         -0.0004989079          0.0000000000         -0.0004989079
                       -0.0004989079          0.0000000000
   134  114  1         -0.0037432780          0.0000000000         -0.0037432780
                       -0.0037432780          0.0000000000
   120   66  1         -0.0008119254          0.0000000000         -0.0008119254
                       -0.0008119254          0.0000000000
   120   54  1          0.0001751951          0.0000000000          0.0001751951
                        0.0001751951          0.0000000000
   120   23  1         -0.0008547356          0.0000000000         -0.0008547356
                       -0.0008547356          0.0000000000
   120   10  1          0.0010518598          0.0000000000          0.0010518598
                        0.0010518598          0.0000000000
    85   21  1         -0.0022119331          0.0000000000         -0.0022119331
                       -0.0022119331          0.0000000000
   168   37  1         -0.0000041431          0.0000000000         -0.0000041431
                       -0.0000041431          0.0000000000
   128   43  1         -0.0167937294          0.0000000000         -0.0167937294
                       -0.0167937294          0.0000000000
   137   35  1         -0.0002764742          0.0000000000         -0.0002764742
                       -0.0002764742          0.0000000000
   167    6  1          0.0001064251          0.0000000000          0.0001064251
                        0.0001064251          0.0000000000
   118   34  1          0.0000927724          0.0000000000          0.0000927724
                        0.0000927724          0.0000000000
   128   70  1         -0.0158563019          0.0000000000         -0.0158563019
                       -0.0158563019          0.0000000000
   133   97  1         -0.0013752139          0.0000000000         -0.0013752139
                       -0.0013752139          0.0000000000
   164  122  1          0.0023494266          0.0000000000          0.0023494266
                        0.0023494266          0.0000000000
   164   89  1          0.0000406034          0.0000000000          0.0000406034
                        0.0000406034          0.0000000000
   164   54  1          0.0001477259          0.0000000000          0.0001477259
                        0.0001477259          0.0000000000
    17    6  1          0.0000283849          0.0000000000          0.0000283849
                        0.0000283849          0.0000000000
   164    3  1         -0.0005880612          0.0000000000         -0.0005880612
                       -0.0005880612          0.0000000000
    35   15  1         -0.0032506757          0.0000000000         -0.0032506757
                       -0.0032506757          0.0000000000
   193  141  1          0.0000089963          0.0000000000          0.0000089963
                        0.0000089963          0.0000000000
   128  119  1         -0.0246012146          0.0000000000         -0.0246012146
                       -0.0246012146          0.0000000000
   114   65  1          0.0001296128          0.0000000000          0.0001296128
                        0.0001296128          0.0000000000
   114   34  1         -0.0001386281          0.0000000000         -0.0001386281
                       -0.0001386281          0.0000000000
   134   15  1         -0.0000851459          0.0000000000         -0.0000851459
                       -0.0000851459          0.0000000000
   159  119  1         -0.0295788202          0.0000000000         -0.0295788202
                       -0.0295788202          0.0000000000
   159   55  1         -0.0133404122          0.0000000000         -0.0133404122
                       -0.0133404122          0.0000000000
   159   20  1         -0.0158097428          0.0000000000         -0.0158097428
                       -0.0158097428          0.0000000000
   112   65  1          0.0001183701          0.0000000000          0.0001183701
                        0.0001183701          0.0000000000
   112   21  1         -0.0000782564          0.0000000000         -0.0000782564
                       -0.0000782564          0.0000000000
    45   29  1         -0.0462625991          0.0000000000         -0.0462625991
                       -0.0462625991          0.0000000000
   133   54  1          0.0007319264          0.0000000000          0.0007319264
                        0.0007319264          0.0000000000
   123   65  1         -0.0004021169          0.0000000000         -0.0004021169
                       -0.0004021169          0.0000000000
   109   65  1          0.0008429556          0.0000000000          0.0008429556
                        0.0008429556          0.0000000000
   109   34  1          0.0006435683          0.0000000000          0.0006435683
                        0.0006435683          0.0000000000
   109   21  1          0.0010239650          0.0000000000          0.0010239650
                        0.0010239650          0.0000000000
   153   21  1          0.0001420135          0.0000000000          0.0001420135
                        0.0001420135          0.0000000000
   133  118  1          0.0006351576          0.0000000000          0.0006351576
                        0.0006351576          0.0000000000
   151  105  1         -0.0000056684          0.0000000000         -0.0000056684
                       -0.0000056684          0.0000000000
    38   34  1          0.0006039249          0.0000000000          0.0006039249
                        0.0006039249          0.0000000000
    70   25  1         -0.0194863213          0.0000000000         -0.0194863213
                       -0.0194863213          0.0000000000
   137  120  1         -0.0010899689          0.0000000000         -0.0010899689
                       -0.0010899689          0.0000000000
   149  133  1          0.0001468818          0.0000000000          0.0001468818
                        0.0001468818          0.0000000000
   106   29  1         -0.0421443078          0.0000000000         -0.0421443078
                       -0.0421443078          0.0000000000
   105   94  1          0.0007592731          0.0000000000          0.0007592731
                        0.0007592731          0.0000000000
   189   21  1         -0.0012365119          0.0000000000         -0.0012365119
                       -0.0012365119          0.0000000000
   140   25  1         -0.0172128578          0.0000000000         -0.0172128578
                       -0.0172128578          0.0000000000
   153   35  1          0.0008798273          0.0000000000          0.0008798273
                        0.0008798273          0.0000000000
   105   27  1          0.0032752392          0.0000000000          0.0032752392
                        0.0032752392          0.0000000000
   147  105  1         -0.0000328369          0.0000000000         -0.0000328369
                       -0.0000328369          0.0000000000
   104   65  1         -0.0014183447          0.0000000000         -0.0014183447
                       -0.0014183447          0.0000000000
   104   35  1         -0.0009723609          0.0000000000         -0.0009723609
                       -0.0009723609          0.0000000000
    52   42  1         -0.0000019787          0.0000000000         -0.0000019787
                       -0.0000019787          0.0000000000
   146   21  1         -0.0004581965          0.0000000000         -0.0004581965
                       -0.0004581965          0.0000000000
   141   68  1          0.0000015155          0.0000000000          0.0000015155
                        0.0000015155          0.0000000000
   102   65  1         -0.0004100451          0.0000000000         -0.0004100451
                       -0.0004100451          0.0000000000
   144   29  1         -0.0234291701          0.0000000000         -0.0234291701
                       -0.0234291701          0.0000000000
   102   21  1         -0.0006882891          0.0000000000         -0.0006882891
                       -0.0006882891          0.0000000000
   133   38  1         -0.0001537452          0.0000000000         -0.0001537452
                       -0.0001537452          0.0000000000
   142  128  1         -0.0307510687          0.0000000000         -0.0307510687
                       -0.0307510687          0.0000000000
   142   25  1         -0.0216747077          0.0000000000         -0.0216747077
                       -0.0216747077          0.0000000000
   141   94  1         -0.0000000170          0.0000000000         -0.0000000170
                       -0.0000000170          0.0000000000
   120  102  1         -0.0021478260          0.0000000000         -0.0021478260
                       -0.0021478260          0.0000000000
   141   17  1         -0.0000048858          0.0000000000         -0.0000048858
                       -0.0000048858          0.0000000000
    50   35  1          0.0007809031          0.0000000000          0.0007809031
                        0.0007809031          0.0000000000
   134   33  1          0.0008792634          0.0000000000          0.0008792634
                        0.0008792634          0.0000000000
   141   49  1          0.0000172019          0.0000000000          0.0000172019
                        0.0000172019          0.0000000000
   124   70  1         -0.0180639051          0.0000000000         -0.0180639051
                       -0.0180639051          0.0000000000
   196   35  1         -0.0009385706          0.0000000000         -0.0009385706
                       -0.0009385706          0.0000000000
    35   24  1          0.0026983867          0.0000000000          0.0026983867
                        0.0026983867          0.0000000000
    34   23  1         -0.0007604476          0.0000000000         -0.0007604476
                       -0.0007604476          0.0000000000
   133   10  1          0.0006262856          0.0000000000          0.0006262856
                        0.0006262856          0.0000000000
   137   65  1         -0.0003125889          0.0000000000         -0.0003125889
                       -0.0003125889          0.0000000000
   164   33  1          0.0006597868          0.0000000000          0.0006597868
                        0.0006597868          0.0000000000
   192  120  1         -0.0027420586          0.0000000000         -0.0027420586
                       -0.0027420586          0.0000000000
   164   38  1         -0.0000658981          0.0000000000         -0.0000658981
                       -0.0000658981          0.0000000000
    35    5  1          0.0000147931          0.0000000000          0.0000147931
                        0.0000147931          0.0000000000
    70   29  1         -0.0203722890          0.0000000000         -0.0203722890
                       -0.0203722890          0.0000000000
   134  102  1         -0.0008532058          0.0000000000         -0.0008532058
                       -0.0008532058          0.0000000000
   133  112  1         -0.0041881356          0.0000000000         -0.0041881356
                       -0.0041881356          0.0000000000
    34   24  1          0.0049594544          0.0000000000          0.0049594544
                        0.0049594544          0.0000000000
    93   21  1         -0.0026690640          0.0000000000         -0.0026690640
                       -0.0026690640          0.0000000000
   185    6  1         -0.0002544681          0.0000000000         -0.0002544681
                       -0.0002544681          0.0000000000
   146  134  1         -0.0014230028          0.0000000000         -0.0014230028
                       -0.0014230028          0.0000000000
   133   66  1         -0.0006043614          0.0000000000         -0.0006043614
                       -0.0006043614          0.0000000000
   133   19  1          0.0000188524          0.0000000000          0.0000188524
                        0.0000188524          0.0000000000
   185   42  1          0.0000178486          0.0000000000          0.0000178486
                        0.0000178486          0.0000000000
    47   35  1         -0.0008876087          0.0000000000         -0.0008876087
                       -0.0008876087          0.0000000000
    51    6  1          0.0000622171          0.0000000000          0.0000622171
                        0.0000622171          0.0000000000
   189  133  1         -0.0003521513          0.0000000000         -0.0003521513
                       -0.0003521513          0.0000000000
   124  119  1         -0.0307469471          0.0000000000         -0.0307469471
                       -0.0307469471          0.0000000000
   184   65  1         -0.0002255385          0.0000000000         -0.0002255385
                       -0.0002255385          0.0000000000
   133   24  1          0.0003181753          0.0000000000          0.0003181753
                        0.0003181753          0.0000000000
    93   65  1         -0.0031235227          0.0000000000         -0.0031235227
                       -0.0031235227          0.0000000000
   129  119  1         -0.0262619103          0.0000000000         -0.0262619103
                       -0.0262619103          0.0000000000
   129   70  1         -0.0137324017          0.0000000000         -0.0137324017
                       -0.0137324017          0.0000000000
   164  134  1          0.0309774226          0.0000000000          0.0309774226
                        0.0309774226          0.0000000000
   180  142  1         -0.0014729783          0.0000000000         -0.0014729783
                       -0.0014729783          0.0000000000
   179  144  1          0.0017888504          0.0000000000          0.0017888504
                        0.0017888504          0.0000000000
   179   41  1         -0.0001908727          0.0000000000         -0.0001908727
                       -0.0001908727          0.0000000000
   178  140  1         -0.0010098861          0.0000000000         -0.0010098861
                       -0.0010098861          0.0000000000
    63   55  1         -0.0013772998          0.0000000000         -0.0013772998
                       -0.0013772998          0.0000000000
   177   99  1          0.0001198737          0.0000000000          0.0001198737
                        0.0001198737          0.0000000000
    63   41  1         -0.0019688354          0.0000000000         -0.0019688354
                       -0.0019688354          0.0000000000
    88   36  1          0.0001930568          0.0000000000          0.0001930568
                        0.0001930568          0.0000000000
   134  120  1          0.0299673391          0.0000000000          0.0299673391
                        0.0299673391          0.0000000000
   173  154  1          0.0018453971          0.0000000000          0.0018453971
                        0.0018453971          0.0000000000
   173   70  1          0.0001093327          0.0000000000          0.0001093327
                        0.0001093327          0.0000000000
   179  106  1          0.0012587720          0.0000000000          0.0012587720
                        0.0012587720          0.0000000000
   180   41  1          0.0008572805          0.0000000000          0.0008572805
                        0.0008572805          0.0000000000
   197   36  1          0.0000657076          0.0000000000          0.0000657076
                        0.0000657076          0.0000000000
    43   39  1         -0.0006873406          0.0000000000         -0.0006873406
                       -0.0006873406          0.0000000000
   133   35  1          0.0154792942          0.0000000000          0.0154792942
                        0.0154792942          0.0000000000
    45    9  1          0.0008303905          0.0000000000          0.0008303905
                        0.0008303905          0.0000000000
   169  138  1          0.0011995887          0.0000000000          0.0011995887
                        0.0011995887          0.0000000000
   169  108  1          0.0005485599          0.0000000000          0.0005485599
                        0.0005485599          0.0000000000
   120   34  1          0.0161664835          0.0000000000          0.0161664835
                        0.0161664835          0.0000000000
   169   63  1         -0.0002160258          0.0000000000         -0.0002160258
                       -0.0002160258          0.0000000000
   169   12  1         -0.0004793482          0.0000000000         -0.0004793482
                       -0.0004793482          0.0000000000
   168  155  1          0.0000282705          0.0000000000          0.0000282705
                        0.0000282705          0.0000000000
   125   41  1         -0.0000173666          0.0000000000         -0.0000173666
                       -0.0000173666          0.0000000000
   119   79  1          0.0001569433          0.0000000000          0.0001569433
                        0.0001569433          0.0000000000
   168   75  1         -0.0000103247          0.0000000000         -0.0000103247
                       -0.0000103247          0.0000000000
   119   39  1         -0.0003884721          0.0000000000         -0.0003884721
                       -0.0003884721          0.0000000000
   187  145  1         -0.0002727635          0.0000000000         -0.0002727635
                       -0.0002727635          0.0000000000
   173  106  1         -0.0003299112          0.0000000000         -0.0003299112
                       -0.0003299112          0.0000000000
   116   99  1         -0.0004850366          0.0000000000         -0.0004850366
                       -0.0004850366          0.0000000000
   164   21  1          0.0147270690          0.0000000000          0.0147270690
                        0.0147270690          0.0000000000
   195  119  1         -0.0010802694          0.0000000000         -0.0010802694
                       -0.0010802694          0.0000000000
   162  106  1         -0.0002564175          0.0000000000         -0.0002564175
                       -0.0002564175          0.0000000000
   162   43  1         -0.0003562920          0.0000000000         -0.0003562920
                       -0.0003562920          0.0000000000
   162    7  1         -0.0007898204          0.0000000000         -0.0007898204
                       -0.0007898204          0.0000000000
   178    7  1         -0.0004466182          0.0000000000         -0.0004466182
                       -0.0004466182          0.0000000000
    41    4  1         -0.0005322488          0.0000000000         -0.0005322488
                       -0.0005322488          0.0000000000
    80   20  1          0.0050762811          0.0000000000          0.0050762811
                        0.0050762811          0.0000000000
    79   45  1         -0.0017380520          0.0000000000         -0.0017380520
                       -0.0017380520          0.0000000000
   181  168  1          0.0000696507          0.0000000000          0.0000696507
                        0.0000696507          0.0000000000
   195   55  1          0.0000894029          0.0000000000          0.0000894029
                        0.0000894029          0.0000000000
   173  169  1         -0.0038186241          0.0000000000         -0.0038186241
                       -0.0038186241          0.0000000000
   198   52  1         -0.0000301571          0.0000000000         -0.0000301571
                       -0.0000301571          0.0000000000
   155   69  1          0.0000169102          0.0000000000          0.0000169102
                        0.0000169102          0.0000000000
    55   39  1         -0.0026054822          0.0000000000         -0.0026054822
                       -0.0026054822          0.0000000000
   154   91  1          0.0000820325          0.0000000000          0.0000820325
                        0.0000820325          0.0000000000
   182   36  1          0.0000803506          0.0000000000          0.0000803506
                        0.0000803506          0.0000000000
   154   39  1         -0.0004505234          0.0000000000         -0.0004505234
                       -0.0004505234          0.0000000000
   154    4  1         -0.0000433963          0.0000000000         -0.0000433963
                       -0.0000433963          0.0000000000
   108   70  1          0.0001379178          0.0000000000          0.0001379178
                        0.0001379178          0.0000000000
   108   20  1          0.0006215333          0.0000000000          0.0006215333
                        0.0006215333          0.0000000000
   190  154  1          0.0000024337          0.0000000000          0.0000024337
                        0.0000024337          0.0000000000
    65   34  1          0.0259619527          0.0000000000          0.0259619527
                        0.0259619527          0.0000000000
   106   81  1          0.0002488283          0.0000000000          0.0002488283
                        0.0002488283          0.0000000000
   106   63  1         -0.0007160016          0.0000000000         -0.0007160016
                       -0.0007160016          0.0000000000
   106   31  1         -0.0013663512          0.0000000000         -0.0013663512
                       -0.0013663512          0.0000000000
    55    4  1         -0.0004686657          0.0000000000         -0.0004686657
                       -0.0004686657          0.0000000000
    74   45  1          0.0078158577          0.0000000000          0.0078158577
                        0.0078158577          0.0000000000
    35   21  1          0.0302524274          0.0000000000          0.0302524274
                        0.0302524274          0.0000000000
   103   70  1          0.0010844762          0.0000000000          0.0010844762
                        0.0010844762          0.0000000000
   103   45  1          0.0001372747          0.0000000000          0.0001372747
                        0.0001372747          0.0000000000
   103   20  1         -0.0001693665          0.0000000000         -0.0001693665
                       -0.0001693665          0.0000000000
   144  130  1         -0.0040617218          0.0000000000         -0.0040617218
                       -0.0040617218          0.0000000000
   144   96  1         -0.0000876204          0.0000000000         -0.0000876204
                       -0.0000876204          0.0000000000
   144   74  1          0.0003579524          0.0000000000          0.0003579524
                        0.0003579524          0.0000000000
   144   31  1         -0.0008462897          0.0000000000         -0.0008462897
                       -0.0008462897          0.0000000000
   133   65  1          0.0134445697          0.0000000000          0.0134445697
                        0.0134445697          0.0000000000
   143   45  1          0.0000252278          0.0000000000          0.0000252278
                        0.0000252278          0.0000000000
   143   20  1         -0.0000794266          0.0000000000         -0.0000794266
                       -0.0000794266          0.0000000000
   142  125  1         -0.0008258832          0.0000000000         -0.0008258832
                       -0.0008258832          0.0000000000
   142   80  1         -0.0005424653          0.0000000000         -0.0005424653
                       -0.0005424653          0.0000000000
   142   44  1          0.0000287001          0.0000000000          0.0000287001
                        0.0000287001          0.0000000000
   142    9  1         -0.0010150903          0.0000000000         -0.0010150903
                       -0.0010150903          0.0000000000
   198  185  1          0.0007997981          0.0000000000          0.0007997981
                        0.0007997981          0.0000000000
   198  150  1          0.0007375126          0.0000000000          0.0007375126
                        0.0007375126          0.0000000000
   198  116  1         -0.0001198671          0.0000000000         -0.0001198671
                       -0.0001198671          0.0000000000
   198   27  1          0.0028181049          0.0000000000          0.0028181049
                        0.0028181049          0.0000000000
   198   16  1          0.0008657851          0.0000000000          0.0008657851
                        0.0008657851          0.0000000000
    99   51  1          0.0004875894          0.0000000000          0.0004875894
                        0.0004875894          0.0000000000
   140    9  1         -0.0005307801          0.0000000000         -0.0005307801
                       -0.0005307801          0.0000000000
    70   39  1          0.0019094197          0.0000000000          0.0019094197
                        0.0019094197          0.0000000000
   195  142  1         -0.0006294223          0.0000000000         -0.0006294223
                       -0.0006294223          0.0000000000
   136   46  1         -0.0000210948          0.0000000000         -0.0000210948
                       -0.0000210948          0.0000000000
   195    7  1          0.0015501053          0.0000000000          0.0015501053
                        0.0015501053          0.0000000000
   130   55  1         -0.0005442750          0.0000000000         -0.0005442750
                       -0.0005442750          0.0000000000
   130  119  1          0.0020601567          0.0000000000          0.0020601567
                        0.0020601567          0.0000000000
    96   41  1         -0.0005531673          0.0000000000         -0.0005531673
                       -0.0005531673          0.0000000000
   125  106  1         -0.0010486938          0.0000000000         -0.0010486938
                       -0.0010486938          0.0000000000
   195  144  1         -0.0009345565          0.0000000000         -0.0009345565
                       -0.0009345565          0.0000000000
   133   21  1          0.0152218236          0.0000000000          0.0152218236
                        0.0152218236          0.0000000000
   110   69  1         -0.0000192214          0.0000000000         -0.0000192214
                       -0.0000192214          0.0000000000
   178  169  1         -0.0011312213          0.0000000000         -0.0011312213
                       -0.0011312213          0.0000000000
   130   45  1         -0.0006707579          0.0000000000         -0.0006707579
                       -0.0006707579          0.0000000000
   130    7  1         -0.0017705330          0.0000000000         -0.0017705330
                       -0.0017705330          0.0000000000
   176   46  1         -0.0000062810          0.0000000000         -0.0000062810
                       -0.0000062810          0.0000000000
   174   36  1          0.0000078571          0.0000000000          0.0000078571
                        0.0000078571          0.0000000000
   168   60  1         -0.0002952179          0.0000000000         -0.0002952179
                       -0.0002952179          0.0000000000
   166  154  1         -0.0004826409          0.0000000000         -0.0004826409
                       -0.0004826409          0.0000000000
   166   55  1         -0.0000269146          0.0000000000         -0.0000269146
                       -0.0000269146          0.0000000000
    56   36  1          0.0003919106          0.0000000000          0.0003919106
                        0.0003919106          0.0000000000
   181  135  1          0.0003412694          0.0000000000          0.0003412694
                        0.0003412694          0.0000000000
   166   20  1         -0.0001581425          0.0000000000         -0.0001581425
                       -0.0001581425          0.0000000000
   174   46  1          0.0000306774          0.0000000000          0.0000306774
                        0.0000306774          0.0000000000
   106   67  1         -0.0003339293          0.0000000000         -0.0003339293
                       -0.0003339293          0.0000000000
   194  142  1          0.0007000330          0.0000000000          0.0007000330
                        0.0007000330          0.0000000000
   145   82  1         -0.0003200569          0.0000000000         -0.0003200569
                       -0.0003200569          0.0000000000
   145   11  1         -0.0000238767          0.0000000000         -0.0000238767
                       -0.0000238767          0.0000000000
   142   95  1          0.0004805526          0.0000000000          0.0004805526
                        0.0004805526          0.0000000000
   194  154  1          0.0005448728          0.0000000000          0.0005448728
                        0.0005448728          0.0000000000
   119   67  1          0.0000440549          0.0000000000          0.0000440549
                        0.0000440549          0.0000000000
   194   43  1          0.0004376218          0.0000000000          0.0004376218
                        0.0004376218          0.0000000000
    69   29  1         -0.0010954221          0.0000000000         -0.0010954221
                       -0.0010954221          0.0000000000
   135   11  1         -0.0000100735          0.0000000000         -0.0000100735
                       -0.0000100735          0.0000000000
    95   55  1          0.0005496201          0.0000000000          0.0005496201
                        0.0005496201          0.0000000000
   166  144  1         -0.0011656648          0.0000000000         -0.0011656648
                       -0.0011656648          0.0000000000
   176   36  1          0.0000407124          0.0000000000          0.0000407124
                        0.0000407124          0.0000000000
   180  168  1          0.0000298541          0.0000000000          0.0000298541
                        0.0000298541          0.0000000000
   127   57  1         -0.0011451534          0.0000000000         -0.0011451534
                       -0.0011451534          0.0000000000
    88   58  1          0.0018629913          0.0000000000          0.0018629913
                        0.0018629913          0.0000000000
    87   71  1          0.0006890844          0.0000000000          0.0006890844
                        0.0006890844          0.0000000000
    61   37  1          0.0001397937          0.0000000000          0.0001397937
                        0.0001397937          0.0000000000
    87   22  1          0.0009543651          0.0000000000          0.0009543651
                        0.0009543651          0.0000000000
   121    8  1          0.0010244094          0.0000000000          0.0010244094
                        0.0010244094          0.0000000000
   170   14  1          0.0001005363          0.0000000000          0.0001005363
                        0.0001005363          0.0000000000
   168  138  1         -0.0001088920          0.0000000000         -0.0001088920
                       -0.0001088920          0.0000000000
   168  111  1         -0.0010750688          0.0000000000         -0.0010750688
                       -0.0010750688          0.0000000000
   168   91  1         -0.0000486663          0.0000000000         -0.0000486663
                       -0.0000486663          0.0000000000
   128   36  1          0.0011663305          0.0000000000          0.0011663305
                        0.0011663305          0.0000000000
   168   12  1         -0.0000631464          0.0000000000         -0.0000631464
                       -0.0000631464          0.0000000000
   136    2  1          0.0000065528          0.0000000000          0.0000065528
                        0.0000065528          0.0000000000
   117   88  1         -0.0000292557          0.0000000000         -0.0000292557
                       -0.0000292557          0.0000000000
    59   22  1          0.0000941066          0.0000000000          0.0000941066
                        0.0000941066          0.0000000000
   197   92  1         -0.0005635924          0.0000000000         -0.0005635924
                       -0.0005635924          0.0000000000
   160   83  1          0.0000583882          0.0000000000          0.0000583882
                        0.0000583882          0.0000000000
    57   28  1          0.0017053103          0.0000000000          0.0017053103
                        0.0017053103          0.0000000000
   159   46  1         -0.0004326212          0.0000000000         -0.0004326212
                       -0.0004326212          0.0000000000
   158  121  1          0.0000790270          0.0000000000          0.0000790270
                        0.0000790270          0.0000000000
   158   28  1         -0.0001266689          0.0000000000         -0.0001266689
                       -0.0001266689          0.0000000000
   157   37  1          0.0000494116          0.0000000000          0.0000494116
                        0.0000494116          0.0000000000
   156   71  1          0.0002820988          0.0000000000          0.0002820988
                        0.0002820988          0.0000000000
   135   30  1          0.0008814784          0.0000000000          0.0008814784
                        0.0008814784          0.0000000000
    28   14  1          0.0009468160          0.0000000000          0.0009468160
                        0.0009468160          0.0000000000
    28    8  1          0.0028527466          0.0000000000          0.0028527466
                        0.0028527466          0.0000000000
   187   61  1         -0.0000272802          0.0000000000         -0.0000272802
                       -0.0000272802          0.0000000000
   107    1  1          0.0189436943          0.0000000000          0.0189436943
                        0.0189436943          0.0000000000
   136   92  1          0.0000059132          0.0000000000          0.0000059132
                        0.0000059132          0.0000000000
   145  124  1         -0.0002656365          0.0000000000         -0.0002656365
                       -0.0002656365          0.0000000000
   145   29  1         -0.0002121751          0.0000000000         -0.0002121751
                       -0.0002121751          0.0000000000
   101   88  1         -0.0002278600          0.0000000000         -0.0002278600
                       -0.0002278600          0.0000000000
    36   29  1          0.0006392249          0.0000000000          0.0006392249
                        0.0006392249          0.0000000000
    71   57  1          0.0015101747          0.0000000000          0.0015101747
                        0.0015101747          0.0000000000
    71    8  1          0.0008506912          0.0000000000          0.0008506912
                        0.0008506912          0.0000000000
   197  117  1         -0.0000403818          0.0000000000         -0.0000403818
                       -0.0000403818          0.0000000000
   100   59  1          0.0001367227          0.0000000000          0.0001367227
                        0.0001367227          0.0000000000
    69   12  1         -0.0008305259          0.0000000000         -0.0008305259
                       -0.0008305259          0.0000000000
   136   18  1         -0.0000124179          0.0000000000         -0.0000124179
                       -0.0000124179          0.0000000000
   191   37  1         -0.0000113995          0.0000000000         -0.0000113995
                       -0.0000113995          0.0000000000
   190   69  1          0.0000128622          0.0000000000          0.0000128622
                        0.0000128622          0.0000000000
   187  117  1          0.0000838503          0.0000000000          0.0000838503
                        0.0000838503          0.0000000000
   186  100  1          0.0247903830          0.0000000000          0.0247903830
                        0.0247903830          0.0000000000
   130   69  1         -0.0000201517          0.0000000000         -0.0000201517
                       -0.0000201517          0.0000000000
   182   84  1         -0.0001651734          0.0000000000         -0.0001651734
                       -0.0001651734          0.0000000000
    46   31  1         -0.0004796415          0.0000000000         -0.0004796415
                       -0.0004796415          0.0000000000
    46   12  1         -0.0000431057          0.0000000000         -0.0000431057
                       -0.0000431057          0.0000000000
   187   90  1         -0.0004462156          0.0000000000         -0.0004462156
                       -0.0004462156          0.0000000000
   187   97  1         -0.0006292179          0.0000000000         -0.0006292179
                       -0.0006292179          0.0000000000
    89   83  1          0.0004546418          0.0000000000          0.0004546418
                        0.0004546418          0.0000000000
   197   24  1         -0.0007791510          0.0000000000         -0.0007791510
                       -0.0007791510          0.0000000000
   192  182  1          0.0003484888          0.0000000000          0.0003484888
                        0.0003484888          0.0000000000
   117   32  1          0.0000083162          0.0000000000          0.0000083162
                        0.0000083162          0.0000000000
    88   54  1          0.0000971821          0.0000000000          0.0000971821
                        0.0000971821          0.0000000000
    88   33  1          0.0009841818          0.0000000000          0.0009841818
                        0.0009841818          0.0000000000
    88   23  1         -0.0003234237          0.0000000000         -0.0003234237
                       -0.0003234237          0.0000000000
   174   58  1         -0.0000019841          0.0000000000         -0.0000019841
                       -0.0000019841          0.0000000000
   187  123  1         -0.0005022651          0.0000000000         -0.0005022651
                       -0.0005022651          0.0000000000
    98   54  1          0.0000000030          0.0000000000          0.0000000030
                        0.0000000030          0.0000000000
    90   83  1         -0.0001013388          0.0000000000         -0.0001013388
                       -0.0001013388          0.0000000000
   171   98  1         -0.0000062981          0.0000000000         -0.0000062981
                       -0.0000062981          0.0000000000
   187  137  1          0.0003846485          0.0000000000          0.0003846485
                        0.0003846485          0.0000000000
   122   98  1         -0.0000326772          0.0000000000         -0.0000326772
                       -0.0000326772          0.0000000000
   187   76  1         -0.0000586309          0.0000000000         -0.0000586309
                       -0.0000586309          0.0000000000
   176   61  1          0.0000031466          0.0000000000          0.0000031466
                        0.0000031466          0.0000000000
    85   37  1          0.0005589011          0.0000000000          0.0005589011
                        0.0005589011          0.0000000000
   180  145  1          0.0004968366          0.0000000000          0.0004968366
                        0.0004968366          0.0000000000
   118   88  1         -0.0000085442          0.0000000000         -0.0000085442
                       -0.0000085442          0.0000000000
   181   18  1          0.0000313871          0.0000000000          0.0000313871
                        0.0000313871          0.0000000000
    83   64  1          0.0005043095          0.0000000000          0.0005043095
                        0.0005043095          0.0000000000
   117   75  1          0.0000018863          0.0000000000          0.0000018863
                        0.0000018863          0.0000000000
   117   56  1         -0.0000009482          0.0000000000         -0.0000009482
                       -0.0000009482          0.0000000000
   136   64  1         -0.0000118759          0.0000000000         -0.0000118759
                       -0.0000118759          0.0000000000
    91   36  1          0.0000127613          0.0000000000          0.0000127613
                        0.0000127613          0.0000000000
    82   58  1          0.0000693148          0.0000000000          0.0000693148
                        0.0000693148          0.0000000000
   163   83  1         -0.0000256928          0.0000000000         -0.0000256928
                       -0.0000256928          0.0000000000
   181  101  1          0.0000158736          0.0000000000          0.0000158736
                        0.0000158736          0.0000000000
   136   66  1         -0.0000177891          0.0000000000         -0.0000177891
                       -0.0000177891          0.0000000000
   161  136  1         -0.0002590958          0.0000000000         -0.0002590958
                       -0.0002590958          0.0000000000
   114   83  1         -0.0000530645          0.0000000000         -0.0000530645
                       -0.0000530645          0.0000000000
    46   26  1          0.0000083008          0.0000000000          0.0000083008
                        0.0000083008          0.0000000000
   160   77  1          0.0000047541          0.0000000000          0.0000047541
                        0.0000047541          0.0000000000
   191  155  1          0.0001770326          0.0000000000          0.0001770326
                        0.0001770326          0.0000000000
    80   36  1          0.0000277683          0.0000000000          0.0000277683
                        0.0000277683          0.0000000000
   112   83  1         -0.0000702841          0.0000000000         -0.0000702841
                       -0.0000702841          0.0000000000
   157   77  1          0.0000150162          0.0000000000          0.0000150162
                        0.0000150162          0.0000000000
   157   11  1         -0.0000528379          0.0000000000         -0.0000528379
                       -0.0000528379          0.0000000000
   110  101  1         -0.0003753376          0.0000000000         -0.0003753376
                       -0.0003753376          0.0000000000
   155  117  1          0.0000886764          0.0000000000          0.0000886764
                        0.0000886764          0.0000000000
   155   61  1          0.0000094282          0.0000000000          0.0000094282
                        0.0000094282          0.0000000000
   191  174  1         -0.0020069557          0.0000000000         -0.0020069557
                       -0.0020069557          0.0000000000
   182   33  1          0.0001837590          0.0000000000          0.0001837590
                        0.0001837590          0.0000000000
   153   98  1         -0.0000035147          0.0000000000         -0.0000035147
                       -0.0000035147          0.0000000000
   190  145  1          0.0000790645          0.0000000000          0.0000790645
                        0.0000790645          0.0000000000
   182   64  1         -0.0000121610          0.0000000000         -0.0000121610
                       -0.0000121610          0.0000000000
   190  135  1          0.0000314423          0.0000000000          0.0000314423
                        0.0000314423          0.0000000000
   174   61  1          0.0000046198          0.0000000000          0.0000046198
                        0.0000046198          0.0000000000
    92   11  1          0.0000415404          0.0000000000          0.0000415404
                        0.0000415404          0.0000000000
   123   98  1         -0.0004405100          0.0000000000         -0.0004405100
                       -0.0004405100          0.0000000000
   149   98  1         -0.0000981505          0.0000000000         -0.0000981505
                       -0.0000981505          0.0000000000
   149   37  1         -0.0002715055          0.0000000000         -0.0002715055
                       -0.0002715055          0.0000000000
   197  123  1         -0.0006096967          0.0000000000         -0.0006096967
                       -0.0006096967          0.0000000000
   174  101  1         -0.0000067440          0.0000000000         -0.0000067440
                       -0.0000067440          0.0000000000
    63   36  1          0.0000832564          0.0000000000          0.0000832564
                        0.0000832564          0.0000000000
   136   33  1          0.0000377588          0.0000000000          0.0000377588
                        0.0000377588          0.0000000000
   197  132  1          0.0001666585          0.0000000000          0.0001666585
                        0.0001666585          0.0000000000
   146   37  1         -0.0000687262          0.0000000000         -0.0000687262
                       -0.0000687262          0.0000000000
    88   15  1          0.0003486773          0.0000000000          0.0003486773
                        0.0003486773          0.0000000000
   145   96  1         -0.0000311452          0.0000000000         -0.0000311452
                       -0.0000311452          0.0000000000
   145   79  1          0.0001692257          0.0000000000          0.0001692257
                        0.0001692257          0.0000000000
   145   44  1          0.0000192306          0.0000000000          0.0000192306
                        0.0000192306          0.0000000000
   145   12  1         -0.0000150334          0.0000000000         -0.0000150334
                       -0.0000150334          0.0000000000
   102   88  1         -0.0006304441          0.0000000000         -0.0006304441
                       -0.0006304441          0.0000000000
   143  135  1         -0.0001987240          0.0000000000         -0.0001987240
                       -0.0001987240          0.0000000000
   143   46  1          0.0000165710          0.0000000000          0.0000165710
                        0.0000165710          0.0000000000
    36   31  1          0.0001223215          0.0000000000          0.0001223215
                        0.0001223215          0.0000000000
   197  153  1         -0.0000625337          0.0000000000         -0.0000625337
                       -0.0000625337          0.0000000000
   196  182  1         -0.0002051793          0.0000000000         -0.0002051793
                       -0.0002051793          0.0000000000
   197  192  1         -0.0003398163          0.0000000000         -0.0003398163
                       -0.0003398163          0.0000000000
   189   37  1         -0.0000566310          0.0000000000         -0.0000566310
                       -0.0000566310          0.0000000000
   197  137  1         -0.0000878392          0.0000000000         -0.0000878392
                       -0.0000878392          0.0000000000
   197  104  1          0.0000143032          0.0000000000          0.0000143032
                        0.0000143032          0.0000000000
   197   84  1         -0.0000112489          0.0000000000         -0.0000112489
                       -0.0000112489          0.0000000000
   197   50  1         -0.0001646469          0.0000000000         -0.0001646469
                       -0.0001646469          0.0000000000
   196   88  1         -0.0006092344          0.0000000000         -0.0006092344
                       -0.0006092344          0.0000000000
    98   84  1         -0.0001470505          0.0000000000         -0.0001470505
                       -0.0001470505          0.0000000000
   195   46  1         -0.0000270271          0.0000000000         -0.0000270271
                       -0.0000270271          0.0000000000
    98   23  1         -0.0000869202          0.0000000000         -0.0000869202
                       -0.0000869202          0.0000000000
   184   37  1          0.0000569630          0.0000000000          0.0000569630
                        0.0000569630          0.0000000000
   136   47  1         -0.0000342828          0.0000000000         -0.0000342828
                       -0.0000342828          0.0000000000
   184   88  1         -0.0002750511          0.0000000000         -0.0002750511
                       -0.0002750511          0.0000000000
   136  112  1         -0.0001950955          0.0000000000         -0.0001950955
                       -0.0001950955          0.0000000000
   136   90  1         -0.0000378835          0.0000000000         -0.0000378835
                       -0.0000378835          0.0000000000
   136   72  1          0.0000032865          0.0000000000          0.0000032865
                        0.0000032865          0.0000000000
   136   54  1          0.0000097254          0.0000000000          0.0000097254
                        0.0000097254          0.0000000000
   136   24  1          0.0000117247          0.0000000000          0.0000117247
                        0.0000117247          0.0000000000
   178  145  1          0.0005884950          0.0000000000          0.0005884950
                        0.0005884950          0.0000000000
   136    3  1         -0.0000258447          0.0000000000         -0.0000258447
                       -0.0000258447          0.0000000000
   135  111  1          0.0001472574          0.0000000000          0.0001472574
                        0.0001472574          0.0000000000
   135   74  1         -0.0000416891          0.0000000000         -0.0000416891
                       -0.0000416891          0.0000000000
   189  136  1         -0.0000228551          0.0000000000         -0.0000228551
                       -0.0000228551          0.0000000000
   188  136  1         -0.0001263002          0.0000000000         -0.0001263002
                       -0.0001263002          0.0000000000
   187   33  1          0.0001851150          0.0000000000          0.0001851150
                        0.0001851150          0.0000000000
   135   31  1          0.0000813351          0.0000000000          0.0000813351
                        0.0000813351          0.0000000000
   187  114  1          0.0003593303          0.0000000000          0.0003593303
                        0.0003593303          0.0000000000
   187   85  1         -0.0002657846          0.0000000000         -0.0002657846
                       -0.0002657846          0.0000000000
   187   54  1         -0.0000659543          0.0000000000         -0.0000659543
                       -0.0000659543          0.0000000000
   135    9  1         -0.0000388475          0.0000000000         -0.0000388475
                       -0.0000388475          0.0000000000
   187   13  1          0.0000440189          0.0000000000          0.0000440189
                        0.0000440189          0.0000000000
    93   83  1          0.0003535849          0.0000000000          0.0003535849
                        0.0003535849          0.0000000000
    88   66  1         -0.0009898957          0.0000000000         -0.0009898957
                       -0.0009898957          0.0000000000
   131   92  1          0.0000488908          0.0000000000          0.0000488908
                        0.0000488908          0.0000000000
   184   83  1          0.0002756678          0.0000000000          0.0002756678
                        0.0002756678          0.0000000000
   130   46  1         -0.0000236629          0.0000000000         -0.0000236629
                       -0.0000236629          0.0000000000
    92   32  1         -0.0009989247          0.0000000000         -0.0009989247
                       -0.0009989247          0.0000000000
   110   61  1         -0.0000547891          0.0000000000         -0.0000547891
                       -0.0000547891          0.0000000000
   192   75  1         -0.0000391278          0.0000000000         -0.0000391278
                       -0.0000391278          0.0000000000
   181  161  1          0.0001036735          0.0000000000          0.0001036735
                        0.0001036735          0.0000000000
   181  118  1         -0.0000190647          0.0000000000         -0.0000190647
                       -0.0000190647          0.0000000000
   181   93  1          0.0000498084          0.0000000000          0.0000498084
                        0.0000498084          0.0000000000
   181   54  1          0.0003559265          0.0000000000          0.0003559265
                        0.0003559265          0.0000000000
   192   82  1          0.0000330698          0.0000000000          0.0000330698
                        0.0000330698          0.0000000000
   176  104  1         -0.0000475573          0.0000000000         -0.0000475573
                       -0.0000475573          0.0000000000
    32   24  1         -0.0013912729          0.0000000000         -0.0013912729
                       -0.0013912729          0.0000000000
    32   19  1          0.0000923023          0.0000000000          0.0000923023
                        0.0000923023          0.0000000000
    32   15  1          0.0001090627          0.0000000000          0.0001090627
                        0.0001090627          0.0000000000
   176   89  1         -0.0000367131          0.0000000000         -0.0000367131
                       -0.0000367131          0.0000000000
   176   76  1         -0.0000504818          0.0000000000         -0.0000504818
                       -0.0000504818          0.0000000000
   176   23  1         -0.0001879340          0.0000000000         -0.0001879340
                       -0.0001879340          0.0000000000
   124  101  1         -0.0006547012          0.0000000000         -0.0006547012
                       -0.0006547012          0.0000000000
   175   82  1         -0.0000137492          0.0000000000         -0.0000137492
                       -0.0000137492          0.0000000000
    88   34  1          0.0002468042          0.0000000000          0.0002468042
                        0.0002468042          0.0000000000
    32    5  1          0.0000462866          0.0000000000          0.0000462866
                        0.0000462866          0.0000000000
    25    2  1          0.0012677641          0.0000000000          0.0012677641
                        0.0012677641          0.0000000000
   174  109  1          0.0001710714          0.0000000000          0.0001710714
                        0.0001710714          0.0000000000
   174   89  1         -0.0000375104          0.0000000000         -0.0000375104
                       -0.0000375104          0.0000000000
   174   54  1         -0.0000562020          0.0000000000         -0.0000562020
                       -0.0000562020          0.0000000000
   174   24  1         -0.0000588193          0.0000000000         -0.0000588193
                       -0.0000588193          0.0000000000
   174   13  1          0.0000381833          0.0000000000          0.0000381833
                        0.0000381833          0.0000000000
    90   75  1          0.0014241694          0.0000000000          0.0014241694
                        0.0014241694          0.0000000000
   137   11  1         -0.0000407190          0.0000000000         -0.0000407190
                       -0.0000407190          0.0000000000
   122   11  1          0.0000080202          0.0000000000          0.0000080202
                        0.0000080202          0.0000000000
    90   82  1          0.0002600642          0.0000000000          0.0002600642
                        0.0002600642          0.0000000000
   122   82  1          0.0001234217          0.0000000000          0.0001234217
                        0.0001234217          0.0000000000
    61   25  1          0.0000083474          0.0000000000          0.0000083474
                        0.0000083474          0.0000000000
   176   62  1         -0.0000342512          0.0000000000         -0.0000342512
                       -0.0000342512          0.0000000000
   120   37  1          0.0005704385          0.0000000000          0.0005704385
                        0.0005704385          0.0000000000
    84   77  1         -0.0017028164          0.0000000000         -0.0017028164
                       -0.0017028164          0.0000000000
   191  129  1         -0.0052648659          0.0000000000         -0.0052648659
                       -0.0052648659          0.0000000000
   118   77  1         -0.0000157234          0.0000000000         -0.0000157234
                       -0.0000157234          0.0000000000
    60    2  1          0.0009997602          0.0000000000          0.0009997602
                        0.0009997602          0.0000000000
   196   11  1          0.0000971375          0.0000000000          0.0000971375
                        0.0000971375          0.0000000000
   181   24  1         -0.0000422726          0.0000000000         -0.0000422726
                       -0.0000422726          0.0000000000
   165  131  1         -0.0001750148          0.0000000000         -0.0001750148
                       -0.0001750148          0.0000000000
   165   77  1         -0.0000364861          0.0000000000         -0.0000364861
                       -0.0000364861          0.0000000000
   117   25  1         -0.0002986480          0.0000000000         -0.0002986480
                       -0.0002986480          0.0000000000
   164   83  1          0.0004881723          0.0000000000          0.0004881723
                        0.0004881723          0.0000000000
   164   37  1          0.0004174828          0.0000000000          0.0004174828
                        0.0004174828          0.0000000000
    97   32  1          0.0001159693          0.0000000000          0.0001159693
                        0.0001159693          0.0000000000
    82   50  1          0.0000446480          0.0000000000          0.0000446480
                        0.0000446480          0.0000000000
   163   82  1          0.0000444092          0.0000000000          0.0000444092
                        0.0000444092          0.0000000000
   163   56  1          0.0000156288          0.0000000000          0.0000156288
                        0.0000156288          0.0000000000
    30    2  1          0.0012378242          0.0000000000          0.0012378242
                        0.0012378242          0.0000000000
    82   15  1          0.0000078607          0.0000000000          0.0000078607
                        0.0000078607          0.0000000000
    11    5  1          0.0003009790          0.0000000000          0.0003009790
                        0.0003009790          0.0000000000
   161  131  1         -0.0006335035          0.0000000000         -0.0006335035
                       -0.0006335035          0.0000000000
   161   77  1         -0.0000283220          0.0000000000         -0.0000283220
                       -0.0000283220          0.0000000000
   161   11  1         -0.0000013248          0.0000000000         -0.0000013248
                       -0.0000013248          0.0000000000
   160  124  1          0.0001890929          0.0000000000          0.0001890929
                        0.0001890929          0.0000000000
   123   32  1         -0.0001670352          0.0000000000         -0.0001670352
                       -0.0001670352          0.0000000000
   159   92  1          0.0002111716          0.0000000000          0.0002111716
                        0.0002111716          0.0000000000
   112   75  1          0.0000333359          0.0000000000          0.0000333359
                        0.0000333359          0.0000000000
   112   32  1          0.0000628689          0.0000000000          0.0000628689
                        0.0000628689          0.0000000000
    29    2  1          0.0011984562          0.0000000000          0.0011984562
                        0.0011984562          0.0000000000
    56   24  1         -0.0000891979          0.0000000000         -0.0000891979
                       -0.0000891979          0.0000000000
    97   75  1          0.0000431043          0.0000000000          0.0000431043
                        0.0000431043          0.0000000000
   110   89  1          0.0002039801          0.0000000000          0.0002039801
                        0.0002039801          0.0000000000
   110   76  1         -0.0000534963          0.0000000000         -0.0000534963
                       -0.0000534963          0.0000000000
   136   21  1          0.0002306838          0.0000000000          0.0002306838
                        0.0002306838          0.0000000000
   110   62  1         -0.0000068522          0.0000000000         -0.0000068522
                       -0.0000068522          0.0000000000
   155  104  1         -0.0000019326          0.0000000000         -0.0000019326
                       -0.0000019326          0.0000000000
   110   50  1          0.0001507501          0.0000000000          0.0001507501
                        0.0001507501          0.0000000000
   155   76  1         -0.0000229405          0.0000000000         -0.0000229405
                       -0.0000229405          0.0000000000
   155   64  1          0.0000185409          0.0000000000          0.0000185409
                        0.0000185409          0.0000000000
   110   24  1          0.0000363036          0.0000000000          0.0000363036
                        0.0000363036          0.0000000000
   155   24  1          0.0000179341          0.0000000000          0.0000179341
                        0.0000179341          0.0000000000
   110   13  1         -0.0000459711          0.0000000000         -0.0000459711
                       -0.0000459711          0.0000000000
   155    3  1          0.0000357848          0.0000000000          0.0000357848
                        0.0000357848          0.0000000000
    97   77  1          0.0000006933          0.0000000000          0.0000006933
                        0.0000006933          0.0000000000
   109   56  1         -0.0000284792          0.0000000000         -0.0000284792
                       -0.0000284792          0.0000000000
   123   75  1         -0.0000443616          0.0000000000         -0.0000443616
                       -0.0000443616          0.0000000000
    77   50  1          0.0000991195          0.0000000000          0.0000991195
                        0.0000991195          0.0000000000
   188   11  1          0.0002079768          0.0000000000          0.0002079768
                        0.0002079768          0.0000000000
    77   24  1          0.0003910971          0.0000000000          0.0003910971
                        0.0003910971          0.0000000000
    77   10  1          0.0001666592          0.0000000000          0.0001666592
                        0.0001666592          0.0000000000
    25   18  1         -0.0016764912          0.0000000000         -0.0016764912
                       -0.0016764912          0.0000000000
    54   11  1          0.0000536713          0.0000000000          0.0000536713
                        0.0000536713          0.0000000000
   160   25  1          0.0000634510          0.0000000000          0.0000634510
                        0.0000634510          0.0000000000
   149  110  1         -0.0001677288          0.0000000000         -0.0001677288
                       -0.0001677288          0.0000000000
   149   56  1          0.0005000662          0.0000000000          0.0005000662
                        0.0005000662          0.0000000000
   174  102  1         -0.0000169777          0.0000000000         -0.0000169777
                       -0.0000169777          0.0000000000
    75    5  1         -0.0000168444          0.0000000000         -0.0000168444
                       -0.0000168444          0.0000000000
   174   90  1         -0.0000434302          0.0000000000         -0.0000434302
                       -0.0000434302          0.0000000000
   183   32  1          0.0001706429          0.0000000000          0.0001706429
                        0.0001706429          0.0000000000
   192   11  1          0.0000670151          0.0000000000          0.0000670151
                        0.0000670151          0.0000000000
   146   77  1         -0.0000852602          0.0000000000         -0.0000852602
                       -0.0000852602          0.0000000000
   146   32  1          0.0001081826          0.0000000000          0.0001081826
                        0.0001081826          0.0000000000
   145   95  1          0.0000212345          0.0000000000          0.0000212345
                        0.0000212345          0.0000000000
   102   77  1         -0.0000879872          0.0000000000         -0.0000879872
                       -0.0000879872          0.0000000000
   102   56  1          0.0000268505          0.0000000000          0.0000268505
                        0.0000268505          0.0000000000
    72   32  1         -0.0002164143          0.0000000000         -0.0002164143
                       -0.0002164143          0.0000000000
   175   11  1         -0.0000382805          0.0000000000         -0.0000382805
                       -0.0000382805          0.0000000000
    50   32  1         -0.0001012858          0.0000000000         -0.0001012858
                       -0.0001012858          0.0000000000
   134   37  1          0.0006956018          0.0000000000          0.0006956018
                        0.0006956018          0.0000000000
   183  174  1          0.0000611326          0.0000000000          0.0000611326
                        0.0000611326          0.0000000000
   196   56  1          0.0000453547          0.0000000000          0.0000453547
                        0.0000453547          0.0000000000
   189   77  1         -0.0001068629          0.0000000000         -0.0001068629
                       -0.0001068629          0.0000000000
   194   36  1         -0.0000347408          0.0000000000         -0.0000347408
                       -0.0000347408          0.0000000000
   191   25  1          0.0005636976          0.0000000000          0.0005636976
                        0.0005636976          0.0000000000
   192  176  1         -0.0000612309          0.0000000000         -0.0000612309
                       -0.0000612309          0.0000000000
   136   65  1          0.0001823919          0.0000000000          0.0001823919
                        0.0001823919          0.0000000000
   191  124  1          0.0004236988          0.0000000000          0.0004236988
                        0.0004236988          0.0000000000
   188   82  1         -0.0000189063          0.0000000000         -0.0000189063
                       -0.0000189063          0.0000000000
   176   93  1         -0.0000495443          0.0000000000         -0.0000495443
                       -0.0000495443          0.0000000000
   176   97  1         -0.0000992053          0.0000000000         -0.0000992053
                       -0.0000992053          0.0000000000
   188  155  1          0.0000296579          0.0000000000          0.0000296579
                        0.0000296579          0.0000000000
    67   36  1         -0.0000848652          0.0000000000         -0.0000848652
                       -0.0000848652          0.0000000000
   187   65  1          0.0011750822          0.0000000000          0.0011750822
                        0.0011750822          0.0000000000
   132   82  1         -0.0001091188          0.0000000000         -0.0001091188
                       -0.0001091188          0.0000000000
   132   32  1         -0.0001046672          0.0000000000         -0.0001046672
                       -0.0001046672          0.0000000000
   132   11  1          0.0000576163          0.0000000000          0.0000576163
                        0.0000576163          0.0000000000
   131  122  1          0.0010194318          0.0000000000          0.0010194318
                        0.0010194318          0.0000000000
    93   56  1         -0.0000060514          0.0000000000         -0.0000060514
                       -0.0000060514          0.0000000000
   131   84  1          0.0001846094          0.0000000000          0.0001846094
                        0.0001846094          0.0000000000
   131   89  1         -0.0000268928          0.0000000000         -0.0000268928
                       -0.0000268928          0.0000000000
   131   38  1          0.0000178792          0.0000000000          0.0000178792
                        0.0000178792          0.0000000000
   131   23  1          0.0001102166          0.0000000000          0.0001102166
                        0.0001102166          0.0000000000
   131   10  1          0.0000191638          0.0000000000          0.0000191638
                        0.0000191638          0.0000000000
    47   11  1          0.0000163802          0.0000000000          0.0000163802
                        0.0000163802          0.0000000000
   131  112  1          0.0000589612          0.0000000000          0.0000589612
                        0.0000589612          0.0000000000
    92   60  1         -0.0050407725          0.0000000000         -0.0050407725
                       -0.0050407725          0.0000000000
    92   29  1         -0.0008554770          0.0000000000         -0.0008554770
                       -0.0008554770          0.0000000000
    65   37  1         -0.0004525311          0.0000000000         -0.0004525311
                       -0.0004525311          0.0000000000
   129   50  1         -0.0031554456          0.0000000000         -0.0031554456
                       -0.0031554456          0.0000000000
    91   61  1          0.0001784082          0.0000000000          0.0001784082
                        0.0001784082          0.0000000000
   128  122  1         -0.0026997024          0.0000000000         -0.0026997024
                       -0.0026997024          0.0000000000
   128  102  1         -0.0016520284          0.0000000000         -0.0016520284
                       -0.0016520284          0.0000000000
   128   89  1         -0.0010109255          0.0000000000         -0.0010109255
                       -0.0010109255          0.0000000000
   128   72  1          0.0006126489          0.0000000000          0.0006126489
                        0.0006126489          0.0000000000
   128   50  1         -0.0035997954          0.0000000000         -0.0035997954
                       -0.0035997954          0.0000000000
   128   38  1          0.0001026114          0.0000000000          0.0001026114
                        0.0001026114          0.0000000000
   180   18  1          0.0000285124          0.0000000000          0.0000285124
                        0.0000285124          0.0000000000
    64   29  1         -0.0012231894          0.0000000000         -0.0012231894
                       -0.0012231894          0.0000000000
   192  128  1         -0.0004917317          0.0000000000         -0.0004917317
                       -0.0004917317          0.0000000000
   178   92  1          0.0000556971          0.0000000000          0.0000556971
                        0.0000556971          0.0000000000
   179  117  1          0.0000922739          0.0000000000          0.0000922739
                        0.0000922739          0.0000000000
    97   25  1         -0.0014584809          0.0000000000         -0.0014584809
                       -0.0014584809          0.0000000000
   176  164  1          0.0002552767          0.0000000000          0.0002552767
                        0.0002552767          0.0000000000
   176  120  1          0.0002990894          0.0000000000          0.0002990894
                        0.0002990894          0.0000000000
   124  118  1         -0.0001013152          0.0000000000         -0.0001013152
                       -0.0001013152          0.0000000000
   124  102  1         -0.0046172875          0.0000000000         -0.0046172875
                       -0.0046172875          0.0000000000
   124   84  1         -0.0040488349          0.0000000000         -0.0040488349
                       -0.0040488349          0.0000000000
   124   64  1         -0.0012594014          0.0000000000         -0.0012594014
                       -0.0012594014          0.0000000000
   124   50  1         -0.0050241009          0.0000000000         -0.0050241009
                       -0.0050241009          0.0000000000
   174  164  1         -0.0014791479          0.0000000000         -0.0014791479
                       -0.0014791479          0.0000000000
   124    5  1         -0.0027139469          0.0000000000         -0.0027139469
                       -0.0027139469          0.0000000000
   174   34  1          0.0002914999          0.0000000000          0.0002914999
                        0.0002914999          0.0000000000
   123   29  1          0.0023630728          0.0000000000          0.0023630728
                        0.0023630728          0.0000000000
   173   58  1         -0.0000425445          0.0000000000         -0.0000425445
                       -0.0000425445          0.0000000000
   122   29  1         -0.0058854319          0.0000000000         -0.0058854319
                       -0.0058854319          0.0000000000
   128    5  1         -0.0034322073          0.0000000000         -0.0034322073
                       -0.0034322073          0.0000000000
   171  124  1          0.0004382985          0.0000000000          0.0004382985
                        0.0004382985          0.0000000000
   128   15  1          0.0000903201          0.0000000000          0.0000903201
                        0.0000903201          0.0000000000
   171   29  1          0.0003488796          0.0000000000          0.0003488796
                        0.0003488796          0.0000000000
    61   12  1         -0.0000586365          0.0000000000         -0.0000586365
                       -0.0000586365          0.0000000000
    61    4  1         -0.0000152557          0.0000000000         -0.0000152557
                       -0.0000152557          0.0000000000
   176   65  1          0.0005178557          0.0000000000          0.0005178557
                        0.0005178557          0.0000000000
   120   11  1          0.0000903517          0.0000000000          0.0000903517
                        0.0000903517          0.0000000000
    60   24  1          0.0011178172          0.0000000000          0.0011178172
                        0.0011178172          0.0000000000
    91   18  1         -0.0000619713          0.0000000000         -0.0000619713
                       -0.0000619713          0.0000000000
    30   24  1          0.0013679126          0.0000000000          0.0013679126
                        0.0013679126          0.0000000000
    64   60  1          0.0007227026          0.0000000000          0.0007227026
                        0.0007227026          0.0000000000
   117  108  1          0.0000559896          0.0000000000          0.0000559896
                        0.0000559896          0.0000000000
   117   91  1         -0.0000052918          0.0000000000         -0.0000052918
                       -0.0000052918          0.0000000000
   117   74  1         -0.0000013171          0.0000000000         -0.0000013171
                       -0.0000013171          0.0000000000
   173  117  1         -0.0001583969          0.0000000000         -0.0001583969
                       -0.0001583969          0.0000000000
    30   13  1         -0.0013389907          0.0000000000         -0.0013389907
                       -0.0013389907          0.0000000000
   165   25  1         -0.0013372166          0.0000000000         -0.0013372166
                       -0.0013372166          0.0000000000
   117    4  1          0.0000034895          0.0000000000          0.0000034895
                        0.0000034895          0.0000000000
   164   75  1          0.0002167429          0.0000000000          0.0002167429
                        0.0002167429          0.0000000000
    82   65  1         -0.0010851809          0.0000000000         -0.0010851809
                       -0.0010851809          0.0000000000
   163  129  1         -0.0011929876          0.0000000000         -0.0011929876
                       -0.0011929876          0.0000000000
    82   35  1         -0.0011701746          0.0000000000         -0.0011701746
                       -0.0011701746          0.0000000000
   163   29  1         -0.0010280722          0.0000000000         -0.0010280722
                       -0.0010280722          0.0000000000
   128  109  1          0.0019739539          0.0000000000          0.0019739539
                        0.0019739539          0.0000000000
   162   92  1         -0.0000054995          0.0000000000         -0.0000054995
                       -0.0000054995          0.0000000000
   128  118  1          0.0004284506          0.0000000000          0.0004284506
                        0.0004284506          0.0000000000
   161  129  1         -0.0016611554          0.0000000000         -0.0016611554
                       -0.0016611554          0.0000000000
   161   60  1         -0.0003814151          0.0000000000         -0.0003814151
                       -0.0003814151          0.0000000000
   114   29  1          0.0000412452          0.0000000000          0.0000412452
                        0.0000412452          0.0000000000
   160  143  1          0.0011797486          0.0000000000          0.0011797486
                        0.0011797486          0.0000000000
   160  108  1          0.0000404235          0.0000000000          0.0000404235
                        0.0000404235          0.0000000000
   160   80  1          0.0000286333          0.0000000000          0.0000286333
                        0.0000286333          0.0000000000
    29   15  1         -0.0002010266          0.0000000000         -0.0002010266
                       -0.0002010266          0.0000000000
    80   61  1         -0.0000750090          0.0000000000         -0.0000750090
                       -0.0000750090          0.0000000000
   159  149  1          0.0013791497          0.0000000000          0.0013791497
                        0.0013791497          0.0000000000
   159  118  1          0.0017855685          0.0000000000          0.0017855685
                        0.0017855685          0.0000000000
   159   97  1         -0.0008332522          0.0000000000         -0.0008332522
                       -0.0008332522          0.0000000000
   159   84  1         -0.0001112356          0.0000000000         -0.0001112356
                       -0.0001112356          0.0000000000
   159   54  1          0.0002130903          0.0000000000          0.0002130903
                        0.0002130903          0.0000000000
   159   38  1          0.0000492396          0.0000000000          0.0000492396
                        0.0000492396          0.0000000000
   159   15  1          0.0000156842          0.0000000000          0.0000156842
                        0.0000156842          0.0000000000
   159  123  1          0.0011597369          0.0000000000          0.0011597369
                        0.0011597369          0.0000000000
   112   29  1         -0.0000463116          0.0000000000         -0.0000463116
                       -0.0000463116          0.0000000000
   157  138  1          0.0012394911          0.0000000000          0.0012394911
                        0.0012394911          0.0000000000
   157  111  1          0.0000166944          0.0000000000          0.0000166944
                        0.0000166944          0.0000000000
   157   91  1         -0.0000390919          0.0000000000         -0.0000390919
                       -0.0000390919          0.0000000000
    56   34  1         -0.0013558395          0.0000000000         -0.0013558395
                       -0.0013558395          0.0000000000
   157   26  1          0.0000391727          0.0000000000          0.0000391727
                        0.0000391727          0.0000000000
   157    9  1         -0.0000802668          0.0000000000         -0.0000802668
                       -0.0000802668          0.0000000000
    79    2  1          0.0000854696          0.0000000000          0.0000854696
                        0.0000854696          0.0000000000
   155  120  1         -0.0005378025          0.0000000000         -0.0005378025
                       -0.0005378025          0.0000000000
   155   34  1         -0.0000115445          0.0000000000         -0.0000115445
                       -0.0000115445          0.0000000000
    25    3  1         -0.0041376387          0.0000000000         -0.0041376387
                       -0.0041376387          0.0000000000
   109   30  1          0.0004250105          0.0000000000          0.0004250105
                        0.0004250105          0.0000000000
   153  124  1         -0.0015934039          0.0000000000         -0.0015934039
                       -0.0015934039          0.0000000000
   153   30  1         -0.0002092678          0.0000000000         -0.0002092678
                       -0.0002092678          0.0000000000
   108   58  1         -0.0000685325          0.0000000000         -0.0000685325
                       -0.0000685325          0.0000000000
    54   30  1         -0.0021024048          0.0000000000         -0.0021024048
                       -0.0021024048          0.0000000000
    76   29  1         -0.0031735246          0.0000000000         -0.0031735246
                       -0.0031735246          0.0000000000
    38   29  1         -0.0007202142          0.0000000000         -0.0007202142
                       -0.0007202142          0.0000000000
    38   25  1         -0.0002930862          0.0000000000         -0.0002930862
                       -0.0002930862          0.0000000000
   149   30  1         -0.0046416037          0.0000000000         -0.0046416037
                       -0.0046416037          0.0000000000
   137  129  1         -0.0022383683          0.0000000000         -0.0022383683
                       -0.0022383683          0.0000000000
   183   30  1          0.0001887910          0.0000000000          0.0001887910
                        0.0001887910          0.0000000000
    92   39  1         -0.0000936107          0.0000000000         -0.0000936107
                       -0.0000936107          0.0000000000
   146  124  1         -0.0031046393          0.0000000000         -0.0031046393
                       -0.0031046393          0.0000000000
   103   92  1         -0.0013409818          0.0000000000         -0.0013409818
                       -0.0013409818          0.0000000000
   103   58  1          0.0001117171          0.0000000000          0.0001117171
                        0.0001117171          0.0000000000
   102   60  1         -0.0006627720          0.0000000000         -0.0006627720
                       -0.0006627720          0.0000000000
   102   25  1         -0.0026000716          0.0000000000         -0.0026000716
                       -0.0026000716          0.0000000000
   192   25  1         -0.0012095620          0.0000000000         -0.0012095620
                       -0.0012095620          0.0000000000
    72   30  1         -0.0009153152          0.0000000000         -0.0009153152
                       -0.0009153152          0.0000000000
   191    4  1         -0.0012421030          0.0000000000         -0.0012421030
                       -0.0012421030          0.0000000000
   143    2  1         -0.0000314826          0.0000000000         -0.0000314826
                       -0.0000314826          0.0000000000
   101    9  1          0.0002252905          0.0000000000          0.0002252905
                        0.0002252905          0.0000000000
   196  159  1          0.0001823556          0.0000000000          0.0001823556
                        0.0001823556          0.0000000000
   191    9  1         -0.0006419556          0.0000000000         -0.0006419556
                       -0.0006419556          0.0000000000
   196   60  1         -0.0008454737          0.0000000000         -0.0008454737
                       -0.0008454737          0.0000000000
   188   60  1         -0.0001855013          0.0000000000         -0.0001855013
                       -0.0001855013          0.0000000000
   138   18  1         -0.0000297999          0.0000000000         -0.0000297999
                       -0.0000297999          0.0000000000
    97   60  1          0.0002897451          0.0000000000          0.0002897451
                        0.0002897451          0.0000000000
    35   11  1         -0.0009415247          0.0000000000         -0.0009415247
                       -0.0009415247          0.0000000000
   191  162  1         -0.0013449019          0.0000000000         -0.0013449019
                       -0.0013449019          0.0000000000
   191  130  1          0.0010806818          0.0000000000          0.0010806818
                        0.0010806818          0.0000000000
   191   91  1          0.0000661561          0.0000000000          0.0000661561
                        0.0000661561          0.0000000000
   191   74  1          0.0000306621          0.0000000000          0.0000306621
                        0.0000306621          0.0000000000
   191   31  1         -0.0000353914          0.0000000000         -0.0000353914
                       -0.0000353914          0.0000000000
   190  157  1          0.0002034801          0.0000000000          0.0002034801
                        0.0002034801          0.0000000000
   195  117  1         -0.0000518041          0.0000000000         -0.0000518041
                       -0.0000518041          0.0000000000
   134   56  1          0.0002955714          0.0000000000          0.0002955714
                        0.0002955714          0.0000000000
   133   82  1         -0.0001331182          0.0000000000         -0.0001331182
                       -0.0001331182          0.0000000000
   133   32  1         -0.0003417546          0.0000000000         -0.0003417546
                       -0.0003417546          0.0000000000
   132   60  1          0.0007400623          0.0000000000          0.0007400623
                        0.0007400623          0.0000000000
   132   29  1          0.0023580042          0.0000000000          0.0023580042
                        0.0023580042          0.0000000000
   195  157  1         -0.0000878110          0.0000000000         -0.0000878110
                       -0.0000878110          0.0000000000
    66   30  1         -0.0017254588          0.0000000000         -0.0017254588
                       -0.0017254588          0.0000000000
   131   35  1         -0.0005227186          0.0000000000         -0.0005227186
                       -0.0005227186          0.0000000000
   184  129  1          0.0015954691          0.0000000000          0.0015954691
                        0.0015954691          0.0000000000
   184   60  1          0.0001882020          0.0000000000          0.0001882020
                        0.0001882020          0.0000000000
   130   61  1          0.0000219285          0.0000000000          0.0000219285
                        0.0000219285          0.0000000000
   183  129  1         -0.0034170100          0.0000000000         -0.0034170100
                       -0.0034170100          0.0000000000
   130    2  1          0.0000364518          0.0000000000          0.0000364518
                        0.0000364518          0.0000000000
   129  118  1          0.0008812897          0.0000000000          0.0008812897
                        0.0008812897          0.0000000000
   129  109  1          0.0011870811          0.0000000000          0.0011870811
                        0.0011870811          0.0000000000
   129   90  1         -0.0016891596          0.0000000000         -0.0016891596
                       -0.0016891596          0.0000000000
    92    9  1         -0.0002066953          0.0000000000         -0.0002066953
                       -0.0002066953          0.0000000000
    65   29  1          0.0225220671          0.0000000000          0.0225220671
                        0.0225220671          0.0000000000
    95   61  1          0.0000157442          0.0000000000          0.0000157442
                        0.0000157442          0.0000000000
    91   62  1         -0.0001386636          0.0000000000         -0.0001386636
                       -0.0001386636          0.0000000000
    91   47  1          0.0000029518          0.0000000000          0.0000029518
                        0.0000029518          0.0000000000
    91   24  1         -0.0013351549          0.0000000000         -0.0013351549
                       -0.0013351549          0.0000000000
   180  161  1         -0.0002814031          0.0000000000         -0.0002814031
                       -0.0002814031          0.0000000000
   128   35  1          0.0227380104          0.0000000000          0.0227380104
                        0.0227380104          0.0000000000
   180  118  1          0.0002612491          0.0000000000          0.0002612491
                        0.0002612491          0.0000000000
   180  102  1          0.0000241202          0.0000000000          0.0000241202
                        0.0000241202          0.0000000000
   180   85  1         -0.0001304616          0.0000000000         -0.0001304616
                       -0.0001304616          0.0000000000
    90   81  1          0.0001713935          0.0000000000          0.0001713935
                        0.0001713935          0.0000000000
   180   33  1         -0.0001742517          0.0000000000         -0.0001742517
                       -0.0001742517          0.0000000000
   180   13  1          0.0000603946          0.0000000000          0.0000603946
                        0.0000603946          0.0000000000
   179  161  1          0.0003505954          0.0000000000          0.0003505954
                        0.0003505954          0.0000000000
   179  122  1          0.0005122096          0.0000000000          0.0005122096
                        0.0005122096          0.0000000000
    64   26  1         -0.0001904749          0.0000000000         -0.0001904749
                       -0.0001904749          0.0000000000
   179   47  1         -0.0000082764          0.0000000000         -0.0000082764
                       -0.0000082764          0.0000000000
   179   13  1         -0.0000251996          0.0000000000         -0.0000251996
                       -0.0000251996          0.0000000000
   189  173  1          0.0012417235          0.0000000000          0.0012417235
                        0.0012417235          0.0000000000
   178  149  1         -0.0001253668          0.0000000000         -0.0001253668
                       -0.0001253668          0.0000000000
   179   66  1          0.0000533300          0.0000000000          0.0000533300
                        0.0000533300          0.0000000000
   178  109  1         -0.0000241624          0.0000000000         -0.0000241624
                       -0.0000241624          0.0000000000
   178   97  1         -0.0001075661          0.0000000000         -0.0001075661
                       -0.0001075661          0.0000000000
   178   76  1          0.0000295882          0.0000000000          0.0000295882
                        0.0000295882          0.0000000000
    89   80  1          0.0004189215          0.0000000000          0.0004189215
                        0.0004189215          0.0000000000
   179   76  1         -0.0000228531          0.0000000000         -0.0000228531
                       -0.0000228531          0.0000000000
   179   90  1          0.0001270980          0.0000000000          0.0001270980
                        0.0001270980          0.0000000000
   189  179  1          0.0001482687          0.0000000000          0.0001482687
                        0.0001482687          0.0000000000
   179  109  1          0.0000508632          0.0000000000          0.0000508632
                        0.0000508632          0.0000000000
    89   44  1          0.0000079063          0.0000000000          0.0000079063
                        0.0000079063          0.0000000000
   125  112  1         -0.0003748811          0.0000000000         -0.0003748811
                       -0.0003748811          0.0000000000
    63   38  1         -0.0008004706          0.0000000000         -0.0008004706
                       -0.0008004706          0.0000000000
   179  137  1          0.0005570948          0.0000000000          0.0005570948
                        0.0005570948          0.0000000000
   125   62  1          0.0000487387          0.0000000000          0.0000487387
                        0.0000487387          0.0000000000
    89    9  1          0.0001744503          0.0000000000          0.0001744503
                        0.0001744503          0.0000000000
    63   23  1         -0.0001119012          0.0000000000         -0.0001119012
                       -0.0001119012          0.0000000000
   125   13  1         -0.0001512379          0.0000000000         -0.0001512379
                       -0.0001512379          0.0000000000
    63   13  1         -0.0003347668          0.0000000000         -0.0003347668
                       -0.0003347668          0.0000000000
   175  111  1         -0.0001917956          0.0000000000         -0.0001917956
                       -0.0001917956          0.0000000000
   175   96  1         -0.0000395463          0.0000000000         -0.0000395463
                       -0.0000395463          0.0000000000
   175   74  1          0.0000404681          0.0000000000          0.0000404681
                        0.0000404681          0.0000000000
   175   31  1         -0.0001075298          0.0000000000         -0.0001075298
                       -0.0001075298          0.0000000000
   124   34  1          0.0301249794          0.0000000000          0.0301249794
                        0.0301249794          0.0000000000
   180    3  1          0.0000113439          0.0000000000          0.0000113439
                        0.0000113439          0.0000000000
   123  103  1         -0.0015582782          0.0000000000         -0.0015582782
                       -0.0015582782          0.0000000000
   123   79  1         -0.0000626060          0.0000000000         -0.0000626060
                       -0.0000626060          0.0000000000
   173  165  1          0.0002694928          0.0000000000          0.0002694928
                        0.0002694928          0.0000000000
    62   26  1         -0.0002384043          0.0000000000         -0.0002384043
                       -0.0002384043          0.0000000000
   173  122  1          0.0003192612          0.0000000000          0.0003192612
                        0.0003192612          0.0000000000
   173  112  1         -0.0001746546          0.0000000000         -0.0001746546
                       -0.0001746546          0.0000000000
   173   89  1          0.0000347839          0.0000000000          0.0000347839
                        0.0000347839          0.0000000000
   173   62  1          0.0000268188          0.0000000000          0.0000268188
                        0.0000268188          0.0000000000
   173   47  1          0.0000458298          0.0000000000          0.0000458298
                        0.0000458298          0.0000000000
   122  103  1          0.0001739134          0.0000000000          0.0001739134
                        0.0001739134          0.0000000000
   173   13  1          0.0000125491          0.0000000000          0.0000125491
                        0.0000125491          0.0000000000
    31   24  1          0.0000260877          0.0000000000          0.0000260877
                        0.0000260877          0.0000000000
   122   79  1         -0.0000441432          0.0000000000         -0.0000441432
                       -0.0000441432          0.0000000000
    31   23  1         -0.0005609255          0.0000000000         -0.0005609255
                       -0.0005609255          0.0000000000
   134  129  1          0.0296657586          0.0000000000          0.0296657586
                        0.0296657586          0.0000000000
   122   31  1         -0.0004351930          0.0000000000         -0.0004351930
                       -0.0004351930          0.0000000000
    33    4  1          0.0000932271          0.0000000000          0.0000932271
                        0.0000932271          0.0000000000
   171  138  1         -0.0000342563          0.0000000000         -0.0000342563
                       -0.0000342563          0.0000000000
   171  111  1         -0.0001455893          0.0000000000         -0.0001455893
                       -0.0001455893          0.0000000000
   171   79  1          0.0000147802          0.0000000000          0.0000147802
                        0.0000147802          0.0000000000
    31   15  1          0.0002697141          0.0000000000          0.0002697141
                        0.0002697141          0.0000000000
   122   91  1          0.0000859365          0.0000000000          0.0000859365
                        0.0000859365          0.0000000000
   170  152  1          0.0000049668          0.0000000000          0.0000049668
                        0.0000049668          0.0000000000
   180  122  1          0.0005048975          0.0000000000          0.0005048975
                        0.0005048975          0.0000000000
    31   10  1          0.0000672294          0.0000000000          0.0000672294
                        0.0000672294          0.0000000000
   123    4  1         -0.0002126909          0.0000000000         -0.0002126909
                       -0.0002126909          0.0000000000
    31    5  1         -0.0001227557          0.0000000000         -0.0001227557
                       -0.0001227557          0.0000000000
    85   12  1         -0.0011136248          0.0000000000         -0.0011136248
                       -0.0011136248          0.0000000000
    60   34  1          0.0312812981          0.0000000000          0.0312812981
                        0.0312812981          0.0000000000
    60   21  1          0.0230721713          0.0000000000          0.0230721713
                        0.0230721713          0.0000000000
    84   44  1         -0.0001696566          0.0000000000         -0.0001696566
                       -0.0001696566          0.0000000000
   118   81  1         -0.0000458770          0.0000000000         -0.0000458770
                       -0.0000458770          0.0000000000
   173  109  1         -0.0000170462          0.0000000000         -0.0000170462
                       -0.0000170462          0.0000000000
   166  160  1         -0.0000065090          0.0000000000         -0.0000065090
                       -0.0000065090          0.0000000000
   166  117  1         -0.0001713799          0.0000000000         -0.0001713799
                       -0.0001713799          0.0000000000
   118   12  1          0.0000033372          0.0000000000          0.0000033372
                        0.0000033372          0.0000000000
   166    2  1         -0.0001299438          0.0000000000         -0.0001299438
                       -0.0001299438          0.0000000000
   165  130  1         -0.0000475659          0.0000000000         -0.0000475659
                       -0.0000475659          0.0000000000
   173  118  1          0.0002470063          0.0000000000          0.0002470063
                        0.0002470063          0.0000000000
   188  180  1         -0.0001519244          0.0000000000         -0.0001519244
                       -0.0001519244          0.0000000000
   165   31  1         -0.0000207696          0.0000000000         -0.0000207696
                       -0.0000207696          0.0000000000
   164  159  1          0.0352237858          0.0000000000          0.0352237858
                        0.0352237858          0.0000000000
   190   76  1         -0.0000246829          0.0000000000         -0.0000246829
                       -0.0000246829          0.0000000000
   164   29  1          0.0204463341          0.0000000000          0.0204463341
                        0.0204463341          0.0000000000
   163  108  1          0.0001429504          0.0000000000          0.0001429504
                        0.0001429504          0.0000000000
   190   85  1          0.0000315872          0.0000000000          0.0000315872
                        0.0000315872          0.0000000000
   163   63  1         -0.0000219973          0.0000000000         -0.0000219973
                       -0.0000219973          0.0000000000
   190   89  1          0.0001128621          0.0000000000          0.0001128621
                        0.0001128621          0.0000000000
   162  149  1          0.0001025398          0.0000000000          0.0001025398
                        0.0001025398          0.0000000000
   162  122  1         -0.0001290209          0.0000000000         -0.0001290209
                       -0.0001290209          0.0000000000
   162  102  1         -0.0000996713          0.0000000000         -0.0000996713
                       -0.0000996713          0.0000000000
   162   84  1         -0.0000179029          0.0000000000         -0.0000179029
                       -0.0000179029          0.0000000000
   162   64  1         -0.0000203581          0.0000000000         -0.0000203581
                       -0.0000203581          0.0000000000
   162   47  1         -0.0000491866          0.0000000000         -0.0000491866
                       -0.0000491866          0.0000000000
    81   66  1          0.0000687381          0.0000000000          0.0000687381
                        0.0000687381          0.0000000000
    81   64  1         -0.0000284127          0.0000000000         -0.0000284127
                       -0.0000284127          0.0000000000
   162    3  1         -0.0000805900          0.0000000000         -0.0000805900
                       -0.0000805900          0.0000000000
   114   96  1         -0.0000668553          0.0000000000         -0.0000668553
                       -0.0000668553          0.0000000000
   161  111  1         -0.0000466487          0.0000000000         -0.0000466487
                       -0.0000466487          0.0000000000
   161   96  1          0.0000060164          0.0000000000          0.0000060164
                        0.0000060164          0.0000000000
   161   81  1          0.0000691729          0.0000000000          0.0000691729
                        0.0000691729          0.0000000000
   114   63  1         -0.0000055560          0.0000000000         -0.0000055560
                       -0.0000055560          0.0000000000
   161   31  1         -0.0000577511          0.0000000000         -0.0000577511
                       -0.0000577511          0.0000000000
   161   12  1         -0.0000363417          0.0000000000         -0.0000363417
                       -0.0000363417          0.0000000000
    81   19  1          0.0001732964          0.0000000000          0.0001732964
                        0.0001732964          0.0000000000
    81   10  1         -0.0000156839          0.0000000000         -0.0000156839
                       -0.0000156839          0.0000000000
    81    3  1          0.0000436422          0.0000000000          0.0000436422
                        0.0000436422          0.0000000000
    80   66  1          0.0001398035          0.0000000000          0.0001398035
                        0.0001398035          0.0000000000
    80   50  1         -0.0001810458          0.0000000000         -0.0001810458
                       -0.0001810458          0.0000000000
   159   65  1          0.0130454384          0.0000000000          0.0130454384
                        0.0130454384          0.0000000000
    80   24  1         -0.0011720562          0.0000000000         -0.0011720562
                       -0.0011720562          0.0000000000
    80   15  1          0.0002361384          0.0000000000          0.0002361384
                        0.0002361384          0.0000000000
    80   10  1          0.0000257045          0.0000000000          0.0000257045
                        0.0000257045          0.0000000000
    79   72  1          0.0000192847          0.0000000000          0.0000192847
                        0.0000192847          0.0000000000
   137   79  1         -0.0000117171          0.0000000000         -0.0000117171
                       -0.0000117171          0.0000000000
   112   12  1         -0.0000140562          0.0000000000         -0.0000140562
                       -0.0000140562          0.0000000000
    79   47  1          0.0001211502          0.0000000000          0.0001211502
                        0.0001211502          0.0000000000
   178   33  1          0.0000316187          0.0000000000          0.0000316187
                        0.0000316187          0.0000000000
    15    4  1          0.0001198775          0.0000000000          0.0001198775
                        0.0001198775          0.0000000000
   111   72  1          0.0000183448          0.0000000000          0.0000183448
                        0.0000183448          0.0000000000
    79   23  1          0.0000254729          0.0000000000          0.0000254729
                        0.0000254729          0.0000000000
    79   15  1         -0.0003839294          0.0000000000         -0.0003839294
                       -0.0003839294          0.0000000000
    79   10  1         -0.0000132277          0.0000000000         -0.0000132277
                       -0.0000132277          0.0000000000
    79    3  1         -0.0000665013          0.0000000000         -0.0000665013
                       -0.0000665013          0.0000000000
   111    3  1         -0.0001451449          0.0000000000         -0.0001451449
                       -0.0001451449          0.0000000000
   192   74  1          0.0000227695          0.0000000000          0.0000227695
                        0.0000227695          0.0000000000
   109   91  1         -0.0002221844          0.0000000000         -0.0002221844
                       -0.0002221844          0.0000000000
   109   63  1          0.0000269350          0.0000000000          0.0000269350
                        0.0000269350          0.0000000000
    39   24  1          0.0002005514          0.0000000000          0.0002005514
                        0.0002005514          0.0000000000
   109   26  1         -0.0028244305          0.0000000000         -0.0028244305
                       -0.0028244305          0.0000000000
   109   12  1          0.0001542839          0.0000000000          0.0001542839
                        0.0001542839          0.0000000000
   109    4  1          0.0003052352          0.0000000000          0.0003052352
                        0.0003052352          0.0000000000
   137   96  1          0.0000132787          0.0000000000          0.0000132787
                        0.0000132787          0.0000000000
   108   89  1          0.0005983263          0.0000000000          0.0005983263
                        0.0005983263          0.0000000000
   153   31  1         -0.0000743010          0.0000000000         -0.0000743010
                       -0.0000743010          0.0000000000
   153   12  1         -0.0000364478          0.0000000000         -0.0000364478
                       -0.0000364478          0.0000000000
   108   64  1          0.0001037880          0.0000000000          0.0001037880
                        0.0001037880          0.0000000000
   108   50  1          0.0003654283          0.0000000000          0.0003654283
                        0.0003654283          0.0000000000
   108   33  1         -0.0000869186          0.0000000000         -0.0000869186
                       -0.0000869186          0.0000000000
   108   19  1          0.0000461734          0.0000000000          0.0000461734
                        0.0000461734          0.0000000000
   152   28  1         -0.0003823533          0.0000000000         -0.0003823533
                       -0.0003823533          0.0000000000
   152   22  1         -0.0000626627          0.0000000000         -0.0000626627
                       -0.0000626627          0.0000000000
    54   31  1         -0.0001503242          0.0000000000         -0.0001503242
                       -0.0001503242          0.0000000000
    76   12  1         -0.0001919547          0.0000000000         -0.0001919547
                       -0.0001919547          0.0000000000
    54    9  1          0.0000220707          0.0000000000          0.0000220707
                        0.0000220707          0.0000000000
   149  130  1          0.0004429485          0.0000000000          0.0004429485
                        0.0004429485          0.0000000000
   149   96  1         -0.0000979371          0.0000000000         -0.0000979371
                       -0.0000979371          0.0000000000
   166   61  1          0.0000248444          0.0000000000          0.0000248444
                        0.0000248444          0.0000000000
   149   12  1         -0.0000822123          0.0000000000         -0.0000822123
                       -0.0000822123          0.0000000000
    38   12  1         -0.0001231124          0.0000000000         -0.0001231124
                       -0.0001231124          0.0000000000
    53   22  1         -0.0000375238          0.0000000000         -0.0000375238
                       -0.0000375238          0.0000000000
   192    9  1          0.0003315534          0.0000000000          0.0003315534
                        0.0003315534          0.0000000000
   138    3  1         -0.0000374330          0.0000000000         -0.0000374330
                       -0.0000374330          0.0000000000
    74   38  1         -0.0000775720          0.0000000000         -0.0000775720
                       -0.0000775720          0.0000000000
    50   44  1         -0.0000163891          0.0000000000         -0.0000163891
                       -0.0000163891          0.0000000000
    74   19  1          0.0002751818          0.0000000000          0.0002751818
                        0.0002751818          0.0000000000
   146  130  1         -0.0009583500          0.0000000000         -0.0009583500
                       -0.0009583500          0.0000000000
   146  108  1          0.0000714136          0.0000000000          0.0000714136
                        0.0000714136          0.0000000000
   146   91  1          0.0000211459          0.0000000000          0.0000211459
                        0.0000211459          0.0000000000
   146   80  1         -0.0000058611          0.0000000000         -0.0000058611
                       -0.0000058611          0.0000000000
   103   93  1         -0.0005832733          0.0000000000         -0.0005832733
                       -0.0005832733          0.0000000000
   103   85  1         -0.0000427285          0.0000000000         -0.0000427285
                       -0.0000427285          0.0000000000
   103   76  1         -0.0000970113          0.0000000000         -0.0000970113
                       -0.0000970113          0.0000000000
   146    4  1         -0.0000659010          0.0000000000         -0.0000659010
                       -0.0000659010          0.0000000000
   103   50  1         -0.0001326791          0.0000000000         -0.0001326791
                       -0.0001326791          0.0000000000
   103   24  1         -0.0002084444          0.0000000000         -0.0002084444
                       -0.0002084444          0.0000000000
   103   10  1          0.0002857525          0.0000000000          0.0002857525
                        0.0002857525          0.0000000000
   102   81  1          0.0000411182          0.0000000000          0.0000411182
                        0.0000411182          0.0000000000
    26   19  1          0.0000371228          0.0000000000          0.0000371228
                        0.0000371228          0.0000000000
   194  160  1         -0.0000020296          0.0000000000         -0.0000020296
                       -0.0000020296          0.0000000000
   143  122  1          0.0000230189          0.0000000000          0.0000230189
                        0.0000230189          0.0000000000
   143  109  1          0.0000413189          0.0000000000          0.0000413189
                        0.0000413189          0.0000000000
   102    4  1         -0.0003863425          0.0000000000         -0.0003863425
                       -0.0003863425          0.0000000000
   143   85  1         -0.0000350279          0.0000000000         -0.0000350279
                       -0.0000350279          0.0000000000
    26   15  1         -0.0001036872          0.0000000000         -0.0001036872
                       -0.0001036872          0.0000000000
   143   62  1         -0.0000030720          0.0000000000         -0.0000030720
                       -0.0000030720          0.0000000000
   143   47  1         -0.0000134083          0.0000000000         -0.0000134083
                       -0.0000134083          0.0000000000
   143   24  1         -0.0000332389          0.0000000000         -0.0000332389
                       -0.0000332389          0.0000000000
    26   13  1         -0.0003412060          0.0000000000         -0.0003412060
                       -0.0003412060          0.0000000000
   183  111  1          0.0009285173          0.0000000000          0.0009285173
                        0.0009285173          0.0000000000
   138   38  1         -0.0000004754          0.0000000000         -0.0000004754
                       -0.0000004754          0.0000000000
    26    5  1          0.0002390987          0.0000000000          0.0002390987
                        0.0002390987          0.0000000000
    50   31  1          0.0003352728          0.0000000000          0.0003352728
                        0.0003352728          0.0000000000
   196  190  1          0.0011529910          0.0000000000          0.0011529910
                        0.0011529910          0.0000000000
   196  138  1         -0.0000317240          0.0000000000         -0.0000317240
                       -0.0000317240          0.0000000000
   196  103  1          0.0010108961          0.0000000000          0.0010108961
                        0.0010108961          0.0000000000
    50    9  1         -0.0000050628          0.0000000000         -0.0000050628
                       -0.0000050628          0.0000000000
   138   50  1         -0.0001505731          0.0000000000         -0.0001505731
                       -0.0001505731          0.0000000000
   138  123  1          0.0001983986          0.0000000000          0.0001983986
                        0.0001983986          0.0000000000
   138  114  1         -0.0004173111          0.0000000000         -0.0004173111
                       -0.0004173111          0.0000000000
   138  102  1         -0.0000513169          0.0000000000         -0.0000513169
                       -0.0000513169          0.0000000000
   138   89  1         -0.0000044140          0.0000000000         -0.0000044140
                       -0.0000044140          0.0000000000
   195   47  1         -0.0000004069          0.0000000000         -0.0000004069
                       -0.0000004069          0.0000000000
   138   66  1         -0.0000144866          0.0000000000         -0.0000144866
                       -0.0000144866          0.0000000000
   189   79  1         -0.0000726250          0.0000000000         -0.0000726250
                       -0.0000726250          0.0000000000
   166   92  1         -0.0000520558          0.0000000000         -0.0000520558
                       -0.0000520558          0.0000000000
   194   58  1         -0.0000196923          0.0000000000         -0.0000196923
                       -0.0000196923          0.0000000000
    97   74  1          0.0001689639          0.0000000000          0.0001689639
                        0.0001689639          0.0000000000
   195   62  1          0.0000196599          0.0000000000          0.0000196599
                        0.0000196599          0.0000000000
   184   80  1          0.0001042531          0.0000000000          0.0001042531
                        0.0001042531          0.0000000000
   184  108  1          0.0010248775          0.0000000000          0.0010248775
                        0.0010248775          0.0000000000
    97   12  1          0.0000348408          0.0000000000          0.0000348408
                        0.0000348408          0.0000000000
   192  125  1         -0.0001219470          0.0000000000         -0.0001219470
                       -0.0001219470          0.0000000000
   192   91  1          0.0000815191          0.0000000000          0.0000815191
                        0.0000815191          0.0000000000
    96   85  1         -0.0005425119          0.0000000000         -0.0005425119
                       -0.0005425119          0.0000000000
    96   76  1          0.0000594139          0.0000000000          0.0000594139
                        0.0000594139          0.0000000000
    96   64  1         -0.0002787919          0.0000000000         -0.0002787919
                       -0.0002787919          0.0000000000
   191   67  1         -0.0000454978          0.0000000000         -0.0000454978
                       -0.0000454978          0.0000000000
    96   23  1          0.0001493328          0.0000000000          0.0001493328
                        0.0001493328          0.0000000000
    96   19  1          0.0000404096          0.0000000000          0.0000404096
                        0.0000404096          0.0000000000
    96   15  1          0.0001246618          0.0000000000          0.0001246618
                        0.0001246618          0.0000000000
   195  109  1         -0.0000108956          0.0000000000         -0.0000108956
                       -0.0000108956          0.0000000000
    96    3  1         -0.0000934706          0.0000000000         -0.0000934706
                       -0.0000934706          0.0000000000
   190   90  1         -0.0000592338          0.0000000000         -0.0000592338
                       -0.0000592338          0.0000000000
    34   29  1          0.0285803521          0.0000000000          0.0285803521
                        0.0285803521          0.0000000000
   190   19  1          0.0000743820          0.0000000000          0.0000743820
                        0.0000743820          0.0000000000
   189  162  1          0.0006206381          0.0000000000          0.0006206381
                        0.0006206381          0.0000000000
   189  103  1         -0.0005258803          0.0000000000         -0.0005258803
                       -0.0005258803          0.0000000000
    67   61  1         -0.0000521440          0.0000000000         -0.0000521440
                       -0.0000521440          0.0000000000
   196   80  1          0.0001684037          0.0000000000          0.0001684037
                        0.0001684037          0.0000000000
   196   81  1         -0.0000146002          0.0000000000         -0.0000146002
                       -0.0000146002          0.0000000000
    95   18  1          0.0001450105          0.0000000000          0.0001450105
                        0.0001450105          0.0000000000
   188  138  1         -0.0000801005          0.0000000000         -0.0000801005
                       -0.0000801005          0.0000000000
    95    2  1         -0.0002452987          0.0000000000         -0.0002452987
                       -0.0002452987          0.0000000000
   188   39  1         -0.0000014547          0.0000000000         -0.0000014547
                       -0.0000014547          0.0000000000
   125   33  1          0.0000309985          0.0000000000          0.0000309985
                        0.0000309985          0.0000000000
   133   29  1          0.0297277035          0.0000000000          0.0297277035
                        0.0297277035          0.0000000000
   132  108  1         -0.0002918780          0.0000000000         -0.0002918780
                       -0.0002918780          0.0000000000
   132   79  1          0.0000302570          0.0000000000          0.0000302570
                        0.0000302570          0.0000000000
   132   44  1          0.0000359769          0.0000000000          0.0000359769
                        0.0000359769          0.0000000000
    93   80  1          0.0001549493          0.0000000000          0.0001549493
                        0.0001549493          0.0000000000
    93   74  1          0.0002867174          0.0000000000          0.0002867174
                        0.0002867174          0.0000000000
    93   44  1          0.0000515093          0.0000000000          0.0000515093
                        0.0000515093          0.0000000000
    93   31  1         -0.0000112861          0.0000000000         -0.0000112861
                       -0.0000112861          0.0000000000
   184  178  1          0.0009991682          0.0000000000          0.0009991682
                        0.0009991682          0.0000000000
    93   12  1         -0.0002033772          0.0000000000         -0.0002033772
                       -0.0002033772          0.0000000000
    93    4  1         -0.0004474205          0.0000000000         -0.0004474205
                       -0.0004474205          0.0000000000
   184   96  1          0.0001639553          0.0000000000          0.0001639553
                        0.0001639553          0.0000000000
   130  112  1          0.0004473311          0.0000000000          0.0004473311
                        0.0004473311          0.0000000000
   130  104  1         -0.0001257290          0.0000000000         -0.0001257290
                       -0.0001257290          0.0000000000
    33   26  1          0.0011124082          0.0000000000          0.0011124082
                        0.0011124082          0.0000000000
   130   89  1         -0.0000787685          0.0000000000         -0.0000787685
                       -0.0000787685          0.0000000000
   130   76  1         -0.0000881622          0.0000000000         -0.0000881622
                       -0.0000881622          0.0000000000
   183  178  1         -0.0002744078          0.0000000000         -0.0002744078
                       -0.0002744078          0.0000000000
    93   63  1         -0.0000025913          0.0000000000         -0.0000025913
                       -0.0000025913          0.0000000000
   130   50  1         -0.0007439628          0.0000000000         -0.0007439628
                       -0.0007439628          0.0000000000
   183  108  1          0.0006678098          0.0000000000          0.0006678098
                        0.0006678098          0.0000000000
   130   23  1         -0.0004403337          0.0000000000         -0.0004403337
                       -0.0004403337          0.0000000000
   130   15  1         -0.0000192440          0.0000000000         -0.0000192440
                       -0.0000192440          0.0000000000
   130    3  1         -0.0001027468          0.0000000000         -0.0001027468
                       -0.0001027468          0.0000000000
   183   26  1         -0.0002773179          0.0000000000         -0.0002773179
                       -0.0002773179          0.0000000000
   183    9  1          0.0000385224          0.0000000000          0.0000385224
                        0.0000385224          0.0000000000
   129   65  1          0.0170515084          0.0000000000          0.0170515084
                        0.0170515084          0.0000000000
    65    9  1         -0.0007720121          0.0000000000         -0.0007720121
                       -0.0007720121          0.0000000000
   180  120  1          0.0007984144          0.0000000000          0.0007984144
                        0.0007984144          0.0000000000
   179  164  1         -0.0020991632          0.0000000000         -0.0020991632
                       -0.0020991632          0.0000000000
   179   35  1          0.0001640577          0.0000000000          0.0001640577
                        0.0001640577          0.0000000000
   178   21  1          0.0002295277          0.0000000000          0.0002295277
                        0.0002295277          0.0000000000
    63   35  1          0.0021476468          0.0000000000          0.0021476468
                        0.0021476468          0.0000000000
   175   95  1          0.0000636225          0.0000000000          0.0000636225
                        0.0000636225          0.0000000000
   123   95  1          0.0001392051          0.0000000000          0.0001392051
                        0.0001392051          0.0000000000
   173  120  1          0.0010543209          0.0000000000          0.0010543209
                        0.0010543209          0.0000000000
   173   21  1         -0.0005019475          0.0000000000         -0.0005019475
                       -0.0005019475          0.0000000000
    67   15  1          0.0000706141          0.0000000000          0.0000706141
                        0.0000706141          0.0000000000
   120   91  1         -0.0013245300          0.0000000000         -0.0013245300
                       -0.0013245300          0.0000000000
   120   80  1         -0.0003597207          0.0000000000         -0.0003597207
                       -0.0003597207          0.0000000000
   120   26  1         -0.0021377384          0.0000000000         -0.0021377384
                       -0.0021377384          0.0000000000
    84   67  1         -0.0005067726          0.0000000000         -0.0005067726
                       -0.0005067726          0.0000000000
   166  146  1         -0.0000401370          0.0000000000         -0.0000401370
                       -0.0000401370          0.0000000000
   166  114  1          0.0002739524          0.0000000000          0.0002739524
                        0.0002739524          0.0000000000
   166   93  1         -0.0000526647          0.0000000000         -0.0000526647
                       -0.0000526647          0.0000000000
   166   66  1          0.0000075886          0.0000000000          0.0000075886
                        0.0000075886          0.0000000000
   166   50  1         -0.0001177925          0.0000000000         -0.0001177925
                       -0.0001177925          0.0000000000
   166   15  1         -0.0000004697          0.0000000000         -0.0000004697
                       -0.0000004697          0.0000000000
   166    3  1         -0.0000479645          0.0000000000         -0.0000479645
                       -0.0000479645          0.0000000000
   164  130  1         -0.0036760799          0.0000000000         -0.0036760799
                       -0.0036760799          0.0000000000
   164   91  1         -0.0002567418          0.0000000000         -0.0002567418
                       -0.0002567418          0.0000000000
   164   74  1         -0.0002150128          0.0000000000         -0.0002150128
                       -0.0002150128          0.0000000000
   164    9  1         -0.0005108467          0.0000000000         -0.0005108467
                       -0.0005108467          0.0000000000
   163   67  1          0.0000072103          0.0000000000          0.0000072103
                        0.0000072103          0.0000000000
   162   34  1          0.0007569783          0.0000000000          0.0007569783
                        0.0007569783          0.0000000000
   114   95  1          0.0000110568          0.0000000000          0.0000110568
                        0.0000110568          0.0000000000
    81   21  1          0.0010189472          0.0000000000          0.0010189472
                        0.0010189472          0.0000000000
    79   65  1          0.0017400783          0.0000000000          0.0017400783
                        0.0017400783          0.0000000000
   111   35  1          0.0006252353          0.0000000000          0.0006252353
                        0.0006252353          0.0000000000
   194   24  1          0.0001726467          0.0000000000          0.0001726467
                        0.0001726467          0.0000000000
   153   67  1         -0.0000008063          0.0000000000         -0.0000008063
                       -0.0000008063          0.0000000000
   149   95  1          0.0001386968          0.0000000000          0.0001386968
                        0.0001386968          0.0000000000
    74   65  1          0.0048459784          0.0000000000          0.0048459784
                        0.0048459784          0.0000000000
    74   21  1          0.0010746923          0.0000000000          0.0010746923
                        0.0010746923          0.0000000000
   194  132  1         -0.0002042808          0.0000000000         -0.0002042808
                       -0.0002042808          0.0000000000
   103   21  1          0.0003941331          0.0000000000          0.0003941331
                        0.0003941331          0.0000000000
   194  163  1          0.0003030873          0.0000000000          0.0003030873
                        0.0003030873          0.0000000000
   143   35  1         -0.0000734805          0.0000000000         -0.0000734805
                       -0.0000734805          0.0000000000
   189   67  1          0.0000529580          0.0000000000          0.0000529580
                        0.0000529580          0.0000000000
   195  120  1          0.0012229106          0.0000000000          0.0012229106
                        0.0012229106          0.0000000000
   195   21  1         -0.0010893675          0.0000000000         -0.0010893675
                       -0.0010893675          0.0000000000
   194  161  1          0.0001920634          0.0000000000          0.0001920634
                        0.0001920634          0.0000000000
   194  146  1          0.0001145162          0.0000000000          0.0001145162
                        0.0001145162          0.0000000000
   194   90  1          0.0002515665          0.0000000000          0.0002515665
                        0.0002515665          0.0000000000
   194   64  1          0.0000426444          0.0000000000          0.0000426444
                        0.0000426444          0.0000000000
   194   33  1         -0.0001028377          0.0000000000         -0.0001028377
                       -0.0001028377          0.0000000000
   194   10  1         -0.0004134894          0.0000000000         -0.0004134894
                       -0.0004134894          0.0000000000
   192   67  1         -0.0000390736          0.0000000000         -0.0000390736
                       -0.0000390736          0.0000000000
    96   21  1          0.0012787501          0.0000000000          0.0012787501
                        0.0012787501          0.0000000000
   190  133  1          0.0015915842          0.0000000000          0.0015915842
                        0.0015915842          0.0000000000
   134  125  1          0.0020718348          0.0000000000          0.0020718348
                        0.0020718348          0.0000000000
   195   65  1         -0.0011495374          0.0000000000         -0.0011495374
                       -0.0011495374          0.0000000000
   134   96  1         -0.0000716587          0.0000000000         -0.0000716587
                       -0.0000716587          0.0000000000
   134   81  1         -0.0013858064          0.0000000000         -0.0013858064
                       -0.0013858064          0.0000000000
    95   50  1          0.0000333020          0.0000000000          0.0000333020
                        0.0000333020          0.0000000000
   134   39  1          0.0004462262          0.0000000000          0.0004462262
                        0.0004462262          0.0000000000
   125   35  1         -0.0002708471          0.0000000000         -0.0002708471
                       -0.0002708471          0.0000000000
    67   50  1          0.0000876277          0.0000000000          0.0000876277
                        0.0000876277          0.0000000000
    95   13  1          0.0000978202          0.0000000000          0.0000978202
                        0.0000978202          0.0000000000
   133  103  1          0.0011179136          0.0000000000          0.0011179136
                        0.0011179136          0.0000000000
   188   67  1         -0.0000860979          0.0000000000         -0.0000860979
                       -0.0000860979          0.0000000000
   133   63  1          0.0006245467          0.0000000000          0.0006245467
                        0.0006245467          0.0000000000
    67   19  1          0.0010624487          0.0000000000          0.0010624487
                        0.0010624487          0.0000000000
   132   95  1         -0.0001153167          0.0000000000         -0.0001153167
                       -0.0001153167          0.0000000000
   184   95  1          0.0000598724          0.0000000000          0.0000598724
                        0.0000598724          0.0000000000
   183  166  1         -0.0003654211          0.0000000000         -0.0003654211
                       -0.0003654211          0.0000000000
    65   44  1          0.0013860773          0.0000000000          0.0013860773
                        0.0013860773          0.0000000000
   182   37  1          0.0001024769          0.0000000000          0.0001024769
                        0.0001024769          0.0000000000
   126   87  1          0.0029046069          0.0000000000          0.0029046069
                        0.0029046069          0.0000000000
   177   87  1          0.0006618209          0.0000000000          0.0006618209
                        0.0006618209          0.0000000000
   193   14  1          0.0002734748          0.0000000000          0.0002734748
                        0.0002734748          0.0000000000
    87   52  1          0.0009721527          0.0000000000          0.0009721527
                        0.0009721527          0.0000000000
   172  158  1          0.0005992266          0.0000000000          0.0005992266
                        0.0005992266          0.0000000000
   172  107  1          0.0003488322          0.0000000000          0.0003488322
                        0.0003488322          0.0000000000
   172    8  1          0.0010043009          0.0000000000          0.0010043009
                        0.0010043009          0.0000000000
    86    8  1         -0.0021380308          0.0000000000         -0.0021380308
                       -0.0021380308          0.0000000000
   167  107  1         -0.0009589025          0.0000000000         -0.0009589025
                       -0.0009589025          0.0000000000
   167   14  1         -0.0004406294          0.0000000000         -0.0004406294
                       -0.0004406294          0.0000000000
    59   51  1         -0.0000454418          0.0000000000         -0.0000454418
                       -0.0000454418          0.0000000000
   166   34  1          0.0002485246          0.0000000000          0.0002485246
                        0.0002485246          0.0000000000
   116  107  1          0.0000882759          0.0000000000          0.0000882759
                        0.0000882759          0.0000000000
   193  107  1         -0.0005917647          0.0000000000         -0.0005917647
                       -0.0005917647          0.0000000000
   115  107  1         -0.0015226463          0.0000000000         -0.0015226463
                       -0.0015226463          0.0000000000
    57   52  1          0.0001722675          0.0000000000          0.0001722675
                        0.0001722675          0.0000000000
   187  182  1         -0.0002278018          0.0000000000         -0.0002278018
                       -0.0002278018          0.0000000000
    57   27  1         -0.0000452703          0.0000000000         -0.0000452703
                       -0.0000452703          0.0000000000
   113   48  1          0.0005272651          0.0000000000          0.0005272651
                        0.0005272651          0.0000000000
    57   17  1         -0.0032923870          0.0000000000         -0.0032923870
                       -0.0032923870          0.0000000000
   158  147  1          0.0005487573          0.0000000000          0.0005487573
                        0.0005487573          0.0000000000
   158   94  1          0.0000215364          0.0000000000          0.0000215364
                        0.0000215364          0.0000000000
   158   49  1         -0.0000678124          0.0000000000         -0.0000678124
                       -0.0000678124          0.0000000000
   158   17  1          0.0000111938          0.0000000000          0.0000111938
                        0.0000111938          0.0000000000
   156  147  1         -0.0012900638          0.0000000000         -0.0012900638
                       -0.0012900638          0.0000000000
   156   94  1          0.0000558356          0.0000000000          0.0000558356
                        0.0000558356          0.0000000000
   156   68  1         -0.0003835940          0.0000000000         -0.0003835940
                       -0.0003835940          0.0000000000
   156   27  1          0.0013549494          0.0000000000          0.0013549494
                        0.0013549494          0.0000000000
    78    8  1          0.0012917225          0.0000000000          0.0012917225
                        0.0012917225          0.0000000000
   151  107  1         -0.0010860045          0.0000000000         -0.0010860045
                       -0.0010860045          0.0000000000
   151   59  1          0.0001939239          0.0000000000          0.0001939239
                        0.0001939239          0.0000000000
   107   40  1         -0.0005115470          0.0000000000         -0.0005115470
                       -0.0005115470          0.0000000000
   150  107  1         -0.0020234179          0.0000000000         -0.0020234179
                       -0.0020234179          0.0000000000
   150   14  1         -0.0001575127          0.0000000000         -0.0001575127
                       -0.0001575127          0.0000000000
   148   87  1          0.0013663586          0.0000000000          0.0013663586
                        0.0013663586          0.0000000000
   147  107  1         -0.0002504985          0.0000000000         -0.0002504985
                       -0.0002504985          0.0000000000
   147   14  1          0.0004541024          0.0000000000          0.0004541024
                        0.0004541024          0.0000000000
    52   14  1          0.0000820377          0.0000000000          0.0000820377
                        0.0000820377          0.0000000000
    73    8  1          0.0005292182          0.0000000000          0.0005292182
                        0.0005292182          0.0000000000
   197  136  1          0.0000403104          0.0000000000          0.0000403104
                        0.0000403104          0.0000000000
   139   59  1          0.0000068819          0.0000000000          0.0000068819
                        0.0000068819          0.0000000000
    98   37  1          0.0000238304          0.0000000000          0.0000238304
                        0.0000238304          0.0000000000
   194   34  1         -0.0007878262          0.0000000000         -0.0007878262
                       -0.0007878262          0.0000000000
   193   87  1         -0.0005723446          0.0000000000         -0.0005723446
                       -0.0005723446          0.0000000000
   136   83  1          0.0000414093          0.0000000000          0.0000414093
                        0.0000414093          0.0000000000
    68   57  1          0.0001300334          0.0000000000          0.0001300334
                        0.0001300334          0.0000000000
    95   21  1         -0.0014481204          0.0000000000         -0.0014481204
                       -0.0014481204          0.0000000000
    67   35  1          0.0000650659          0.0000000000          0.0000650659
                        0.0000650659          0.0000000000
   187  136  1          0.0000089779          0.0000000000          0.0000089779
                        0.0000089779          0.0000000000
   186  177  1         -0.0002922294          0.0000000000         -0.0002922294
                       -0.0002922294          0.0000000000
   186  148  1         -0.0017319875          0.0000000000         -0.0017319875
                       -0.0017319875          0.0000000000
   186   86  1         -0.0023884949          0.0000000000         -0.0023884949
                       -0.0023884949          0.0000000000
   186   52  1         -0.0008356138          0.0000000000         -0.0008356138
                       -0.0008356138          0.0000000000
   186   27  1          0.0024320230          0.0000000000          0.0024320230
                        0.0024320230          0.0000000000
   185   87  1         -0.0025182080          0.0000000000         -0.0025182080
                       -0.0025182080          0.0000000000
   185    8  1          0.0039356193          0.0000000000          0.0039356193
                        0.0039356193          0.0000000000
   182   75  1         -0.0000459402          0.0000000000         -0.0000459402
                       -0.0000459402          0.0000000000
   181  136  1         -0.0000946979          0.0000000000         -0.0000946979
                       -0.0000946979          0.0000000000
   176   88  1          0.0001359316          0.0000000000          0.0001359316
                        0.0001359316          0.0000000000
   176   37  1          0.0000352631          0.0000000000          0.0000352631
                        0.0000352631          0.0000000000
   174   83  1         -0.0000486692          0.0000000000         -0.0000486692
                       -0.0000486692          0.0000000000
    83   75  1          0.0000278228          0.0000000000          0.0000278228
                        0.0000278228          0.0000000000
    56   37  1         -0.0003657919          0.0000000000         -0.0003657919
                       -0.0003657919          0.0000000000
   155   88  1         -0.0000863519          0.0000000000         -0.0000863519
                       -0.0000863519          0.0000000000
    75   37  1         -0.0005060371          0.0000000000         -0.0005060371
                       -0.0005060371          0.0000000000
   197   82  1         -0.0001304743          0.0000000000         -0.0001304743
                       -0.0001304743          0.0000000000
   197   11  1          0.0005048265          0.0000000000          0.0005048265
                        0.0005048265          0.0000000000
   197  181  1         -0.0001392897          0.0000000000         -0.0001392897
                       -0.0001392897          0.0000000000
   136   56  1         -0.0000055680          0.0000000000         -0.0000055680
                       -0.0000055680          0.0000000000
   187  181  1         -0.0003226185          0.0000000000         -0.0003226185
                       -0.0003226185          0.0000000000
   187   56  1         -0.0000747165          0.0000000000         -0.0000747165
                       -0.0000747165          0.0000000000
   131   83  1         -0.0002522239          0.0000000000         -0.0002522239
                       -0.0002522239          0.0000000000
   182   60  1          0.0006809552          0.0000000000          0.0006809552
                        0.0006809552          0.0000000000
   181  174  1          0.0000107704          0.0000000000          0.0000107704
                        0.0000107704          0.0000000000
   181   82  1          0.0001270876          0.0000000000          0.0001270876
                        0.0001270876          0.0000000000
   181   11  1         -0.0000206566          0.0000000000         -0.0000206566
                       -0.0000206566          0.0000000000
   127   41  1         -0.0003753623          0.0000000000         -0.0003753623
                       -0.0003753623          0.0000000000
    45   22  1          0.0008041285          0.0000000000          0.0008041285
                        0.0008041285          0.0000000000
   176   11  1          0.0000827676          0.0000000000          0.0000827676
                        0.0000827676          0.0000000000
   124   88  1          0.0060703221          0.0000000000          0.0060703221
                        0.0060703221          0.0000000000
   174  110  1          0.0000280840          0.0000000000          0.0000280840
                        0.0000280840          0.0000000000
   174   32  1         -0.0000051541          0.0000000000         -0.0000051541
                       -0.0000051541          0.0000000000
   121   70  1          0.0002573126          0.0000000000          0.0002573126
                        0.0002573126          0.0000000000
   170  144  1          0.0016234740          0.0000000000          0.0016234740
                        0.0016234740          0.0000000000
   170  106  1          0.0001871200          0.0000000000          0.0001871200
                        0.0001871200          0.0000000000
   170   41  1          0.0001657093          0.0000000000          0.0001657093
                        0.0001657093          0.0000000000
   169  127  1          0.0008636426          0.0000000000          0.0008636426
                        0.0008636426          0.0000000000
   169   28  1         -0.0006184363          0.0000000000         -0.0006184363
                       -0.0006184363          0.0000000000
    22    7  1          0.0000686096          0.0000000000          0.0000686096
                        0.0000686096          0.0000000000
    83   60  1          0.0006945324          0.0000000000          0.0006945324
                        0.0006945324          0.0000000000
    82   77  1         -0.0003930218          0.0000000000         -0.0003930218
                       -0.0003930218          0.0000000000
    41   28  1          0.0005863533          0.0000000000          0.0005863533
                        0.0005863533          0.0000000000
   159   83  1          0.0009151326          0.0000000000          0.0009151326
                        0.0009151326          0.0000000000
   110   75  1          0.0001054050          0.0000000000          0.0001054050
                        0.0001054050          0.0000000000
   155   77  1         -0.0000260321          0.0000000000         -0.0000260321
                       -0.0000260321          0.0000000000
   110   11  1         -0.0000808012          0.0000000000         -0.0000808012
                       -0.0000808012          0.0000000000
   154  100  1          0.0131721668          0.0000000000          0.0131721668
                        0.0131721668          0.0000000000
    55   22  1         -0.0001273665          0.0000000000         -0.0001273665
                       -0.0001273665          0.0000000000
   106   71  1          0.0003317117          0.0000000000          0.0003317117
                        0.0003317117          0.0000000000
   106   22  1          0.0007941810          0.0000000000          0.0007941810
                        0.0007941810          0.0000000000
   144  127  1          0.0013848907          0.0000000000          0.0013848907
                        0.0013848907          0.0000000000
   144   28  1          0.0002590333          0.0000000000          0.0002590333
                        0.0002590333          0.0000000000
   142   28  1          0.0001089783          0.0000000000          0.0001089783
                        0.0001089783          0.0000000000
    71   41  1          0.0009094164          0.0000000000          0.0009094164
                        0.0009094164          0.0000000000
    71   43  1          0.0011553956          0.0000000000          0.0011553956
                        0.0011553956          0.0000000000
   100    7  1          0.0195608757          0.0000000000          0.0195608757
                        0.0195608757          0.0000000000
   197  159  1          0.0013897728          0.0000000000          0.0013897728
                        0.0013897728          0.0000000000
   140    1  1          0.0126079557          0.0000000000          0.0126079557
                        0.0126079557          0.0000000000
    98   60  1          0.0004946354          0.0000000000          0.0004946354
                        0.0004946354          0.0000000000
   100   43  1          0.0139592692          0.0000000000          0.0139592692
                        0.0139592692          0.0000000000
   136   29  1          0.0006556608          0.0000000000          0.0006556608
                        0.0006556608          0.0000000000
   187   29  1          0.0027273326          0.0000000000          0.0027273326
                        0.0027273326          0.0000000000
   131   56  1         -0.0000167032          0.0000000000         -0.0000167032
                       -0.0000167032          0.0000000000
   100   41  1          0.0120216886          0.0000000000          0.0120216886
                        0.0120216886          0.0000000000
   182  129  1          0.0013795881          0.0000000000          0.0013795881
                        0.0013795881          0.0000000000
   182   79  1         -0.0001012059          0.0000000000         -0.0001012059
                       -0.0001012059          0.0000000000
   182   39  1          0.0000657519          0.0000000000          0.0000657519
                        0.0000657519          0.0000000000
   182    9  1          0.0000907347          0.0000000000          0.0000907347
                        0.0000907347          0.0000000000
   128  110  1         -0.0005068569          0.0000000000         -0.0005068569
                       -0.0005068569          0.0000000000
   128   77  1          0.0009740155          0.0000000000          0.0009740155
                        0.0009740155          0.0000000000
   128   32  1         -0.0014460761          0.0000000000         -0.0014460761
                       -0.0014460761          0.0000000000
   187   80  1         -0.0001905203          0.0000000000         -0.0001905203
                       -0.0001905203          0.0000000000
   179   83  1          0.0000223019          0.0000000000          0.0000223019
                        0.0000223019          0.0000000000
   178   88  1          0.0001331152          0.0000000000          0.0001331152
                        0.0001331152          0.0000000000
   125   88  1         -0.0003853909          0.0000000000         -0.0003853909
                       -0.0003853909          0.0000000000
   176  124  1          0.0029425228          0.0000000000          0.0029425228
                        0.0029425228          0.0000000000
    88   80  1         -0.0001471213          0.0000000000         -0.0001471213
                       -0.0001471213          0.0000000000
    88   63  1         -0.0018527762          0.0000000000         -0.0018527762
                       -0.0018527762          0.0000000000
   124   56  1         -0.0005623507          0.0000000000         -0.0005623507
                       -0.0005623507          0.0000000000
    88   12  1          0.0004754636          0.0000000000          0.0004754636
                        0.0004754636          0.0000000000
   174   29  1         -0.0000974845          0.0000000000         -0.0000974845
                       -0.0000974845          0.0000000000
   173   88  1         -0.0000062064          0.0000000000         -0.0000062064
                       -0.0000062064          0.0000000000
    60   11  1         -0.0010576740          0.0000000000         -0.0010576740
                       -0.0010576740          0.0000000000
   181   30  1         -0.0013441951          0.0000000000         -0.0013441951
                       -0.0013441951          0.0000000000
    83    9  1         -0.0002648109          0.0000000000         -0.0002648109
                       -0.0002648109          0.0000000000
    82   30  1         -0.0011402281          0.0000000000         -0.0011402281
                       -0.0011402281          0.0000000000
   162   88  1          0.0000582793          0.0000000000          0.0000582793
                        0.0000582793          0.0000000000
   159  110  1         -0.0009449247          0.0000000000         -0.0009449247
                       -0.0009449247          0.0000000000
   159   56  1          0.0001673816          0.0000000000          0.0001673816
                        0.0001673816          0.0000000000
    79   37  1          0.0020176335          0.0000000000          0.0020176335
                        0.0020176335          0.0000000000
    56   25  1         -0.0008427954          0.0000000000         -0.0008427954
                       -0.0008427954          0.0000000000
   110   30  1          0.0023131235          0.0000000000          0.0023131235
                        0.0023131235          0.0000000000
   155   29  1         -0.0001121593          0.0000000000         -0.0001121593
                       -0.0001121593          0.0000000000
    77   30  1          0.0057645458          0.0000000000          0.0057645458
                        0.0057645458          0.0000000000
   182   81  1         -0.0003016034          0.0000000000         -0.0003016034
                       -0.0003016034          0.0000000000
    37   31  1         -0.0000917067          0.0000000000         -0.0000917067
                       -0.0000917067          0.0000000000
    37    9  1         -0.0000398110          0.0000000000         -0.0000398110
                       -0.0000398110          0.0000000000
   143   83  1         -0.0000236220          0.0000000000         -0.0000236220
                       -0.0000236220          0.0000000000
   197  179  1         -0.0001415512          0.0000000000         -0.0001415512
                       -0.0001415512          0.0000000000
   197  138  1          0.0000415965          0.0000000000          0.0000415965
                        0.0000415965          0.0000000000
   197   80  1         -0.0000382105          0.0000000000         -0.0000382105
                       -0.0000382105          0.0000000000
   197   44  1         -0.0000202696          0.0000000000         -0.0000202696
                       -0.0000202696          0.0000000000
    98   91  1         -0.0009104748          0.0000000000         -0.0009104748
                       -0.0009104748          0.0000000000
    98   63  1          0.0000598818          0.0000000000          0.0000598818
                        0.0000598818          0.0000000000
   195   83  1          0.0001644691          0.0000000000          0.0001644691
                        0.0001644691          0.0000000000
   138   83  1          0.0000835213          0.0000000000          0.0000835213
                        0.0000835213          0.0000000000
   136  103  1          0.0000380422          0.0000000000          0.0000380422
                        0.0000380422          0.0000000000
   136   74  1         -0.0000130618          0.0000000000         -0.0000130618
                       -0.0000130618          0.0000000000
   136   44  1          0.0000111172          0.0000000000          0.0000111172
                        0.0000111172          0.0000000000
    96   37  1          0.0000341170          0.0000000000          0.0000341170
                        0.0000341170          0.0000000000
   190   88  1          0.0001206280          0.0000000000          0.0001206280
                        0.0001206280          0.0000000000
   187  162  1         -0.0018798906          0.0000000000         -0.0018798906
                       -0.0018798906          0.0000000000
   187  103  1          0.0005420269          0.0000000000          0.0005420269
                        0.0005420269          0.0000000000
   187   63  1          0.0000647954          0.0000000000          0.0000647954
                        0.0000647954          0.0000000000
   187    9  1         -0.0019689033          0.0000000000         -0.0019689033
                       -0.0019689033          0.0000000000
   131   30  1         -0.0012293952          0.0000000000         -0.0012293952
                       -0.0012293952          0.0000000000
   195  182  1         -0.0001468237          0.0000000000         -0.0001468237
                       -0.0001468237          0.0000000000
   182  162  1          0.0002209194          0.0000000000          0.0002209194
                        0.0002209194          0.0000000000
   129   77  1          0.0006261708          0.0000000000          0.0006261708
                        0.0006261708          0.0000000000
   182  103  1         -0.0001961237          0.0000000000         -0.0001961237
                       -0.0001961237          0.0000000000
   129   30  1          0.0213405536          0.0000000000          0.0213405536
                        0.0213405536          0.0000000000
   181  173  1          0.0000390628          0.0000000000          0.0000390628
                        0.0000390628          0.0000000000
   181  130  1         -0.0001101939          0.0000000000         -0.0001101939
                       -0.0001101939          0.0000000000
   181   91  1          0.0000637900          0.0000000000          0.0000637900
                        0.0000637900          0.0000000000
   181   63  1         -0.0000345131          0.0000000000         -0.0000345131
                       -0.0000345131          0.0000000000
   128   60  1          0.0193034963          0.0000000000          0.0193034963
                        0.0193034963          0.0000000000
   180  174  1         -0.0003994721          0.0000000000         -0.0003994721
                       -0.0003994721          0.0000000000
   180   82  1          0.0000266293          0.0000000000          0.0000266293
                        0.0000266293          0.0000000000
   179  174  1          0.0003702815          0.0000000000          0.0003702815
                        0.0003702815          0.0000000000
   179   56  1          0.0001250533          0.0000000000          0.0001250533
                        0.0001250533          0.0000000000
   178   77  1          0.0000407490          0.0000000000          0.0000407490
                        0.0000407490          0.0000000000
   178   11  1          0.0000428854          0.0000000000          0.0000428854
                        0.0000428854          0.0000000000
   125   77  1         -0.0000286743          0.0000000000         -0.0000286743
                       -0.0000286743          0.0000000000
   176  143  1          0.0000756187          0.0000000000          0.0000756187
                        0.0000756187          0.0000000000
   176   96  1          0.0000030101          0.0000000000          0.0000030101
                        0.0000030101          0.0000000000
   176   79  1          0.0000314126          0.0000000000          0.0000314126
                        0.0000314126          0.0000000000
   176   39  1          0.0000211671          0.0000000000          0.0000211671
                        0.0000211671          0.0000000000
    88   67  1          0.0000338920          0.0000000000          0.0000338920
                        0.0000338920          0.0000000000
   124   60  1          0.0238943545          0.0000000000          0.0238943545
                        0.0238943545          0.0000000000
   174  125  1         -0.0000380433          0.0000000000         -0.0000380433
                       -0.0000380433          0.0000000000
   174   91  1          0.0000513204          0.0000000000          0.0000513204
                        0.0000513204          0.0000000000
   174   63  1         -0.0000062540          0.0000000000         -0.0000062540
                       -0.0000062540          0.0000000000
   174    9  1          0.0001023858          0.0000000000          0.0001023858
                        0.0001023858          0.0000000000
   173   82  1         -0.0000223705          0.0000000000         -0.0000223705
                       -0.0000223705          0.0000000000
   172  152  1          0.0000334086          0.0000000000          0.0000334086
                        0.0000334086          0.0000000000
    69   22  1          0.0004454774          0.0000000000          0.0004454774
                        0.0004454774          0.0000000000
   170   69  1          0.0000033496          0.0000000000          0.0000033496
                        0.0000033496          0.0000000000
   168   28  1         -0.0000124020          0.0000000000         -0.0000124020
                       -0.0000124020          0.0000000000
    30   25  1          0.0424718563          0.0000000000          0.0424718563
                        0.0424718563          0.0000000000
   166   83  1          0.0000192957          0.0000000000          0.0000192957
                        0.0000192957          0.0000000000
   116   53  1          0.0000382341          0.0000000000          0.0000382341
                        0.0000382341          0.0000000000
    82   31  1         -0.0000436781          0.0000000000         -0.0000436781
                       -0.0000436781          0.0000000000
   162  110  1         -0.0000393266          0.0000000000         -0.0000393266
                       -0.0000393266          0.0000000000
   162   77  1          0.0000220099          0.0000000000          0.0000220099
                        0.0000220099          0.0000000000
   162   11  1          0.0000597660          0.0000000000          0.0000597660
                        0.0000597660          0.0000000000
    11    4  1         -0.0003152872          0.0000000000         -0.0003152872
                       -0.0003152872          0.0000000000
   159   29  1          0.0197907596          0.0000000000          0.0197907596
                        0.0197907596          0.0000000000
    56   39  1         -0.0002764848          0.0000000000         -0.0002764848
                       -0.0002764848          0.0000000000
    56   26  1         -0.0001346605          0.0000000000         -0.0001346605
                       -0.0001346605          0.0000000000
    56   12  1         -0.0000289396          0.0000000000         -0.0000289396
                       -0.0000289396          0.0000000000
   110   80  1         -0.0000611572          0.0000000000         -0.0000611572
                       -0.0000611572          0.0000000000
    78   53  1         -0.0001042774          0.0000000000         -0.0001042774
                       -0.0001042774          0.0000000000
   155  111  1         -0.0000479752          0.0000000000         -0.0000479752
                       -0.0000479752          0.0000000000
   155   80  1          0.0001421623          0.0000000000          0.0001421623
                        0.0001421623          0.0000000000
   155   63  1          0.0000093489          0.0000000000          0.0000093489
                        0.0000093489          0.0000000000
   155   26  1          0.0000286255          0.0000000000          0.0000286255
                        0.0000286255          0.0000000000
   155    4  1          0.0000158219          0.0000000000          0.0000158219
                        0.0000158219          0.0000000000
    77   44  1          0.0001271118          0.0000000000          0.0001271118
                        0.0001271118          0.0000000000
   152  139  1          0.0000171396          0.0000000000          0.0000171396
                        0.0000171396          0.0000000000
   152  115  1          0.0000288992          0.0000000000          0.0000288992
                        0.0000288992          0.0000000000
   108   32  1          0.0000907571          0.0000000000          0.0000907571
                        0.0000907571          0.0000000000
   152   48  1          0.0003499960          0.0000000000          0.0003499960
                        0.0003499960          0.0000000000
   174   81  1         -0.0000081107          0.0000000000         -0.0000081107
                       -0.0000081107          0.0000000000
    75   12  1          0.0000885416          0.0000000000          0.0000885416
                        0.0000885416          0.0000000000
   148   53  1         -0.0011404387          0.0000000000         -0.0011404387
                       -0.0011404387          0.0000000000
    74   11  1         -0.0001486347          0.0000000000         -0.0001486347
                       -0.0001486347          0.0000000000
    73   53  1          0.0000198403          0.0000000000          0.0000198403
                        0.0000198403          0.0000000000
   143   82  1         -0.0000924962          0.0000000000         -0.0000924962
                       -0.0000924962          0.0000000000
   143   11  1          0.0000518833          0.0000000000          0.0000518833
                        0.0000518833          0.0000000000
   139   53  1          0.0000407214          0.0000000000          0.0000407214
                        0.0000407214          0.0000000000
   195  155  1         -0.0000725571          0.0000000000         -0.0000725571
                       -0.0000725571          0.0000000000
   138   77  1          0.0000165038          0.0000000000          0.0000165038
                        0.0000165038          0.0000000000
   194  187  1         -0.0026369516          0.0000000000         -0.0026369516
                       -0.0026369516          0.0000000000
   194   88  1         -0.0002261922          0.0000000000         -0.0002261922
                       -0.0002261922          0.0000000000
   195   82  1          0.0000548745          0.0000000000          0.0000548745
                        0.0000548745          0.0000000000
    68   53  1          0.0000411630          0.0000000000          0.0000411630
                        0.0000411630          0.0000000000
    96   11  1         -0.0003697353          0.0000000000         -0.0003697353
                       -0.0003697353          0.0000000000
    95   88  1         -0.0027692826          0.0000000000         -0.0027692826
                       -0.0027692826          0.0000000000
   190   11  1         -0.0004253756          0.0000000000         -0.0004253756
                       -0.0004253756          0.0000000000
   187   67  1         -0.0000794565          0.0000000000         -0.0000794565
                       -0.0000794565          0.0000000000
   131  108  1         -0.0000761366          0.0000000000         -0.0000761366
                       -0.0000761366          0.0000000000
   131   74  1          0.0000703313          0.0000000000          0.0000703313
                        0.0000703313          0.0000000000
   131   31  1         -0.0001857436          0.0000000000         -0.0001857436
                       -0.0001857436          0.0000000000
   195  174  1          0.0001971662          0.0000000000          0.0001971662
                        0.0001971662          0.0000000000
   130   75  1         -0.0000295486          0.0000000000         -0.0000295486
                       -0.0000295486          0.0000000000
   182  166  1          0.0002156656          0.0000000000          0.0002156656
                        0.0002156656          0.0000000000
   129   26  1          0.0005491741          0.0000000000          0.0005491741
                        0.0005491741          0.0000000000
   129    9  1          0.0029988759          0.0000000000          0.0029988759
                        0.0029988759          0.0000000000
   128  103  1          0.0017419565          0.0000000000          0.0017419565
                        0.0017419565          0.0000000000
   181   67  1          0.0000116772          0.0000000000          0.0000116772
                        0.0000116772          0.0000000000
    91   29  1         -0.0032884578          0.0000000000         -0.0032884578
                       -0.0032884578          0.0000000000
   128   39  1          0.0007010506          0.0000000000          0.0007010506
                        0.0007010506          0.0000000000
   128   12  1          0.0027892555          0.0000000000          0.0027892555
                        0.0027892555          0.0000000000
   179  159  1         -0.0019847162          0.0000000000         -0.0019847162
                       -0.0019847162          0.0000000000
   127   46  1          0.0000763802          0.0000000000          0.0000763802
                        0.0000763802          0.0000000000
   178  129  1          0.0022128840          0.0000000000          0.0022128840
                        0.0022128840          0.0000000000
   178   29  1          0.0005208613          0.0000000000          0.0005208613
                        0.0005208613          0.0000000000
    63   25  1          0.0015898191          0.0000000000          0.0015898191
                        0.0015898191          0.0000000000
   124  111  1          0.0053290093          0.0000000000          0.0053290093
                        0.0053290093          0.0000000000
   124   79  1          0.0008778032          0.0000000000          0.0008778032
                        0.0008778032          0.0000000000
   124   39  1          0.0007523846          0.0000000000          0.0007523846
                        0.0007523846          0.0000000000
   174   67  1         -0.0000495747          0.0000000000         -0.0000495747
                       -0.0000495747          0.0000000000
   173  128  1         -0.0026615537          0.0000000000         -0.0026615537
                       -0.0026615537          0.0000000000
   173   25  1         -0.0009621812          0.0000000000         -0.0009621812
                       -0.0009621812          0.0000000000
   170  135  1          0.0000091532          0.0000000000          0.0000091532
                        0.0000091532          0.0000000000
    60   31  1         -0.0040509405          0.0000000000         -0.0040509405
                       -0.0040509405          0.0000000000
   166  155  1         -0.0001011872          0.0000000000         -0.0001011872
                       -0.0001011872          0.0000000000
   166   56  1          0.0000156562          0.0000000000          0.0000156562
                        0.0000156562          0.0000000000
    30    4  1          0.0014480577          0.0000000000          0.0014480577
                        0.0014480577          0.0000000000
   162   30  1          0.0006140693          0.0000000000          0.0006140693
                        0.0006140693          0.0000000000
    81   25  1         -0.0025915652          0.0000000000         -0.0025915652
                       -0.0025915652          0.0000000000
   159  130  1         -0.0038672222          0.0000000000         -0.0038672222
                       -0.0038672222          0.0000000000
   159   81  1         -0.0014937037          0.0000000000         -0.0014937037
                       -0.0014937037          0.0000000000
   159   74  1         -0.0002538314          0.0000000000         -0.0002538314
                       -0.0002538314          0.0000000000
   159   31  1          0.0006216805          0.0000000000          0.0006216805
                        0.0006216805          0.0000000000
   159    4  1         -0.0003484724          0.0000000000         -0.0003484724
                       -0.0003484724          0.0000000000
    79   29  1          0.0011707536          0.0000000000          0.0011707536
                        0.0011707536          0.0000000000
   110   95  1         -0.0001176805          0.0000000000         -0.0001176805
                       -0.0001176805          0.0000000000
    39   29  1          0.0008969975          0.0000000000          0.0008969975
                        0.0008969975          0.0000000000
    75   67  1          0.0001898059          0.0000000000          0.0001898059
                        0.0001898059          0.0000000000
    71   46  1         -0.0000535079          0.0000000000         -0.0000535079
                       -0.0000535079          0.0000000000
   103   30  1         -0.0000449683          0.0000000000         -0.0000449683
                       -0.0000449683          0.0000000000
   145    1  1          0.0001842433          0.0000000000          0.0001842433
                        0.0001842433          0.0000000000
   143   29  1          0.0003353794          0.0000000000          0.0003353794
                        0.0003353794          0.0000000000
   100   46  1          0.0002246621          0.0000000000          0.0002246621
                        0.0002246621          0.0000000000
   195  124  1          0.0004784164          0.0000000000          0.0004784164
                        0.0004784164          0.0000000000
   195   25  1         -0.0006080433          0.0000000000         -0.0006080433
                       -0.0006080433          0.0000000000
   138   30  1          0.0006268360          0.0000000000          0.0006268360
                        0.0006268360          0.0000000000
   194   77  1         -0.0000564844          0.0000000000         -0.0000564844
                       -0.0000564844          0.0000000000
    25   12  1          0.0051328046          0.0000000000          0.0051328046
                        0.0051328046          0.0000000000
    96   29  1          0.0012953922          0.0000000000          0.0012953922
                        0.0012953922          0.0000000000
   190  129  1         -0.0040832497          0.0000000000         -0.0040832497
                       -0.0040832497          0.0000000000
   135    1  1         -0.0002004409          0.0000000000         -0.0002004409
                       -0.0002004409          0.0000000000
   190   25  1         -0.0000613438          0.0000000000         -0.0000613438
                       -0.0000613438          0.0000000000
    67   56  1         -0.0000822015          0.0000000000         -0.0000822015
                       -0.0000822015          0.0000000000
   131   67  1         -0.0000460471          0.0000000000         -0.0000460471
                       -0.0000460471          0.0000000000
   129  125  1          0.0017537975          0.0000000000          0.0017537975
                        0.0017537975          0.0000000000
   129   91  1          0.0003898735          0.0000000000          0.0003898735
                        0.0003898735          0.0000000000
   129   74  1         -0.0002670414          0.0000000000         -0.0002670414
                       -0.0002670414          0.0000000000
    91   44  1         -0.0000315681          0.0000000000         -0.0000315681
                       -0.0000315681          0.0000000000
    91   26  1          0.0006883671          0.0000000000          0.0006883671
                        0.0006883671          0.0000000000
    91    9  1         -0.0004238359          0.0000000000         -0.0004238359
                       -0.0004238359          0.0000000000
    91    4  1          0.0005066525          0.0000000000          0.0005066525
                        0.0005066525          0.0000000000
   180   79  1          0.0000277750          0.0000000000          0.0000277750
                        0.0000277750          0.0000000000
   180   31  1         -0.0003288625          0.0000000000         -0.0003288625
                       -0.0003288625          0.0000000000
   179  162  1         -0.0003033861          0.0000000000         -0.0003033861
                       -0.0003033861          0.0000000000
   179  111  1         -0.0002902054          0.0000000000         -0.0002902054
                       -0.0002902054          0.0000000000
   179   80  1          0.0001696785          0.0000000000          0.0001696785
                        0.0001696785          0.0000000000
   179   31  1         -0.0000385845          0.0000000000         -0.0000385845
                       -0.0000385845          0.0000000000
   179    4  1         -0.0000216182          0.0000000000         -0.0000216182
                       -0.0000216182          0.0000000000
   178  111  1          0.0001024665          0.0000000000          0.0001024665
                        0.0001024665          0.0000000000
   178   91  1         -0.0000117794          0.0000000000         -0.0000117794
                       -0.0000117794          0.0000000000
   178   39  1         -0.0000258053          0.0000000000         -0.0000258053
                       -0.0000258053          0.0000000000
   178    9  1         -0.0000420576          0.0000000000         -0.0000420576
                       -0.0000420576          0.0000000000
   125   96  1          0.0000114925          0.0000000000          0.0000114925
                        0.0000114925          0.0000000000
   125   79  1         -0.0001340947          0.0000000000         -0.0001340947
                       -0.0001340947          0.0000000000
    63   26  1          0.0002350665          0.0000000000          0.0002350665
                        0.0002350665          0.0000000000
    63   12  1          0.0002794468          0.0000000000          0.0002794468
                        0.0002794468          0.0000000000
   124   67  1         -0.0003759867          0.0000000000         -0.0003759867
                       -0.0003759867          0.0000000000
   173  111  1         -0.0001275171          0.0000000000         -0.0001275171
                       -0.0001275171          0.0000000000
   173   91  1         -0.0000287345          0.0000000000         -0.0000287345
                       -0.0000287345          0.0000000000
   173   44  1          0.0000076947          0.0000000000          0.0000076947
                        0.0000076947          0.0000000000
   173   12  1         -0.0000395420          0.0000000000         -0.0000395420
                       -0.0000395420          0.0000000000
    31   12  1          0.0000299154          0.0000000000          0.0000299154
                        0.0000299154          0.0000000000
   166  128  1          0.0013055494          0.0000000000          0.0013055494
                        0.0013055494          0.0000000000
   190   81  1          0.0000387266          0.0000000000          0.0000387266
                        0.0000387266          0.0000000000
   162  111  1          0.0002859356          0.0000000000          0.0002859356
                        0.0002859356          0.0000000000
   162   80  1          0.0000119355          0.0000000000          0.0000119355
                        0.0000119355          0.0000000000
   162   44  1          0.0000020097          0.0000000000          0.0000020097
                        0.0000020097          0.0000000000
    81   63  1          0.0002204788          0.0000000000          0.0002204788
                        0.0002204788          0.0000000000
    81   26  1          0.0000134372          0.0000000000          0.0000134372
                        0.0000134372          0.0000000000
    80   74  1          0.0001267624          0.0000000000          0.0001267624
                        0.0001267624          0.0000000000
    80   26  1         -0.0006436269          0.0000000000         -0.0006436269
                       -0.0006436269          0.0000000000
    79   74  1         -0.0001639090          0.0000000000         -0.0001639090
                       -0.0001639090          0.0000000000
    79   39  1          0.0007167276          0.0000000000          0.0007167276
                        0.0007167276          0.0000000000
   111   74  1         -0.0000361442          0.0000000000         -0.0000361442
                       -0.0000361442          0.0000000000
   111   31  1          0.0001331780          0.0000000000          0.0001331780
                        0.0001331780          0.0000000000
   111   12  1          0.0000918744          0.0000000000          0.0000918744
                        0.0000918744          0.0000000000
   108   96  1          0.0004241322          0.0000000000          0.0004241322
                        0.0004241322          0.0000000000
   108   79  1         -0.0000477089          0.0000000000         -0.0000477089
                       -0.0000477089          0.0000000000
   108   39  1          0.0000001860          0.0000000000          0.0000001860
                        0.0000001860          0.0000000000
    39    4  1          0.0000180497          0.0000000000          0.0000180497
                        0.0000180497          0.0000000000
    74   39  1         -0.0005789949          0.0000000000         -0.0005789949
                       -0.0005789949          0.0000000000
   103   80  1         -0.0000064898          0.0000000000         -0.0000064898
                       -0.0000064898          0.0000000000
   103   44  1         -0.0000430174          0.0000000000         -0.0000430174
                       -0.0000430174          0.0000000000
   143  138  1          0.0003034535          0.0000000000          0.0003034535
                        0.0003034535          0.0000000000
   143  108  1         -0.0000703063          0.0000000000         -0.0000703063
                       -0.0000703063          0.0000000000
   143   74  1          0.0000110280          0.0000000000          0.0000110280
                        0.0000110280          0.0000000000
   143   31  1          0.0000119973          0.0000000000          0.0000119973
                        0.0000119973          0.0000000000
   195  180  1          0.0000987272          0.0000000000          0.0000987272
                        0.0000987272          0.0000000000
   195  162  1          0.0000906905          0.0000000000          0.0000906905
                        0.0000906905          0.0000000000
   195  130  1         -0.0002757234          0.0000000000         -0.0002757234
                       -0.0002757234          0.0000000000
   195  103  1         -0.0003063037          0.0000000000         -0.0003063037
                       -0.0003063037          0.0000000000
   195   91  1         -0.0002967206          0.0000000000         -0.0002967206
                       -0.0002967206          0.0000000000
   195   63  1          0.0000040275          0.0000000000          0.0000040275
                        0.0000040275          0.0000000000
   138   63  1          0.0000246507          0.0000000000          0.0000246507
                        0.0000246507          0.0000000000
   138   31  1          0.0000508655          0.0000000000          0.0000508655
                        0.0000508655          0.0000000000
   138   12  1          0.0000270789          0.0000000000          0.0000270789
                        0.0000270789          0.0000000000
   195   74  1         -0.0000644678          0.0000000000         -0.0000644678
                       -0.0000644678          0.0000000000
    96   74  1          0.0001288693          0.0000000000          0.0001288693
                        0.0001288693          0.0000000000
   190  179  1         -0.0002017526          0.0000000000         -0.0002017526
                       -0.0002017526          0.0000000000
   190  143  1         -0.0000249474          0.0000000000         -0.0000249474
                       -0.0000249474          0.0000000000
    96    4  1          0.0000068993          0.0000000000          0.0000068993
                        0.0000068993          0.0000000000
   190   80  1          0.0000174314          0.0000000000          0.0000174314
                        0.0000174314          0.0000000000
   190   31  1          0.0000814169          0.0000000000          0.0000814169
                        0.0000814169          0.0000000000
    67   60  1          0.0013911069          0.0000000000          0.0013911069
                        0.0013911069          0.0000000000
    67   25  1         -0.0013695077          0.0000000000         -0.0013695077
                       -0.0013695077          0.0000000000
   130   91  1          0.0000597879          0.0000000000          0.0000597879
                        0.0000597879          0.0000000000
   130   74  1         -0.0000277072          0.0000000000         -0.0000277072
                       -0.0000277072          0.0000000000
   130   12  1          0.0001275287          0.0000000000          0.0001275287
                        0.0001275287          0.0000000000
   129   67  1         -0.0009174157          0.0000000000         -0.0009174157
                       -0.0009174157          0.0000000000
   127   92  1         -0.0000866464          0.0000000000         -0.0000866464
                       -0.0000866464          0.0000000000
   179   95  1          0.0000528497          0.0000000000          0.0000528497
                        0.0000528497          0.0000000000
   178   95  1         -0.0000255503          0.0000000000         -0.0000255503
                       -0.0000255503          0.0000000000
   173   67  1          0.0000313528          0.0000000000          0.0000313528
                        0.0000313528          0.0000000000
   121   61  1         -0.0000003411          0.0000000000         -0.0000003411
                       -0.0000003411          0.0000000000
   121   18  1          0.0000215359          0.0000000000          0.0000215359
                        0.0000215359          0.0000000000
   170   61  1         -0.0000058868          0.0000000000         -0.0000058868
                       -0.0000058868          0.0000000000
   166  162  1          0.0001498578          0.0000000000          0.0001498578
                        0.0001498578          0.0000000000
   166  108  1         -0.0001669742          0.0000000000         -0.0001669742
                       -0.0001669742          0.0000000000
   166   80  1          0.0000102056          0.0000000000          0.0000102056
                        0.0000102056          0.0000000000
   166   39  1          0.0000086204          0.0000000000          0.0000086204
                        0.0000086204          0.0000000000
   166    9  1          0.0000193378          0.0000000000          0.0000193378
                        0.0000193378          0.0000000000
    58   28  1         -0.0001649344          0.0000000000         -0.0001649344
                       -0.0001649344          0.0000000000
    58    1  1          0.0002461338          0.0000000000          0.0002461338
                        0.0002461338          0.0000000000
   160   28  1          0.0000398285          0.0000000000          0.0000398285
                        0.0000398285          0.0000000000
   157  121  1          0.0001298509          0.0000000000          0.0001298509
                        0.0001298509          0.0000000000
   157   22  1         -0.0000059974          0.0000000000         -0.0000059974
                       -0.0000059974          0.0000000000
   108   67  1          0.0000775347          0.0000000000          0.0000775347
                        0.0000775347          0.0000000000
   101   71  1         -0.0000116562          0.0000000000         -0.0000116562
                       -0.0000116562          0.0000000000
   101    1  1          0.0028138383          0.0000000000          0.0028138383
                        0.0028138383          0.0000000000
    71    2  1          0.0002148675          0.0000000000          0.0002148675
                        0.0002148675          0.0000000000
   195   67  1          0.0000941272          0.0000000000          0.0000941272
                        0.0000941272          0.0000000000
   194  162  1         -0.0002820645          0.0000000000         -0.0002820645
                       -0.0002820645          0.0000000000
   194  108  1          0.0004176065          0.0000000000          0.0004176065
                        0.0004176065          0.0000000000
   194   79  1         -0.0000202045          0.0000000000         -0.0000202045
                       -0.0000202045          0.0000000000
   194   31  1         -0.0000806931          0.0000000000         -0.0000806931
                       -0.0000806931          0.0000000000
   191  127  1          0.0002709260          0.0000000000          0.0002709260
                        0.0002709260          0.0000000000
   191   22  1         -0.0000816382          0.0000000000         -0.0000816382
                       -0.0000816382          0.0000000000
    95   81  1         -0.0000186630          0.0000000000         -0.0000186630
                       -0.0000186630          0.0000000000
    95   44  1         -0.0000648134          0.0000000000         -0.0000648134
                       -0.0000648134          0.0000000000
    95    9  1          0.0004578971          0.0000000000          0.0004578971
                        0.0004578971          0.0000000000
    67    9  1         -0.0000212317          0.0000000000         -0.0000212317
                       -0.0000212317          0.0000000000
    92   28  1          0.0003407222          0.0000000000          0.0003407222
                        0.0003407222          0.0000000000
   127  122  1          0.0009704998          0.0000000000          0.0009704998
                        0.0009704998          0.0000000000
   127  109  1         -0.0001747032          0.0000000000         -0.0001747032
                       -0.0001747032          0.0000000000
   127   90  1         -0.0004877704          0.0000000000         -0.0004877704
                       -0.0004877704          0.0000000000
   127   72  1          0.0001025148          0.0000000000          0.0001025148
                        0.0001025148          0.0000000000
   127   50  1          0.0007999565          0.0000000000          0.0007999565
                        0.0007999565          0.0000000000
   127   24  1          0.0014500437          0.0000000000          0.0014500437
                        0.0014500437          0.0000000000
    90   28  1          0.0008814686          0.0000000000          0.0008814686
                        0.0008814686          0.0000000000
   126  106  1          0.0003826888          0.0000000000          0.0003826888
                        0.0003826888          0.0000000000
   126   55  1          0.0008702035          0.0000000000          0.0008702035
                        0.0008702035          0.0000000000
    45   27  1         -0.0003158475          0.0000000000         -0.0003158475
                       -0.0003158475          0.0000000000
   177  119  1          0.0015115844          0.0000000000          0.0015115844
                        0.0015115844          0.0000000000
   177   45  1          0.0007018763          0.0000000000          0.0007018763
                        0.0007018763          0.0000000000
   177    7  1         -0.0001015639          0.0000000000         -0.0001015639
                       -0.0001015639          0.0000000000
    89    1  1          0.0014295277          0.0000000000          0.0014295277
                        0.0014295277          0.0000000000
   175   28  1          0.0000092310          0.0000000000          0.0000092310
                        0.0000092310          0.0000000000
   123   71  1         -0.0000430439          0.0000000000         -0.0000430439
                       -0.0000430439          0.0000000000
   123    1  1          0.0014050780          0.0000000000          0.0014050780
                        0.0014050780          0.0000000000
   172  142  1          0.0015985737          0.0000000000          0.0015985737
                        0.0015985737          0.0000000000
   193   55  1         -0.0000160987          0.0000000000         -0.0000160987
                       -0.0000160987          0.0000000000
   172   41  1          0.0001053833          0.0000000000          0.0001053833
                        0.0001053833          0.0000000000
   172    7  1          0.0002673601          0.0000000000          0.0002673601
                        0.0002673601          0.0000000000
   121  104  1         -0.0000538438          0.0000000000         -0.0000538438
                       -0.0000538438          0.0000000000
   121   93  1          0.0000525985          0.0000000000          0.0000525985
                        0.0000525985          0.0000000000
   121   89  1          0.0000275728          0.0000000000          0.0000275728
                        0.0000275728          0.0000000000
   171   71  1          0.0000023368          0.0000000000          0.0000023368
                        0.0000023368          0.0000000000
   121   64  1          0.0000371599          0.0000000000          0.0000371599
                        0.0000371599          0.0000000000
   121   47  1          0.0000496650          0.0000000000          0.0000496650
                        0.0000496650          0.0000000000
   121   38  1         -0.0000011888          0.0000000000         -0.0000011888
                       -0.0000011888          0.0000000000
   170  149  1         -0.0000444220          0.0000000000         -0.0000444220
                       -0.0000444220          0.0000000000
   170  122  1         -0.0000757335          0.0000000000         -0.0000757335
                       -0.0000757335          0.0000000000
   170  114  1         -0.0002805781          0.0000000000         -0.0002805781
                       -0.0002805781          0.0000000000
   121   10  1         -0.0001239301          0.0000000000         -0.0001239301
                       -0.0001239301          0.0000000000
   121    3  1          0.0000972004          0.0000000000          0.0000972004
                        0.0000972004          0.0000000000
   170   72  1         -0.0000021856          0.0000000000         -0.0000021856
                       -0.0000021856          0.0000000000
   170   50  1          0.0001310205          0.0000000000          0.0001310205
                        0.0001310205          0.0000000000
   170   24  1         -0.0000361843          0.0000000000         -0.0000361843
                       -0.0000361843          0.0000000000
   170   10  1         -0.0000249918          0.0000000000         -0.0000249918
                       -0.0000249918          0.0000000000
   169  150  1         -0.0005033418          0.0000000000         -0.0005033418
                       -0.0005033418          0.0000000000
   169  115  1          0.0033272115          0.0000000000          0.0033272115
                        0.0033272115          0.0000000000
   169   68  1         -0.0004604295          0.0000000000         -0.0004604295
                       -0.0004604295          0.0000000000
    85   28  1         -0.0005831283          0.0000000000         -0.0005831283
                       -0.0005831283          0.0000000000
    43   16  1          0.0002352748          0.0000000000          0.0002352748
                        0.0002352748          0.0000000000
   119   73  1          0.0002530233          0.0000000000          0.0002530233
                        0.0002530233          0.0000000000
   119   49  1          0.0009166953          0.0000000000          0.0009166953
                        0.0009166953          0.0000000000
   119   27  1          0.0017187707          0.0000000000          0.0017187707
                        0.0017187707          0.0000000000
   167  140  1          0.0002081130          0.0000000000          0.0002081130
                        0.0002081130          0.0000000000
   167   70  1         -0.0004702559          0.0000000000         -0.0004702559
                       -0.0004702559          0.0000000000
   118   71  1          0.0000007326          0.0000000000          0.0000007326
                        0.0000007326          0.0000000000
   118   22  1          0.0000134408          0.0000000000          0.0000134408
                        0.0000134408          0.0000000000
   165   71  1          0.0000056206          0.0000000000          0.0000056206
                        0.0000056206          0.0000000000
   116   70  1          0.0000484627          0.0000000000          0.0000484627
                        0.0000484627          0.0000000000
   163  127  1          0.0002768357          0.0000000000          0.0002768357
                        0.0002768357          0.0000000000
   115  106  1         -0.0013029433          0.0000000000         -0.0013029433
                       -0.0013029433          0.0000000000
   115   70  1         -0.0002653500          0.0000000000         -0.0002653500
                       -0.0002653500          0.0000000000
    41   27  1         -0.0003017206          0.0000000000         -0.0003017206
                       -0.0003017206          0.0000000000
   161  100  1          0.0005284254          0.0000000000          0.0005284254
                        0.0005284254          0.0000000000
   161   22  1          0.0000272010          0.0000000000          0.0000272010
                        0.0000272010          0.0000000000
   112  100  1         -0.0029584770          0.0000000000         -0.0029584770
                       -0.0029584770          0.0000000000
    40   20  1         -0.0038002720          0.0000000000         -0.0038002720
                       -0.0038002720          0.0000000000
    28   23  1          0.0010874619          0.0000000000          0.0010874619
                        0.0010874619          0.0000000000
    55   52  1          0.0002937811          0.0000000000          0.0002937811
                        0.0002937811          0.0000000000
   154  151  1          0.0001507846          0.0000000000          0.0001507846
                        0.0001507846          0.0000000000
   109  100  1         -0.0022433878          0.0000000000         -0.0022433878
                       -0.0022433878          0.0000000000
    28   15  1          0.0000805598          0.0000000000          0.0000805598
                        0.0000805598          0.0000000000
   154   68  1         -0.0002889205          0.0000000000         -0.0002889205
                       -0.0002889205          0.0000000000
   154   27  1          0.0008894481          0.0000000000          0.0008894481
                        0.0008894481          0.0000000000
   109   22  1         -0.0001320537          0.0000000000         -0.0001320537
                       -0.0001320537          0.0000000000
    55   16  1          0.0000390854          0.0000000000          0.0000390854
                        0.0000390854          0.0000000000
   153    1  1          0.0001749029          0.0000000000          0.0001749029
                        0.0001749029          0.0000000000
   151  142  1          0.0011771181          0.0000000000          0.0011771181
                        0.0011771181          0.0000000000
   151   45  1         -0.0020822884          0.0000000000         -0.0020822884
                       -0.0020822884          0.0000000000
   151   20  1          0.0006192826          0.0000000000          0.0006192826
                        0.0006192826          0.0000000000
   150  119  1         -0.0011451829          0.0000000000         -0.0011451829
                       -0.0011451829          0.0000000000
   150   70  1         -0.0001596102          0.0000000000         -0.0001596102
                       -0.0001596102          0.0000000000
   150   41  1          0.0005538457          0.0000000000          0.0005538457
                        0.0005538457          0.0000000000
    54    1  1          0.0004735222          0.0000000000          0.0004735222
                        0.0004735222          0.0000000000
   106   48  1          0.0012062478          0.0000000000          0.0012062478
                        0.0012062478          0.0000000000
   106   27  1         -0.0024079933          0.0000000000         -0.0024079933
                       -0.0024079933          0.0000000000
   149   22  1          0.0002435852          0.0000000000          0.0002435852
                        0.0002435852          0.0000000000
   148  106  1          0.0006113568          0.0000000000          0.0006113568
                        0.0006113568          0.0000000000
   148   41  1          0.0005832150          0.0000000000          0.0005832150
                        0.0005832150          0.0000000000
   104  100  1         -0.0037331712          0.0000000000         -0.0037331712
                       -0.0037331712          0.0000000000
   147   70  1          0.0003271790          0.0000000000          0.0003271790
                        0.0003271790          0.0000000000
   147   45  1          0.0004150824          0.0000000000          0.0004150824
                        0.0004150824          0.0000000000
    52   45  1          0.0020990664          0.0000000000          0.0020990664
                        0.0020990664          0.0000000000
   146  100  1          0.0006349909          0.0000000000          0.0006349909
                        0.0006349909          0.0000000000
    73   55  1          0.0008930812          0.0000000000          0.0008930812
                        0.0008930812          0.0000000000
    52   20  1         -0.0000932357          0.0000000000         -0.0000932357
                       -0.0000932357          0.0000000000
   144  115  1         -0.0005980378          0.0000000000         -0.0005980378
                       -0.0005980378          0.0000000000
   144   86  1         -0.0003139103          0.0000000000         -0.0003139103
                       -0.0003139103          0.0000000000
   144   51  1          0.0002876727          0.0000000000          0.0002876727
                        0.0002876727          0.0000000000
   144   16  1         -0.0006744993          0.0000000000         -0.0006744993
                       -0.0006744993          0.0000000000
   102   22  1          0.0000977244          0.0000000000          0.0000977244
                        0.0000977244          0.0000000000
   142  126  1         -0.0001900062          0.0000000000         -0.0001900062
                       -0.0001900062          0.0000000000
   142   86  1         -0.0001878087          0.0000000000         -0.0001878087
                       -0.0001878087          0.0000000000
   142   52  1         -0.0014432853          0.0000000000         -0.0014432853
                       -0.0014432853          0.0000000000
   142   27  1          0.0011547169          0.0000000000          0.0011547169
                        0.0011547169          0.0000000000
   142   16  1         -0.0004730518          0.0000000000         -0.0004730518
                       -0.0004730518          0.0000000000
    19    1  1          0.0008373453          0.0000000000          0.0008373453
                        0.0008373453          0.0000000000
    71   47  1          0.0000721704          0.0000000000          0.0000721704
                        0.0000721704          0.0000000000
   100   66  1          0.0011295184          0.0000000000          0.0011295184
                        0.0011295184          0.0000000000
   100   19  1          0.0001152620          0.0000000000          0.0001152620
                        0.0001152620          0.0000000000
    71   15  1         -0.0000600676          0.0000000000         -0.0000600676
                       -0.0000600676          0.0000000000
   140  116  1         -0.0009339730          0.0000000000         -0.0009339730
                       -0.0009339730          0.0000000000
    71    3  1          0.0002040216          0.0000000000          0.0002040216
                        0.0002040216          0.0000000000
   140   52  1         -0.0007497277          0.0000000000         -0.0007497277
                       -0.0007497277          0.0000000000
   140   27  1          0.0007833055          0.0000000000          0.0007833055
                        0.0007833055          0.0000000000
    50   22  1          0.0000260949          0.0000000000          0.0000260949
                        0.0000260949          0.0000000000
   196  127  1         -0.0006514834          0.0000000000         -0.0006514834
                       -0.0006514834          0.0000000000
   139   43  1         -0.0002770694          0.0000000000         -0.0002770694
                       -0.0002770694          0.0000000000
   139   20  1         -0.0002187281          0.0000000000         -0.0002187281
                       -0.0002187281          0.0000000000
    70   17  1          0.0018807603          0.0000000000          0.0018807603
                        0.0018807603          0.0000000000
    49   41  1         -0.0011168166          0.0000000000         -0.0011168166
                       -0.0011168166          0.0000000000
   137  100  1          0.0007429166          0.0000000000          0.0007429166
                        0.0007429166          0.0000000000
   193  140  1         -0.0000407831          0.0000000000         -0.0000407831
                       -0.0000407831          0.0000000000
    71   33  1          0.0000912723          0.0000000000          0.0000912723
                        0.0000912723          0.0000000000
   193   41  1         -0.0000364071          0.0000000000         -0.0000364071
                       -0.0000364071          0.0000000000
    97    1  1         -0.0052612523          0.0000000000         -0.0052612523
                       -0.0052612523          0.0000000000
   192   22  1          0.0000543277          0.0000000000          0.0000543277
                        0.0000543277          0.0000000000
    48   43  1         -0.0024081379          0.0000000000         -0.0024081379
                       -0.0024081379          0.0000000000
    95   67  1         -0.0002434475          0.0000000000         -0.0002434475
                       -0.0002434475          0.0000000000
   189   71  1          0.0000612512          0.0000000000          0.0000612512
                        0.0000612512          0.0000000000
   188  121  1          0.0005807159          0.0000000000          0.0005807159
                        0.0005807159          0.0000000000
    48    7  1         -0.0001993744          0.0000000000         -0.0001993744
                       -0.0001993744          0.0000000000
    94   43  1          0.0000898217          0.0000000000          0.0000898217
                        0.0000898217          0.0000000000
    94   20  1         -0.0014027736          0.0000000000         -0.0014027736
                       -0.0014027736          0.0000000000
   132   22  1         -0.0000763207          0.0000000000         -0.0000763207
                       -0.0000763207          0.0000000000
   185  142  1          0.0018359009          0.0000000000          0.0018359009
                        0.0018359009          0.0000000000
   185   70  1         -0.0002064075          0.0000000000         -0.0002064075
                       -0.0002064075          0.0000000000
    93   28  1          0.0002818676          0.0000000000          0.0002818676
                        0.0002818676          0.0000000000
    33   28  1         -0.0016940757          0.0000000000         -0.0016940757
                       -0.0016940757          0.0000000000
   184   28  1         -0.0005733885          0.0000000000         -0.0005733885
                       -0.0005733885          0.0000000000
    47    1  1          0.0005724504          0.0000000000          0.0005724504
                        0.0005724504          0.0000000000
   183    1  1          0.0004311380          0.0000000000          0.0004311380
                        0.0004311380          0.0000000000
   127   35  1          0.0015831371          0.0000000000          0.0015831371
                        0.0015831371          0.0000000000
   121   34  1         -0.0004382563          0.0000000000         -0.0004382563
                       -0.0004382563          0.0000000000
   120  100  1         -0.0345687932          0.0000000000         -0.0345687932
                       -0.0345687932          0.0000000000
   120   28  1          0.0032527400          0.0000000000          0.0032527400
                        0.0032527400          0.0000000000
   164   71  1         -0.0001713046          0.0000000000         -0.0001713046
                       -0.0001713046          0.0000000000
    28   21  1         -0.0018899232          0.0000000000         -0.0018899232
                       -0.0018899232          0.0000000000
   100   34  1         -0.0156852371          0.0000000000         -0.0156852371
                       -0.0156852371          0.0000000000
    71   35  1         -0.0015055922          0.0000000000         -0.0015055922
                       -0.0015055922          0.0000000000
   134  100  1         -0.0179009493          0.0000000000         -0.0179009493
                       -0.0179009493          0.0000000000
   133  127  1         -0.0028313366          0.0000000000         -0.0028313366
                       -0.0028313366          0.0000000000
   133   22  1         -0.0004557317          0.0000000000         -0.0004557317
                       -0.0004557317          0.0000000000
   172   69  1         -0.0000057429          0.0000000000         -0.0000057429
                       -0.0000057429          0.0000000000
   168  148  1         -0.0000132875          0.0000000000         -0.0000132875
                       -0.0000132875          0.0000000000
   168   86  1         -0.0000692757          0.0000000000         -0.0000692757
                       -0.0000692757          0.0000000000
   168   52  1         -0.0000155640          0.0000000000         -0.0000155640
                       -0.0000155640          0.0000000000
   168   16  1         -0.0000279298          0.0000000000         -0.0000279298
                       -0.0000279298          0.0000000000
    78   69  1          0.0000030814          0.0000000000          0.0000030814
                        0.0000030814          0.0000000000
   139   69  1         -0.0000145350          0.0000000000         -0.0000145350
                       -0.0000145350          0.0000000000
    69   40  1         -0.0000145583          0.0000000000         -0.0000145583
                       -0.0000145583          0.0000000000
   185   69  1         -0.0000390861          0.0000000000         -0.0000390861
                       -0.0000390861          0.0000000000
   126   36  1         -0.0001078642          0.0000000000         -0.0001078642
                       -0.0001078642          0.0000000000
   172  135  1          0.0000416837          0.0000000000          0.0000416837
                        0.0000416837          0.0000000000
   167  135  1          0.0001018848          0.0000000000          0.0001018848
                        0.0001018848          0.0000000000
   193  135  1         -0.0000055523          0.0000000000         -0.0000055523
                       -0.0000055523          0.0000000000
   151  135  1          0.0000583034          0.0000000000          0.0000583034
                        0.0000583034          0.0000000000
   150  135  1          0.0000946648          0.0000000000          0.0000946648
                        0.0000946648          0.0000000000
   147  135  1          0.0001087284          0.0000000000          0.0001087284
                        0.0001087284          0.0000000000
    52   36  1          0.0000590538          0.0000000000          0.0000590538
                        0.0000590538          0.0000000000
   145   86  1         -0.0000153389          0.0000000000         -0.0000153389
                       -0.0000153389          0.0000000000
   145   68  1         -0.0000048345          0.0000000000         -0.0000048345
                       -0.0000048345          0.0000000000
   145   17  1         -0.0000210793          0.0000000000         -0.0000210793
                       -0.0000210793          0.0000000000
    36   27  1         -0.0000917107          0.0000000000         -0.0000917107
                       -0.0000917107          0.0000000000
   193   46  1         -0.0000190069          0.0000000000         -0.0000190069
                       -0.0000190069          0.0000000000
   135  116  1         -0.0007265274          0.0000000000         -0.0007265274
                       -0.0007265274          0.0000000000
   135   52  1         -0.0000641760          0.0000000000         -0.0000641760
                       -0.0000641760          0.0000000000
   135   40  1          0.0000094252          0.0000000000          0.0000094252
                        0.0000094252          0.0000000000
    94   36  1         -0.0000069233          0.0000000000         -0.0000069233
                       -0.0000069233          0.0000000000
    46   40  1          0.0000739748          0.0000000000          0.0000739748
                        0.0000739748          0.0000000000
   127   88  1          0.0003567780          0.0000000000          0.0003567780
                        0.0003567780          0.0000000000
   126   92  1          0.0002421019          0.0000000000          0.0002421019
                        0.0002421019          0.0000000000
   177  160  1          0.0005605753          0.0000000000          0.0005605753
                        0.0005605753          0.0000000000
   177   58  1         -0.0000247722          0.0000000000         -0.0000247722
                       -0.0000247722          0.0000000000
    88   28  1         -0.0009574703          0.0000000000         -0.0009574703
                       -0.0009574703          0.0000000000
   172   61  1         -0.0000068303          0.0000000000         -0.0000068303
                       -0.0000068303          0.0000000000
   172   18  1          0.0000219377          0.0000000000          0.0000219377
                        0.0000219377          0.0000000000
   121   98  1         -0.0000158705          0.0000000000         -0.0000158705
                       -0.0000158705          0.0000000000
   121   37  1         -0.0000087814          0.0000000000         -0.0000087814
                       -0.0000087814          0.0000000000
   170   88  1         -0.0000399839          0.0000000000         -0.0000399839
                       -0.0000399839          0.0000000000
   167  157  1          0.0000145107          0.0000000000          0.0000145107
                        0.0000145107          0.0000000000
    16    2  1          0.0000696968          0.0000000000          0.0000696968
                        0.0000696968          0.0000000000
   117   86  1         -0.0000098865          0.0000000000         -0.0000098865
                       -0.0000098865          0.0000000000
   117   49  1          0.0000154666          0.0000000000          0.0000154666
                        0.0000154666          0.0000000000
   117   17  1          0.0000005418          0.0000000000          0.0000005418
                        0.0000005418          0.0000000000
   116   58  1          0.0000209721          0.0000000000          0.0000209721
                        0.0000209721          0.0000000000
   116   18  1         -0.0000138029          0.0000000000         -0.0000138029
                       -0.0000138029          0.0000000000
   115   58  1          0.0000059381          0.0000000000          0.0000059381
                        0.0000059381          0.0000000000
   115    2  1          0.0000413015          0.0000000000          0.0000413015
                        0.0000413015          0.0000000000
   160  147  1          0.0001837620          0.0000000000          0.0001837620
                        0.0001837620          0.0000000000
   160   78  1         -0.0000044055          0.0000000000         -0.0000044055
                       -0.0000044055          0.0000000000
   160   51  1          0.0000593266          0.0000000000          0.0000593266
                        0.0000593266          0.0000000000
   157  151  1         -0.0000199917          0.0000000000         -0.0000199917
                       -0.0000199917          0.0000000000
   157  139  1          0.0004415244          0.0000000000          0.0004415244
                        0.0004415244          0.0000000000
   157   73  1         -0.0000204939          0.0000000000         -0.0000204939
                       -0.0000204939          0.0000000000
   157   51  1          0.0002150565          0.0000000000          0.0002150565
                        0.0002150565          0.0000000000
    78   61  1          0.0005106949          0.0000000000          0.0005106949
                        0.0005106949          0.0000000000
   151  117  1          0.0000212729          0.0000000000          0.0000212729
                        0.0000212729          0.0000000000
   150  117  1         -0.0000199052          0.0000000000         -0.0000199052
                       -0.0000199052          0.0000000000
   150   58  1         -0.0003046911          0.0000000000         -0.0003046911
                       -0.0003046911          0.0000000000
   148   61  1         -0.0000110275          0.0000000000         -0.0000110275
                       -0.0000110275          0.0000000000
   147  117  1         -0.0000317827          0.0000000000         -0.0000317827
                       -0.0000317827          0.0000000000
   147    2  1         -0.0000187481          0.0000000000         -0.0000187481
                       -0.0000187481          0.0000000000
    52   18  1         -0.0000245412          0.0000000000         -0.0000245412
                       -0.0000245412          0.0000000000
   101   86  1         -0.0000980257          0.0000000000         -0.0000980257
                       -0.0000980257          0.0000000000
   101   51  1          0.0000109454          0.0000000000          0.0000109454
                        0.0000109454          0.0000000000
    51   18  1          0.0000819271          0.0000000000          0.0000819271
                        0.0000819271          0.0000000000
    71   37  1         -0.0001330457          0.0000000000         -0.0001330457
                       -0.0001330457          0.0000000000
   197  121  1         -0.0002151802          0.0000000000         -0.0002151802
                       -0.0002151802          0.0000000000
   139   92  1          0.0000091064          0.0000000000          0.0000091064
                        0.0000091064          0.0000000000
   139    2  1          0.0000119222          0.0000000000          0.0000119222
                        0.0000119222          0.0000000000
   193  117  1         -0.0000490351          0.0000000000         -0.0000490351
                       -0.0000490351          0.0000000000
   193   58  1         -0.0000091878          0.0000000000         -0.0000091878
                       -0.0000091878          0.0000000000
   136   71  1         -0.0000103487          0.0000000000         -0.0000103487
                       -0.0000103487          0.0000000000
   191  185  1          0.0009269337          0.0000000000          0.0009269337
                        0.0009269337          0.0000000000
   191  147  1         -0.0001076945          0.0000000000         -0.0001076945
                       -0.0001076945          0.0000000000
    49    2  1          0.0000325403          0.0000000000          0.0000325403
                        0.0000325403          0.0000000000
   191   68  1          0.0001112750          0.0000000000          0.0001112750
                        0.0001112750          0.0000000000
   191   48  1          0.0000136107          0.0000000000          0.0000136107
                        0.0000136107          0.0000000000
    48   18  1         -0.0001073296          0.0000000000         -0.0001073296
                       -0.0001073296          0.0000000000
    48    2  1          0.0000085072          0.0000000000          0.0000085072
                        0.0000085072          0.0000000000
   187   28  1          0.0003504191          0.0000000000          0.0003504191
                        0.0003504191          0.0000000000
   185  157  1          0.0002062585          0.0000000000          0.0002062585
                        0.0002062585          0.0000000000
   185   58  1         -0.0000636097          0.0000000000         -0.0000636097
                       -0.0000636097          0.0000000000
    92   52  1          0.0000561338          0.0000000000          0.0000561338
                        0.0000561338          0.0000000000
    92   40  1         -0.0000491276          0.0000000000         -0.0000491276
                       -0.0000491276          0.0000000000
   181  170  1          0.0001059144          0.0000000000          0.0001059144
                        0.0001059144          0.0000000000
   181   28  1         -0.0011677145          0.0000000000         -0.0011677145
                       -0.0011677145          0.0000000000
    64   48  1          0.0000208192          0.0000000000          0.0000208192
                        0.0000208192          0.0000000000
    64   40  1          0.0003834926          0.0000000000          0.0003834926
                        0.0003834926          0.0000000000
    90   51  1         -0.0000732612          0.0000000000         -0.0000732612
                       -0.0000732612          0.0000000000
    64   27  1         -0.0001442548          0.0000000000         -0.0001442548
                       -0.0001442548          0.0000000000
   126  123  1         -0.0013893393          0.0000000000         -0.0013893393
                       -0.0013893393          0.0000000000
    90   16  1         -0.0001647986          0.0000000000         -0.0001647986
                       -0.0001647986          0.0000000000
   126   93  1          0.0000085801          0.0000000000          0.0000085801
                        0.0000085801          0.0000000000
   126   76  1          0.0003344102          0.0000000000          0.0003344102
                        0.0003344102          0.0000000000
   126   62  1          0.0001278954          0.0000000000          0.0001278954
                        0.0001278954          0.0000000000
   126   38  1          0.0000454673          0.0000000000          0.0000454673
                        0.0000454673          0.0000000000
   177  161  1         -0.0005734941          0.0000000000         -0.0005734941
                       -0.0005734941          0.0000000000
   126   13  1          0.0003504539          0.0000000000          0.0003504539
                        0.0003504539          0.0000000000
    89   51  1          0.0000819010          0.0000000000          0.0000819010
                        0.0000819010          0.0000000000
   177  104  1          0.0000204670          0.0000000000          0.0000204670
                        0.0000204670          0.0000000000
   177   90  1          0.0000162626          0.0000000000          0.0000162626
                        0.0000162626          0.0000000000
    89   40  1         -0.0002125015          0.0000000000         -0.0002125015
                       -0.0002125015          0.0000000000
   177   50  1          0.0003471068          0.0000000000          0.0003471068
                        0.0003471068          0.0000000000
    89   27  1          0.0001029306          0.0000000000          0.0001029306
                        0.0001029306          0.0000000000
   177   10  1         -0.0000133051          0.0000000000         -0.0000133051
                       -0.0000133051          0.0000000000
   176  121  1         -0.0004485043          0.0000000000         -0.0004485043
                       -0.0004485043          0.0000000000
   176   22  1         -0.0000462091          0.0000000000         -0.0000462091
                       -0.0000462091          0.0000000000
   175  147  1         -0.0009681941          0.0000000000         -0.0009681941
                       -0.0009681941          0.0000000000
   175  115  1         -0.0001976824          0.0000000000         -0.0001976824
                       -0.0001976824          0.0000000000
   175   51  1         -0.0002174902          0.0000000000         -0.0002174902
                       -0.0002174902          0.0000000000
   175   27  1          0.0003629997          0.0000000000          0.0003629997
                        0.0003629997          0.0000000000
    62   48  1         -0.0001473273          0.0000000000         -0.0001473273
                       -0.0001473273          0.0000000000
   123  115  1          0.0002628934          0.0000000000          0.0002628934
                        0.0002628934          0.0000000000
    32    1  1         -0.0005751941          0.0000000000         -0.0005751941
                       -0.0005751941          0.0000000000
   174    1  1         -0.0005742762          0.0000000000         -0.0005742762
                       -0.0005742762          0.0000000000
   123   17  1          0.0000365213          0.0000000000          0.0000365213
                        0.0000365213          0.0000000000
   122  115  1          0.0005158829          0.0000000000          0.0005158829
                        0.0005158829          0.0000000000
   172  149  1         -0.0000744471          0.0000000000         -0.0000744471
                       -0.0000744471          0.0000000000
   122   73  1          0.0000697192          0.0000000000          0.0000697192
                        0.0000697192          0.0000000000
   172  114  1          0.0006380386          0.0000000000          0.0006380386
                        0.0006380386          0.0000000000
   172   93  1          0.0000060027          0.0000000000          0.0000060027
                        0.0000060027          0.0000000000
   172   85  1         -0.0000354187          0.0000000000         -0.0000354187
                       -0.0000354187          0.0000000000
   172   66  1         -0.0000008512          0.0000000000         -0.0000008512
                       -0.0000008512          0.0000000000
   172   50  1          0.0001148771          0.0000000000          0.0001148771
                        0.0001148771          0.0000000000
   172   24  1         -0.0000595549          0.0000000000         -0.0000595549
                       -0.0000595549          0.0000000000
   122   16  1         -0.0000469407          0.0000000000         -0.0000469407
                       -0.0000469407          0.0000000000
   171  167  1         -0.0004168788          0.0000000000         -0.0004168788
                       -0.0004168788          0.0000000000
   171  148  1         -0.0000674614          0.0000000000         -0.0000674614
                       -0.0000674614          0.0000000000
   171  115  1          0.0000278837          0.0000000000          0.0000278837
                        0.0000278837          0.0000000000
   171   86  1         -0.0000167839          0.0000000000         -0.0000167839
                       -0.0000167839          0.0000000000
   121   75  1         -0.0000145955          0.0000000000         -0.0000145955
                       -0.0000145955          0.0000000000
    86   33  1         -0.0016085720          0.0000000000         -0.0016085720
                       -0.0016085720          0.0000000000
    86   19  1         -0.0001222079          0.0000000000         -0.0001222079
                       -0.0001222079          0.0000000000
    86   13  1         -0.0004424577          0.0000000000         -0.0004424577
                       -0.0004424577          0.0000000000
   170   82  1          0.0000129781          0.0000000000          0.0000129781
                        0.0000129781          0.0000000000
   170   56  1         -0.0000072346          0.0000000000         -0.0000072346
                       -0.0000072346          0.0000000000
    85   51  1         -0.0002349192          0.0000000000         -0.0002349192
                       -0.0002349192          0.0000000000
    85   27  1         -0.0009530888          0.0000000000         -0.0009530888
                       -0.0009530888          0.0000000000
   167  161  1          0.0000166252          0.0000000000          0.0000166252
                        0.0000166252          0.0000000000
   167  146  1         -0.0000412194          0.0000000000         -0.0000412194
                       -0.0000412194          0.0000000000
   167  122  1          0.0005213009          0.0000000000          0.0005213009
                        0.0005213009          0.0000000000
    84   48  1         -0.0000549381          0.0000000000         -0.0000549381
                       -0.0000549381          0.0000000000
   167   89  1          0.0000213231          0.0000000000          0.0000213231
                        0.0000213231          0.0000000000
   167   72  1          0.0000168502          0.0000000000          0.0000168502
                        0.0000168502          0.0000000000
   167   54  1         -0.0000221590          0.0000000000         -0.0000221590
                       -0.0000221590          0.0000000000
   167   33  1          0.0000444944          0.0000000000          0.0000444944
                        0.0000444944          0.0000000000
   167   19  1         -0.0000012661          0.0000000000         -0.0000012661
                       -0.0000012661          0.0000000000
   167    3  1         -0.0000746309          0.0000000000         -0.0000746309
                       -0.0000746309          0.0000000000
   118   49  1         -0.0000461023          0.0000000000         -0.0000461023
                       -0.0000461023          0.0000000000
   165  151  1          0.0000185554          0.0000000000          0.0000185554
                        0.0000185554          0.0000000000
   165  126  1         -0.0002634572          0.0000000000         -0.0002634572
                       -0.0002634572          0.0000000000
   165   73  1         -0.0000004184          0.0000000000         -0.0000004184
                       -0.0000004184          0.0000000000
   165   49  1          0.0000075576          0.0000000000          0.0000075576
                        0.0000075576          0.0000000000
   116  109  1          0.0000669257          0.0000000000          0.0000669257
                        0.0000669257          0.0000000000
   116   93  1         -0.0000150855          0.0000000000         -0.0000150855
                       -0.0000150855          0.0000000000
    82   71  1          0.0001072762          0.0000000000          0.0001072762
                        0.0001072762          0.0000000000
   116   54  1          0.0000184386          0.0000000000          0.0000184386
                        0.0000184386          0.0000000000
   116   38  1          0.0000070319          0.0000000000          0.0000070319
                        0.0000070319          0.0000000000
   116   24  1          0.0000266141          0.0000000000          0.0000266141
                        0.0000266141          0.0000000000
   116   10  1         -0.0000208134          0.0000000000         -0.0000208134
                       -0.0000208134          0.0000000000
   116    3  1         -0.0000123060          0.0000000000         -0.0000123060
                       -0.0000123060          0.0000000000
   163   49  1          0.0000308135          0.0000000000          0.0000308135
                        0.0000308135          0.0000000000
   163   40  1         -0.0000117239          0.0000000000         -0.0000117239
                       -0.0000117239          0.0000000000
   115   90  1         -0.0000568779          0.0000000000         -0.0000568779
                       -0.0000568779          0.0000000000
   115   76  1         -0.0000394574          0.0000000000         -0.0000394574
                       -0.0000394574          0.0000000000
   115   54  1          0.0000260347          0.0000000000          0.0000260347
                        0.0000260347          0.0000000000
   115   24  1          0.0000149718          0.0000000000          0.0000149718
                        0.0000149718          0.0000000000
   115   10  1          0.0000455245          0.0000000000          0.0000455245
                        0.0000455245          0.0000000000
   161  147  1         -0.0001610016          0.0000000000         -0.0001610016
                       -0.0001610016          0.0000000000
   161   94  1          0.0000122942          0.0000000000          0.0000122942
                        0.0000122942          0.0000000000
   114   68  1          0.0000148006          0.0000000000          0.0000148006
                        0.0000148006          0.0000000000
   161   48  1          0.0000600812          0.0000000000          0.0000600812
                        0.0000600812          0.0000000000
   161   27  1          0.0001524294          0.0000000000          0.0001524294
                        0.0001524294          0.0000000000
   114   17  1         -0.0000094140          0.0000000000         -0.0000094140
                       -0.0000094140          0.0000000000
   112   73  1          0.0000169366          0.0000000000          0.0000169366
                        0.0000169366          0.0000000000
   112   48  1          0.0000467171          0.0000000000          0.0000467171
                        0.0000467171          0.0000000000
    40   23  1          0.0000981598          0.0000000000          0.0000981598
                        0.0000981598          0.0000000000
    56   22  1          0.0001114442          0.0000000000          0.0001114442
                        0.0001114442          0.0000000000
    78   62  1         -0.0005307158          0.0000000000         -0.0005307158
                       -0.0005307158          0.0000000000
    78   50  1         -0.0000191648          0.0000000000         -0.0000191648
                       -0.0000191648          0.0000000000
   155  100  1          0.0004628087          0.0000000000          0.0004628087
                        0.0004628087          0.0000000000
   155   28  1         -0.0000550111          0.0000000000         -0.0000550111
                       -0.0000550111          0.0000000000
    78   19  1          0.0001941935          0.0000000000          0.0001941935
                        0.0001941935          0.0000000000
   109   86  1          0.0001569413          0.0000000000          0.0001569413
                        0.0001569413          0.0000000000
   109   68  1          0.0001353010          0.0000000000          0.0001353010
                        0.0001353010          0.0000000000
   109   40  1          0.0000329924          0.0000000000          0.0000329924
                        0.0000329924          0.0000000000
    28   11  1          0.0001979249          0.0000000000          0.0001979249
                        0.0001979249          0.0000000000
   153   78  1         -0.0001351323          0.0000000000         -0.0001351323
                       -0.0001351323          0.0000000000
   153   40  1          0.0000193415          0.0000000000          0.0000193415
                        0.0000193415          0.0000000000
    54   51  1          0.0003200981          0.0000000000          0.0003200981
                        0.0003200981          0.0000000000
   151  146  1          0.0001984879          0.0000000000          0.0001984879
                        0.0001984879          0.0000000000
   151  122  1          0.0000070499          0.0000000000          0.0000070499
                        0.0000070499          0.0000000000
   151  112  1          0.0000221499          0.0000000000          0.0000221499
                        0.0000221499          0.0000000000
   151   90  1          0.0000550291          0.0000000000          0.0000550291
                        0.0000550291          0.0000000000
   151   76  1         -0.0001819256          0.0000000000         -0.0001819256
                       -0.0001819256          0.0000000000
   151   47  1         -0.0006190251          0.0000000000         -0.0006190251
                       -0.0006190251          0.0000000000
   151   24  1         -0.0001473119          0.0000000000         -0.0001473119
                       -0.0001473119          0.0000000000
   151    3  1          0.0000347359          0.0000000000          0.0000347359
                        0.0000347359          0.0000000000
    76   16  1         -0.0003601451          0.0000000000         -0.0003601451
                       -0.0003601451          0.0000000000
   150  122  1         -0.0003814465          0.0000000000         -0.0003814465
                       -0.0003814465          0.0000000000
   150  109  1          0.0000628897          0.0000000000          0.0000628897
                        0.0000628897          0.0000000000
   150   89  1         -0.0000583543          0.0000000000         -0.0000583543
                       -0.0000583543          0.0000000000
   150   66  1         -0.0001049730          0.0000000000         -0.0001049730
                       -0.0001049730          0.0000000000
   150   38  1         -0.0000139608          0.0000000000         -0.0000139608
                       -0.0000139608          0.0000000000
   150   15  1          0.0000458867          0.0000000000          0.0000458867
                        0.0000458867          0.0000000000
    27   19  1          0.0000322699          0.0000000000          0.0000322699
                        0.0000322699          0.0000000000
   149   86  1          0.0006867506          0.0000000000          0.0006867506
                        0.0006867506          0.0000000000
    75   28  1          0.0000760317          0.0000000000          0.0000760317
                        0.0000760317          0.0000000000
   148  137  1         -0.0000687713          0.0000000000         -0.0000687713
                       -0.0000687713          0.0000000000
   148  114  1         -0.0000183214          0.0000000000         -0.0000183214
                       -0.0000183214          0.0000000000
    27   13  1         -0.0000015086          0.0000000000         -0.0000015086
                       -0.0000015086          0.0000000000
   148   84  1          0.0005828182          0.0000000000          0.0005828182
                        0.0005828182          0.0000000000
   148   62  1          0.0000537752          0.0000000000          0.0000537752
                        0.0000537752          0.0000000000
   148   24  1         -0.0002150004          0.0000000000         -0.0002150004
                       -0.0002150004          0.0000000000
   148    5  1         -0.0000295051          0.0000000000         -0.0000295051
                       -0.0000295051          0.0000000000
   147  123  1          0.0001645493          0.0000000000          0.0001645493
                        0.0001645493          0.0000000000
   147  109  1         -0.0000696658          0.0000000000         -0.0000696658
                       -0.0000696658          0.0000000000
   147   93  1          0.0000437383          0.0000000000          0.0000437383
                        0.0000437383          0.0000000000
   147   76  1          0.0000722822          0.0000000000          0.0000722822
                        0.0000722822          0.0000000000
   147   62  1          0.0000619376          0.0000000000          0.0000619376
                        0.0000619376          0.0000000000
   104   52  1          0.0000161241          0.0000000000          0.0000161241
                        0.0000161241          0.0000000000
   104   49  1         -0.0000386528          0.0000000000         -0.0000386528
                       -0.0000386528          0.0000000000
   147    3  1          0.0000410328          0.0000000000          0.0000410328
                        0.0000410328          0.0000000000
   146  126  1          0.0002167946          0.0000000000          0.0002167946
                        0.0002167946          0.0000000000
   146   86  1          0.0000448336          0.0000000000          0.0000448336
                        0.0000448336          0.0000000000
    27    3  1         -0.0002260502          0.0000000000         -0.0002260502
                       -0.0002260502          0.0000000000
   146   49  1          0.0003669571          0.0000000000          0.0003669571
                        0.0003669571          0.0000000000
    73   54  1          0.0000961771          0.0000000000          0.0000961771
                        0.0000961771          0.0000000000
    52   23  1         -0.0000783771          0.0000000000         -0.0000783771
                       -0.0000783771          0.0000000000
    52   13  1          0.0000252946          0.0000000000          0.0000252946
                        0.0000252946          0.0000000000
    52   10  1         -0.0000620227          0.0000000000         -0.0000620227
                       -0.0000620227          0.0000000000
    52    5  1         -0.0000247679          0.0000000000         -0.0000247679
                       -0.0000247679          0.0000000000
    72   68  1         -0.0003241354          0.0000000000         -0.0003241354
                       -0.0003241354          0.0000000000
   102   27  1         -0.0005831114          0.0000000000         -0.0005831114
                       -0.0005831114          0.0000000000
   102   17  1         -0.0000147143          0.0000000000         -0.0000147143
                       -0.0000147143          0.0000000000
    72   17  1         -0.0004268833          0.0000000000         -0.0004268833
                       -0.0004268833          0.0000000000
    51   19  1         -0.0000083863          0.0000000000         -0.0000083863
                       -0.0000083863          0.0000000000
   100   77  1         -0.0006877094          0.0000000000         -0.0006877094
                       -0.0006877094          0.0000000000
   100   56  1          0.0002898644          0.0000000000          0.0002898644
                        0.0002898644          0.0000000000
    71   11  1          0.0001989576          0.0000000000          0.0001989576
                        0.0001989576          0.0000000000
   139  118  1          0.0005545852          0.0000000000          0.0005545852
                        0.0005545852          0.0000000000
   196  193  1         -0.0003997534          0.0000000000         -0.0003997534
                       -0.0003997534          0.0000000000
    50   17  1          0.0000479914          0.0000000000          0.0000479914
                        0.0000479914          0.0000000000
    50   16  1         -0.0000516539          0.0000000000         -0.0000516539
                       -0.0000516539          0.0000000000
   196  139  1          0.0000212716          0.0000000000          0.0000212716
                        0.0000212716          0.0000000000
   139   62  1         -0.0000064139          0.0000000000         -0.0000064139
                       -0.0000064139          0.0000000000
   139   47  1         -0.0000194144          0.0000000000         -0.0000194144
                       -0.0000194144          0.0000000000
   139   33  1          0.0000309782          0.0000000000          0.0000309782
                        0.0000309782          0.0000000000
   139   23  1         -0.0000352787          0.0000000000         -0.0000352787
                       -0.0000352787          0.0000000000
   139   10  1          0.0000329575          0.0000000000          0.0000329575
                        0.0000329575          0.0000000000
    97   94  1         -0.0002264605          0.0000000000         -0.0002264605
                       -0.0002264605          0.0000000000
    97   78  1          0.0000364048          0.0000000000          0.0000364048
                        0.0000364048          0.0000000000
   193  183  1          0.0001233054          0.0000000000          0.0001233054
                        0.0001233054          0.0000000000
   137   73  1          0.0000036181          0.0000000000          0.0000036181
                        0.0000036181          0.0000000000
   193  149  1         -0.0000219051          0.0000000000         -0.0000219051
                       -0.0000219051          0.0000000000
   137   51  1         -0.0000492622          0.0000000000         -0.0000492622
                       -0.0000492622          0.0000000000
    97   52  1          0.0000024500          0.0000000000          0.0000024500
                        0.0000024500          0.0000000000
   193  104  1          0.0001799493          0.0000000000          0.0001799493
                        0.0001799493          0.0000000000
   193   93  1          0.0000704047          0.0000000000          0.0000704047
                        0.0000704047          0.0000000000
   193   84  1         -0.0000598585          0.0000000000         -0.0000598585
                       -0.0000598585          0.0000000000
   193   62  1          0.0000137681          0.0000000000          0.0000137681
                        0.0000137681          0.0000000000
   193   50  1         -0.0000067796          0.0000000000         -0.0000067796
                       -0.0000067796          0.0000000000
    49   19  1          0.0000577553          0.0000000000          0.0000577553
                        0.0000577553          0.0000000000
   193    5  1          0.0005886119          0.0000000000          0.0005886119
                        0.0005886119          0.0000000000
    97   16  1          0.0000335700          0.0000000000          0.0000335700
                        0.0000335700          0.0000000000
   192  147  1         -0.0000195349          0.0000000000         -0.0000195349
                       -0.0000195349          0.0000000000
   192   94  1          0.0000618312          0.0000000000          0.0000618312
                        0.0000618312          0.0000000000
   192   68  1         -0.0000278747          0.0000000000         -0.0000278747
                       -0.0000278747          0.0000000000
   192   48  1          0.0000499893          0.0000000000          0.0000499893
                        0.0000499893          0.0000000000
   192   16  1         -0.0000012898          0.0000000000         -0.0000012898
                       -0.0000012898          0.0000000000
    68   38  1          0.0000002740          0.0000000000          0.0000002740
                        0.0000002740          0.0000000000
    68   19  1         -0.0000139539          0.0000000000         -0.0000139539
                       -0.0000139539          0.0000000000
   189  167  1         -0.0004973052          0.0000000000         -0.0004973052
                       -0.0004973052          0.0000000000
   189  147  1          0.0001018195          0.0000000000          0.0001018195
                        0.0001018195          0.0000000000
   189   94  1          0.0000009474          0.0000000000          0.0000009474
                        0.0000009474          0.0000000000
   189   68  1         -0.0001396204          0.0000000000         -0.0001396204
                       -0.0001396204          0.0000000000
   189   40  1         -0.0000355663          0.0000000000         -0.0000355663
                       -0.0000355663          0.0000000000
   188  167  1         -0.0000556873          0.0000000000         -0.0000556873
                       -0.0000556873          0.0000000000
   188  147  1         -0.0001235800          0.0000000000         -0.0001235800
                       -0.0001235800          0.0000000000
   188   94  1          0.0000628389          0.0000000000          0.0000628389
                        0.0000628389          0.0000000000
   188   73  1          0.0000077946          0.0000000000          0.0000077946
                        0.0000077946          0.0000000000
   188   49  1          0.0000333853          0.0000000000          0.0000333853
                        0.0000333853          0.0000000000
    94   76  1          0.0001421157          0.0000000000          0.0001421157
                        0.0001421157          0.0000000000
    94   62  1         -0.0001864373          0.0000000000         -0.0001864373
                       -0.0001864373          0.0000000000
    94   47  1         -0.0000242171          0.0000000000         -0.0000242171
                       -0.0000242171          0.0000000000
    24   16  1          0.0001496415          0.0000000000          0.0001496415
                        0.0001496415          0.0000000000
   132   86  1         -0.0000270754          0.0000000000         -0.0000270754
                       -0.0000270754          0.0000000000
    94   13  1          0.0001039620          0.0000000000          0.0001039620
                        0.0001039620          0.0000000000
   132   51  1          0.0004357361          0.0000000000          0.0004357361
                        0.0004357361          0.0000000000
   132   27  1         -0.0009512413          0.0000000000         -0.0009512413
                       -0.0009512413          0.0000000000
    66   52  1          0.0000116582          0.0000000000          0.0000116582
                        0.0000116582          0.0000000000
   185  175  1          0.0009728682          0.0000000000          0.0009728682
                        0.0009728682          0.0000000000
   185  161  1          0.0001879579          0.0000000000          0.0001879579
                        0.0001879579          0.0000000000
    66   40  1          0.0001507588          0.0000000000          0.0001507588
                        0.0001507588          0.0000000000
    93   51  1          0.0000175784          0.0000000000          0.0000175784
                        0.0000175784          0.0000000000
   185  102  1         -0.0004811828          0.0000000000         -0.0004811828
                       -0.0004811828          0.0000000000
   185   85  1         -0.0001485183          0.0000000000         -0.0001485183
                       -0.0001485183          0.0000000000
    93   40  1         -0.0000980623          0.0000000000         -0.0000980623
                       -0.0000980623          0.0000000000
   185   47  1          0.0000253780          0.0000000000          0.0000253780
                        0.0000253780          0.0000000000
   185   24  1         -0.0002318090          0.0000000000         -0.0002318090
                       -0.0002318090          0.0000000000
   185    5  1         -0.0000296064          0.0000000000         -0.0000296064
                       -0.0000296064          0.0000000000
   131   28  1         -0.0002445736          0.0000000000         -0.0002445736
                       -0.0002445736          0.0000000000
   184  151  1         -0.0000662551          0.0000000000         -0.0000662551
                       -0.0000662551          0.0000000000
   184  139  1          0.0000663672          0.0000000000          0.0000663672
                        0.0000663672          0.0000000000
   184   94  1          0.0000558995          0.0000000000          0.0000558995
                        0.0000558995          0.0000000000
   184   73  1         -0.0000321634          0.0000000000         -0.0000321634
                       -0.0000321634          0.0000000000
   184   27  1         -0.0002272641          0.0000000000         -0.0002272641
                       -0.0002272641          0.0000000000
   183  177  1         -0.0001151210          0.0000000000         -0.0001151210
                       -0.0001151210          0.0000000000
   183  139  1          0.0000171279          0.0000000000          0.0000171279
                        0.0000171279          0.0000000000
   183   94  1         -0.0000729065          0.0000000000         -0.0000729065
                       -0.0000729065          0.0000000000
   183   49  1          0.0003272010          0.0000000000          0.0003272010
                        0.0003272010          0.0000000000
   183   16  1         -0.0000505274          0.0000000000         -0.0000505274
                       -0.0000505274          0.0000000000
   129    1  1         -0.0217301088          0.0000000000         -0.0217301088
                       -0.0217301088          0.0000000000
   128   28  1         -0.0009784439          0.0000000000         -0.0009784439
                       -0.0009784439          0.0000000000
   126   65  1         -0.0003823098          0.0000000000         -0.0003823098
                       -0.0003823098          0.0000000000
   126   21  1         -0.0000541445          0.0000000000         -0.0000541445
                       -0.0000541445          0.0000000000
   124  100  1         -0.0307720870          0.0000000000         -0.0307720870
                       -0.0307720870          0.0000000000
   172  134  1         -0.0013965679          0.0000000000         -0.0013965679
                       -0.0013965679          0.0000000000
    86   65  1          0.0010981568          0.0000000000          0.0010981568
                        0.0010981568          0.0000000000
    86   21  1          0.0032406643          0.0000000000          0.0032406643
                        0.0032406643          0.0000000000
   170  124  1         -0.0013140649          0.0000000000         -0.0013140649
                       -0.0013140649          0.0000000000
   120   94  1         -0.0006826336          0.0000000000         -0.0006826336
                       -0.0006826336          0.0000000000
   120   68  1          0.0005997120          0.0000000000          0.0005997120
                        0.0005997120          0.0000000000
   120   40  1          0.0002600788          0.0000000000          0.0002600788
                        0.0002600788          0.0000000000
   167  134  1         -0.0002453907          0.0000000000         -0.0002453907
                       -0.0002453907          0.0000000000
   167   34  1          0.0004321951          0.0000000000          0.0004321951
                        0.0004321951          0.0000000000
   164  148  1          0.0001887692          0.0000000000          0.0001887692
                        0.0001887692          0.0000000000
   164   86  1          0.0000812957          0.0000000000          0.0000812957
                        0.0000812957          0.0000000000
   164   52  1          0.0002225134          0.0000000000          0.0002225134
                        0.0002225134          0.0000000000
   164   27  1         -0.0010225356          0.0000000000         -0.0010225356
                       -0.0010225356          0.0000000000
   116   34  1          0.0001916169          0.0000000000          0.0001916169
                        0.0001916169          0.0000000000
   115   34  1          0.0004296649          0.0000000000          0.0004296649
                        0.0004296649          0.0000000000
   159   71  1         -0.0002563228          0.0000000000         -0.0002563228
                       -0.0002563228          0.0000000000
   159    1  1         -0.0159508494          0.0000000000         -0.0159508494
                       -0.0159508494          0.0000000000
   151  133  1          0.0000655611          0.0000000000          0.0000655611
                        0.0000655611          0.0000000000
   150  134  1          0.0011804211          0.0000000000          0.0011804211
                        0.0011804211          0.0000000000
   150   35  1         -0.0009915018          0.0000000000         -0.0009915018
                       -0.0009915018          0.0000000000
   148   65  1         -0.0002950455          0.0000000000         -0.0002950455
                       -0.0002950455          0.0000000000
   147  133  1          0.0020180996          0.0000000000          0.0020180996
                        0.0020180996          0.0000000000
   147   21  1         -0.0009998328          0.0000000000         -0.0009998328
                       -0.0009998328          0.0000000000
    73   35  1         -0.0014303187          0.0000000000         -0.0014303187
                       -0.0014303187          0.0000000000
    71   60  1         -0.0026392528          0.0000000000         -0.0026392528
                       -0.0026392528          0.0000000000
   100   25  1         -0.0254873225          0.0000000000         -0.0254873225
                       -0.0254873225          0.0000000000
   139   35  1          0.0002109345          0.0000000000          0.0002109345
                        0.0002109345          0.0000000000
    35   17  1          0.0029279213          0.0000000000          0.0029279213
                        0.0029279213          0.0000000000
   193  120  1          0.0022622341          0.0000000000          0.0022622341
                        0.0022622341          0.0000000000
    68   35  1          0.0000262573          0.0000000000          0.0000262573
                        0.0000262573          0.0000000000
   134  126  1         -0.0004255480          0.0000000000         -0.0004255480
                       -0.0004255480          0.0000000000
   134   86  1         -0.0002896955          0.0000000000         -0.0002896955
                       -0.0002896955          0.0000000000
   134   51  1          0.0022835571          0.0000000000          0.0022835571
                        0.0022835571          0.0000000000
   134   17  1          0.0001390458          0.0000000000          0.0001390458
                        0.0001390458          0.0000000000
   133   94  1         -0.0002421861          0.0000000000         -0.0002421861
                       -0.0002421861          0.0000000000
   133   52  1         -0.0000645740          0.0000000000         -0.0000645740
                       -0.0000645740          0.0000000000
   133   40  1          0.0002850839          0.0000000000          0.0002850839
                        0.0002850839          0.0000000000
    94   21  1          0.0021807091          0.0000000000          0.0021807091
                        0.0021807091          0.0000000000
   185  120  1          0.0034999351          0.0000000000          0.0034999351
                        0.0034999351          0.0000000000
    65   51  1         -0.0001563431          0.0000000000         -0.0001563431
                       -0.0001563431          0.0000000000
   129  100  1         -0.0219997080          0.0000000000         -0.0219997080
                       -0.0219997080          0.0000000000
   180  127  1         -0.0003266580          0.0000000000         -0.0003266580
                       -0.0003266580          0.0000000000
   180   71  1          0.0000588050          0.0000000000          0.0000588050
                        0.0000588050          0.0000000000
   180    1  1          0.0001568025          0.0000000000          0.0001568025
                        0.0001568025          0.0000000000
   127   79  1          0.0002753544          0.0000000000          0.0002753544
                        0.0002753544          0.0000000000
   127   44  1          0.0000647376          0.0000000000          0.0000647376
                        0.0000647376          0.0000000000
   179   22  1          0.0000555209          0.0000000000          0.0000555209
                        0.0000555209          0.0000000000
   178  121  1         -0.0000327912          0.0000000000         -0.0000327912
                       -0.0000327912          0.0000000000
   178   22  1         -0.0000374916          0.0000000000         -0.0000374916
                       -0.0000374916          0.0000000000
   125   22  1          0.0003624707          0.0000000000          0.0003624707
                        0.0003624707          0.0000000000
   173  170  1         -0.0010550098          0.0000000000         -0.0010550098
                       -0.0010550098          0.0000000000
   173   28  1          0.0000937403          0.0000000000          0.0000937403
                        0.0000937403          0.0000000000
   121  108  1          0.0005310010          0.0000000000          0.0005310010
                        0.0005310010          0.0000000000
   121   79  1         -0.0000376660          0.0000000000         -0.0000376660
                       -0.0000376660          0.0000000000
   121   39  1         -0.0000053458          0.0000000000         -0.0000053458
                       -0.0000053458          0.0000000000
   170  125  1         -0.0002936120          0.0000000000         -0.0002936120
                       -0.0002936120          0.0000000000
   170  103  1         -0.0000222985          0.0000000000         -0.0000222985
                       -0.0000222985          0.0000000000
   170   79  1          0.0000103626          0.0000000000          0.0000103626
                        0.0000103626          0.0000000000
   170   39  1         -0.0000183936          0.0000000000         -0.0000183936
                       -0.0000183936          0.0000000000
    31    1  1          0.0006293033          0.0000000000          0.0006293033
                        0.0006293033          0.0000000000
   162  100  1          0.0001610854          0.0000000000          0.0001610854
                        0.0001610854          0.0000000000
    81   22  1          0.0002759957          0.0000000000          0.0002759957
                        0.0002759957          0.0000000000
    80   22  1          0.0003007404          0.0000000000          0.0003007404
                        0.0003007404          0.0000000000
   111   28  1          0.0008056447          0.0000000000          0.0008056447
                        0.0008056447          0.0000000000
    39   28  1         -0.0001346991          0.0000000000         -0.0001346991
                       -0.0001346991          0.0000000000
   108   22  1          0.0001506949          0.0000000000          0.0001506949
                        0.0001506949          0.0000000000
    74   28  1          0.0001356329          0.0000000000          0.0001356329
                        0.0001356329          0.0000000000
   103   22  1         -0.0000431578          0.0000000000         -0.0000431578
                       -0.0000431578          0.0000000000
   143   71  1          0.0000024922          0.0000000000          0.0000024922
                        0.0000024922          0.0000000000
   100   91  1          0.0006919877          0.0000000000          0.0006919877
                        0.0006919877          0.0000000000
   100   63  1         -0.0003544857          0.0000000000         -0.0003544857
                       -0.0003544857          0.0000000000
    71   26  1         -0.0002827010          0.0000000000         -0.0002827010
                       -0.0002827010          0.0000000000
    71    9  1          0.0000823874          0.0000000000          0.0000823874
                        0.0000823874          0.0000000000
   138  127  1         -0.0001276589          0.0000000000         -0.0001276589
                       -0.0001276589          0.0000000000
   195  100  1         -0.0008572547          0.0000000000         -0.0008572547
                       -0.0008572547          0.0000000000
   138   28  1          0.0000360690          0.0000000000          0.0000360690
                        0.0000360690          0.0000000000
    96   22  1         -0.0002320524          0.0000000000         -0.0002320524
                       -0.0002320524          0.0000000000
   190   71  1         -0.0000130389          0.0000000000         -0.0000130389
                       -0.0000130389          0.0000000000
   130  100  1          0.0006131696          0.0000000000          0.0006131696
                        0.0006131696          0.0000000000
   127   67  1         -0.0001823157          0.0000000000         -0.0001823157
                       -0.0001823157          0.0000000000
   170   67  1          0.0000185414          0.0000000000          0.0000185414
                        0.0000185414          0.0000000000
   166    1  1         -0.0000910330          0.0000000000         -0.0000910330
                       -0.0000910330          0.0000000000
   199  113  1          0.0001792489          0.0000000000          0.0001792489
                        0.0001792489          0.0000000000
   199   14  1          0.0001112511          0.0000000000          0.0001112511
                        0.0001112511          0.0000000000
   194  121  1          0.0003338658          0.0000000000          0.0003338658
                        0.0003338658          0.0000000000
    95   71  1          0.0010716284          0.0000000000          0.0010716284
                        0.0010716284          0.0000000000
    67   22  1          0.0003596582          0.0000000000          0.0003596582
                        0.0003596582          0.0000000000
   182   52  1         -0.0000826443          0.0000000000         -0.0000826443
                       -0.0000826443          0.0000000000
   182   17  1          0.0000321880          0.0000000000          0.0000321880
                        0.0000321880          0.0000000000
   177   98  1         -0.0000495467          0.0000000000         -0.0000495467
                       -0.0000495467          0.0000000000
    88   68  1          0.0004621288          0.0000000000          0.0004621288
                        0.0004621288          0.0000000000
    88   27  1          0.0036250700          0.0000000000          0.0036250700
                        0.0036250700          0.0000000000
   172   88  1          0.0000016855          0.0000000000          0.0000016855
                        0.0000016855          0.0000000000
   167   98  1          0.0000621470          0.0000000000          0.0000621470
                        0.0000621470          0.0000000000
    83   73  1         -0.0000611137          0.0000000000         -0.0000611137
                       -0.0000611137          0.0000000000
    83   40  1         -0.0000815429          0.0000000000         -0.0000815429
                       -0.0000815429          0.0000000000
   116   88  1         -0.0000079146          0.0000000000         -0.0000079146
                       -0.0000079146          0.0000000000
    40   37  1         -0.0007663446          0.0000000000         -0.0007663446
                       -0.0007663446          0.0000000000
   151   83  1         -0.0005784254          0.0000000000         -0.0005784254
                       -0.0005784254          0.0000000000
   150   37  1         -0.0001696560          0.0000000000         -0.0001696560
                       -0.0001696560          0.0000000000
   147  136  1          0.0001167232          0.0000000000          0.0001167232
                        0.0001167232          0.0000000000
    37   27  1         -0.0000538778          0.0000000000         -0.0000538778
                       -0.0000538778          0.0000000000
   197  193  1         -0.0003423720          0.0000000000         -0.0003423720
                       -0.0003423720          0.0000000000
   197  151  1         -0.0000544386          0.0000000000         -0.0000544386
                       -0.0000544386          0.0000000000
   197  116  1          0.0000211975          0.0000000000          0.0000211975
                        0.0000211975          0.0000000000
   197   73  1         -0.0001214997          0.0000000000         -0.0001214997
                       -0.0001214997          0.0000000000
   197   48  1         -0.0000377499          0.0000000000         -0.0000377499
                       -0.0000377499          0.0000000000
   139   88  1          0.0000327723          0.0000000000          0.0000327723
                        0.0000327723          0.0000000000
    98   73  1         -0.0000060274          0.0000000000         -0.0000060274
                       -0.0000060274          0.0000000000
    98   40  1         -0.0000119972          0.0000000000         -0.0000119972
                       -0.0000119972          0.0000000000
   193  187  1         -0.0008114847          0.0000000000         -0.0008114847
                       -0.0008114847          0.0000000000
   193   37  1          0.0000105803          0.0000000000          0.0000105803
                        0.0000105803          0.0000000000
   136   86  1         -0.0000117961          0.0000000000         -0.0000117961
                       -0.0000117961          0.0000000000
   136   49  1         -0.0000634992          0.0000000000         -0.0000634992
                       -0.0000634992          0.0000000000
   136   16  1          0.0000093014          0.0000000000          0.0000093014
                        0.0000093014          0.0000000000
   187  167  1          0.0004682767          0.0000000000          0.0004682767
                        0.0004682767          0.0000000000
   187  139  1         -0.0000722279          0.0000000000         -0.0000722279
                       -0.0000722279          0.0000000000
   187   68  1          0.0002047454          0.0000000000          0.0002047454
                        0.0002047454          0.0000000000
   187   40  1          0.0000338169          0.0000000000          0.0000338169
                        0.0000338169          0.0000000000
   185  136  1         -0.0000127049          0.0000000000         -0.0000127049
                       -0.0000127049          0.0000000000
   182  172  1         -0.0001470893          0.0000000000         -0.0001470893
                       -0.0001470893          0.0000000000
   182  147  1          0.0004240291          0.0000000000          0.0004240291
                        0.0004240291          0.0000000000
   181  177  1         -0.0000052726          0.0000000000         -0.0000052726
                       -0.0000052726          0.0000000000
   181  148  1          0.0001301261          0.0000000000          0.0001301261
                        0.0001301261          0.0000000000
   181   94  1          0.0000150042          0.0000000000          0.0000150042
                        0.0000150042          0.0000000000
   181   52  1         -0.0005263092          0.0000000000         -0.0005263092
                       -0.0005263092          0.0000000000
   181   17  1          0.0000079617          0.0000000000          0.0000079617
                        0.0000079617          0.0000000000
   126   77  1         -0.0003113991          0.0000000000         -0.0003113991
                       -0.0003113991          0.0000000000
   177   82  1         -0.0000249837          0.0000000000         -0.0000249837
                       -0.0000249837          0.0000000000
    32   17  1         -0.0000101645          0.0000000000         -0.0000101645
                       -0.0000101645          0.0000000000
   176  150  1          0.0002432433          0.0000000000          0.0002432433
                        0.0002432433          0.0000000000
   176  116  1         -0.0003448628          0.0000000000         -0.0003448628
                       -0.0003448628          0.0000000000
   176   68  1          0.0000519794          0.0000000000          0.0000519794
                        0.0000519794          0.0000000000
   176   40  1          0.0000250665          0.0000000000          0.0000250665
                        0.0000250665          0.0000000000
   174  150  1         -0.0000055081          0.0000000000         -0.0000055081
                       -0.0000055081          0.0000000000
   174  116  1         -0.0004058614          0.0000000000         -0.0004058614
                       -0.0004058614          0.0000000000
   174   68  1          0.0000391192          0.0000000000          0.0000391192
                        0.0000391192          0.0000000000
   174   40  1          0.0000104128          0.0000000000          0.0000104128
                        0.0000104128          0.0000000000
   172  110  1         -0.0000402840          0.0000000000         -0.0000402840
                       -0.0000402840          0.0000000000
    86   82  1         -0.0003821002          0.0000000000         -0.0003821002
                       -0.0003821002          0.0000000000
    86   11  1         -0.0009883286          0.0000000000         -0.0009883286
                       -0.0009883286          0.0000000000
   167   77  1          0.0000430674          0.0000000000          0.0000430674
                        0.0000430674          0.0000000000
    82   78  1         -0.0000597014          0.0000000000         -0.0000597014
                       -0.0000597014          0.0000000000
   116   56  1          0.0000165865          0.0000000000          0.0000165865
                        0.0000165865          0.0000000000
   116   11  1          0.0000207568          0.0000000000          0.0000207568
                        0.0000207568          0.0000000000
   115   77  1          0.0000328768          0.0000000000          0.0000328768
                        0.0000328768          0.0000000000
   115   11  1         -0.0000029205          0.0000000000         -0.0000029205
                       -0.0000029205          0.0000000000
    56   40  1         -0.0001526688          0.0000000000         -0.0001526688
                       -0.0001526688          0.0000000000
   110   86  1         -0.0001828503          0.0000000000         -0.0001828503
                       -0.0001828503          0.0000000000
   155  139  1         -0.0001050060          0.0000000000         -0.0001050060
                       -0.0001050060          0.0000000000
   110   52  1         -0.0000834560          0.0000000000         -0.0000834560
                       -0.0000834560          0.0000000000
   155   86  1         -0.0000487628          0.0000000000         -0.0000487628
                       -0.0000487628          0.0000000000
   155   51  1         -0.0001634339          0.0000000000         -0.0001634339
                       -0.0001634339          0.0000000000
   155   27  1          0.0001290211          0.0000000000          0.0001290211
                        0.0001290211          0.0000000000
    77   73  1         -0.0003678284          0.0000000000         -0.0003678284
                       -0.0003678284          0.0000000000
    77   48  1         -0.0000423055          0.0000000000         -0.0000423055
                       -0.0000423055          0.0000000000
   151  110  1          0.0000512184          0.0000000000          0.0000512184
                        0.0000512184          0.0000000000
   151   32  1          0.0000445073          0.0000000000          0.0000445073
                        0.0000445073          0.0000000000
   150   75  1          0.0000965495          0.0000000000          0.0000965495
                        0.0000965495          0.0000000000
    75   51  1          0.0001037473          0.0000000000          0.0001037473
                        0.0001037473          0.0000000000
    75   17  1         -0.0004997515          0.0000000000         -0.0004997515
                       -0.0004997515          0.0000000000
   148   82  1         -0.0001509944          0.0000000000         -0.0001509944
                       -0.0001509944          0.0000000000
   148   11  1          0.0001515866          0.0000000000          0.0001515866
                        0.0001515866          0.0000000000
   147   75  1          0.0000690503          0.0000000000          0.0000690503
                        0.0000690503          0.0000000000
    73   56  1          0.0001899875          0.0000000000          0.0001899875
                        0.0001899875          0.0000000000
    51   11  1         -0.0000001320          0.0000000000         -0.0000001320
                       -0.0000001320          0.0000000000
   139   75  1          0.0000116297          0.0000000000          0.0000116297
                        0.0000116297          0.0000000000
   193  181  1         -0.0000468032          0.0000000000         -0.0000468032
                       -0.0000468032          0.0000000000
   193   82  1          0.0000338999          0.0000000000          0.0000338999
                        0.0000338999          0.0000000000
   193   32  1          0.0000141556          0.0000000000          0.0000141556
                        0.0000141556          0.0000000000
    48   11  1         -0.0000454096          0.0000000000         -0.0000454096
                       -0.0000454096          0.0000000000
    94   32  1          0.0000124070          0.0000000000          0.0000124070
                        0.0000124070          0.0000000000
   131  116  1          0.0000870888          0.0000000000          0.0000870888
                        0.0000870888          0.0000000000
   131   86  1          0.0001466079          0.0000000000          0.0001466079
                        0.0001466079          0.0000000000
   131   68  1          0.0000168186          0.0000000000          0.0000168186
                        0.0000168186          0.0000000000
   131   49  1          0.0003285435          0.0000000000          0.0003285435
                        0.0003285435          0.0000000000
   131   17  1         -0.0000244941          0.0000000000         -0.0000244941
                       -0.0000244941          0.0000000000
   129   48  1         -0.0003417515          0.0000000000         -0.0003417515
                       -0.0003417515          0.0000000000
   128   94  1          0.0004682393          0.0000000000          0.0004682393
                        0.0004682393          0.0000000000
   128   52  1          0.0011000790          0.0000000000          0.0011000790
                        0.0011000790          0.0000000000
   128   17  1          0.0000349622          0.0000000000          0.0000349622
                        0.0000349622          0.0000000000
   126   29  1         -0.0059557971          0.0000000000         -0.0059557971
                       -0.0059557971          0.0000000000
   177   29  1         -0.0009274277          0.0000000000         -0.0009274277
                       -0.0009274277          0.0000000000
   124   86  1          0.0000286601          0.0000000000          0.0000286601
                        0.0000286601          0.0000000000
   124   49  1         -0.0020644593          0.0000000000         -0.0020644593
                       -0.0020644593          0.0000000000
   172  128  1         -0.0011398319          0.0000000000         -0.0011398319
                       -0.0011398319          0.0000000000
   172   25  1         -0.0005033490          0.0000000000         -0.0005033490
                       -0.0005033490          0.0000000000
    60   27  1          0.0008315518          0.0000000000          0.0008315518
                        0.0008315518          0.0000000000
   167  128  1          0.0008267713          0.0000000000          0.0008267713
                        0.0008267713          0.0000000000
   167   25  1          0.0011839898          0.0000000000          0.0011839898
                        0.0011839898          0.0000000000
   116   29  1         -0.0000304702          0.0000000000         -0.0000304702
                       -0.0000304702          0.0000000000
    29   17  1          0.0003413974          0.0000000000          0.0003413974
                        0.0003413974          0.0000000000
   159  147  1          0.0021793990          0.0000000000          0.0021793990
                        0.0021793990          0.0000000000
   159   86  1          0.0001925851          0.0000000000          0.0001925851
                        0.0001925851          0.0000000000
   159   49  1         -0.0009458462          0.0000000000         -0.0009458462
                       -0.0009458462          0.0000000000
   159   16  1          0.0004535666          0.0000000000          0.0004535666
                        0.0004535666          0.0000000000
    78   25  1         -0.0008973170          0.0000000000         -0.0008973170
                       -0.0008973170          0.0000000000
   151   30  1          0.0012079128          0.0000000000          0.0012079128
                        0.0012079128          0.0000000000
   150   60  1         -0.0002176087          0.0000000000         -0.0002176087
                       -0.0002176087          0.0000000000
   148  128  1          0.0022985351          0.0000000000          0.0022985351
                        0.0022985351          0.0000000000
   147  129  1          0.0008837990          0.0000000000          0.0008837990
                        0.0008837990          0.0000000000
   147   29  1         -0.0001779155          0.0000000000         -0.0001779155
                       -0.0001779155          0.0000000000
    73   29  1         -0.0012420005          0.0000000000         -0.0012420005
                       -0.0012420005          0.0000000000
   139  129  1          0.0007727220          0.0000000000          0.0007727220
                        0.0007727220          0.0000000000
   139   29  1          0.0006285729          0.0000000000          0.0006285729
                        0.0006285729          0.0000000000
    49   30  1          0.0047127308          0.0000000000          0.0047127308
                        0.0047127308          0.0000000000
   193   60  1          0.0000204641          0.0000000000          0.0000204641
                        0.0000204641          0.0000000000
    68   29  1          0.0009770918          0.0000000000          0.0009770918
                        0.0009770918          0.0000000000
    94   60  1          0.0002889397          0.0000000000          0.0002889397
                        0.0002889397          0.0000000000
   185   30  1          0.0008814718          0.0000000000          0.0008814718
                        0.0008814718          0.0000000000
   129  115  1          0.0006207298          0.0000000000          0.0006207298
                        0.0006207298          0.0000000000
    91   73  1          0.0002919278          0.0000000000          0.0002919278
                        0.0002919278          0.0000000000
    91   49  1         -0.0000793615          0.0000000000         -0.0000793615
                       -0.0000793615          0.0000000000
    91   16  1          0.0001995242          0.0000000000          0.0001995242
                        0.0001995242          0.0000000000
   180  147  1          0.0007434939          0.0000000000          0.0007434939
                        0.0007434939          0.0000000000
   180   78  1          0.0000133056          0.0000000000          0.0000133056
                        0.0000133056          0.0000000000
   180   27  1         -0.0000011399          0.0000000000         -0.0000011399
                       -0.0000011399          0.0000000000
   179  151  1          0.0003234423          0.0000000000          0.0003234423
                        0.0003234423          0.0000000000
   179  126  1          0.0000314463          0.0000000000          0.0000314463
                        0.0000314463          0.0000000000
   179   78  1         -0.0000241038          0.0000000000         -0.0000241038
                       -0.0000241038          0.0000000000
   179   40  1         -0.0000083171          0.0000000000         -0.0000083171
                       -0.0000083171          0.0000000000
   178  167  1         -0.0000153424          0.0000000000         -0.0000153424
                       -0.0000153424          0.0000000000
   178  139  1          0.0003623611          0.0000000000          0.0003623611
                        0.0003623611          0.0000000000
   126   96  1         -0.0003195223          0.0000000000         -0.0003195223
                       -0.0003195223          0.0000000000
   126   79  1         -0.0001792423          0.0000000000         -0.0001792423
                       -0.0001792423          0.0000000000
   178   52  1         -0.0002651061          0.0000000000         -0.0002651061
                       -0.0002651061          0.0000000000
   178   27  1         -0.0002322223          0.0000000000         -0.0002322223
                       -0.0002322223          0.0000000000
    63   52  1         -0.0000547709          0.0000000000         -0.0000547709
                       -0.0000547709          0.0000000000
    63   49  1          0.0001360103          0.0000000000          0.0001360103
                        0.0001360103          0.0000000000
   177  111  1         -0.0000522197          0.0000000000         -0.0000522197
                       -0.0000522197          0.0000000000
   125  116  1          0.0000443445          0.0000000000          0.0000443445
                        0.0000443445          0.0000000000
   177   74  1          0.0000409439          0.0000000000          0.0000409439
                        0.0000409439          0.0000000000
   125   94  1         -0.0001659653          0.0000000000         -0.0001659653
                       -0.0001659653          0.0000000000
   177   31  1         -0.0000787476          0.0000000000         -0.0000787476
                       -0.0000787476          0.0000000000
   177   12  1         -0.0000064095          0.0000000000         -0.0000064095
                       -0.0000064095          0.0000000000
   125   73  1         -0.0000231206          0.0000000000         -0.0000231206
                       -0.0000231206          0.0000000000
   125   51  1          0.0003708468          0.0000000000          0.0003708468
                        0.0003708468          0.0000000000
    63   27  1          0.0000919509          0.0000000000          0.0000919509
                        0.0000919509          0.0000000000
   125   17  1          0.0000494689          0.0000000000          0.0000494689
                        0.0000494689          0.0000000000
    63   17  1          0.0003583674          0.0000000000          0.0003583674
                        0.0003583674          0.0000000000
    44   27  1          0.0001018680          0.0000000000          0.0001018680
                        0.0001018680          0.0000000000
   173  151  1          0.0001092295          0.0000000000          0.0001092295
                        0.0001092295          0.0000000000
   173  147  1         -0.0002810225          0.0000000000         -0.0002810225
                       -0.0002810225          0.0000000000
   173  116  1          0.0002385245          0.0000000000          0.0002385245
                        0.0002385245          0.0000000000
   173   78  1          0.0000417618          0.0000000000          0.0000417618
                        0.0000417618          0.0000000000
   173   52  1         -0.0001381289          0.0000000000         -0.0001381289
                       -0.0001381289          0.0000000000
   173   48  1         -0.0000031388          0.0000000000         -0.0000031388
                       -0.0000031388          0.0000000000
   173   16  1         -0.0000266028          0.0000000000         -0.0000266028
                       -0.0000266028          0.0000000000
   172  143  1         -0.0003585651          0.0000000000         -0.0003585651
                       -0.0003585651          0.0000000000
   172  111  1         -0.0000953318          0.0000000000         -0.0000953318
                       -0.0000953318          0.0000000000
   172   79  1          0.0000190858          0.0000000000          0.0000190858
                        0.0000190858          0.0000000000
   172   63  1         -0.0000137978          0.0000000000         -0.0000137978
                       -0.0000137978          0.0000000000
   172   26  1         -0.0000489199          0.0000000000         -0.0000489199
                       -0.0000489199          0.0000000000
    31   17  1         -0.0001199520          0.0000000000         -0.0001199520
                       -0.0001199520          0.0000000000
    86    4  1          0.0003914807          0.0000000000          0.0003914807
                        0.0003914807          0.0000000000
   167  130  1          0.0000758387          0.0000000000          0.0000758387
                        0.0000758387          0.0000000000
   167   81  1         -0.0000016266          0.0000000000         -0.0000016266
                       -0.0000016266          0.0000000000
   167   39  1          0.0000057017          0.0000000000          0.0000057017
                        0.0000057017          0.0000000000
   116  111  1          0.0005503668          0.0000000000          0.0005503668
                        0.0005503668          0.0000000000
   116   80  1          0.0000224449          0.0000000000          0.0000224449
                        0.0000224449          0.0000000000
   116   39  1          0.0000088016          0.0000000000          0.0000088016
                        0.0000088016          0.0000000000
   115  111  1         -0.0001964462          0.0000000000         -0.0001964462
                       -0.0001964462          0.0000000000
   115   81  1         -0.0000390346          0.0000000000         -0.0000390346
                       -0.0000390346          0.0000000000
   162  148  1          0.0000890938          0.0000000000          0.0000890938
                        0.0000890938          0.0000000000
   162  116  1         -0.0004407789          0.0000000000         -0.0004407789
                       -0.0004407789          0.0000000000
   162   78  1         -0.0000294955          0.0000000000         -0.0000294955
                       -0.0000294955          0.0000000000
    81   73  1         -0.0001391113          0.0000000000         -0.0001391113
                       -0.0001391113          0.0000000000
    81   68  1         -0.0000539132          0.0000000000         -0.0000539132
                       -0.0000539132          0.0000000000
   115    4  1          0.0000596761          0.0000000000          0.0000596761
                        0.0000596761          0.0000000000
    81   27  1          0.0004634705          0.0000000000          0.0004634705
                        0.0004634705          0.0000000000
    80   51  1         -0.0007768220          0.0000000000         -0.0007768220
                       -0.0007768220          0.0000000000
    80   17  1         -0.0000755397          0.0000000000         -0.0000755397
                       -0.0000755397          0.0000000000
    79   52  1         -0.0000428735          0.0000000000         -0.0000428735
                       -0.0000428735          0.0000000000
   111   86  1         -0.0000418509          0.0000000000         -0.0000418509
                       -0.0000418509          0.0000000000
   111   52  1         -0.0000108806          0.0000000000         -0.0000108806
                       -0.0000108806          0.0000000000
   111   40  1          0.0000268254          0.0000000000          0.0000268254
                        0.0000268254          0.0000000000
    78   74  1         -0.0004066694          0.0000000000         -0.0004066694
                       -0.0004066694          0.0000000000
    78   26  1         -0.0000942151          0.0000000000         -0.0000942151
                       -0.0000942151          0.0000000000
    39   27  1         -0.0000428930          0.0000000000         -0.0000428930
                       -0.0000428930          0.0000000000
   108   68  1         -0.0001772311          0.0000000000         -0.0001772311
                       -0.0001772311          0.0000000000
   108   40  1         -0.0000338776          0.0000000000         -0.0000338776
                       -0.0000338776          0.0000000000
   151  125  1         -0.0000137081          0.0000000000         -0.0000137081
                       -0.0000137081          0.0000000000
   151   80  1         -0.0011244456          0.0000000000         -0.0011244456
                       -0.0011244456          0.0000000000
   151   39  1          0.0000248788          0.0000000000          0.0000248788
                        0.0000248788          0.0000000000
   150  143  1          0.0001014192          0.0000000000          0.0001014192
                        0.0001014192          0.0000000000
   150  108  1         -0.0001297273          0.0000000000         -0.0001297273
                       -0.0001297273          0.0000000000
   150   63  1          0.0000195267          0.0000000000          0.0000195267
                        0.0000195267          0.0000000000
   150   12  1          0.0001567459          0.0000000000          0.0001567459
                        0.0001567459          0.0000000000
   148  111  1         -0.0000629541          0.0000000000         -0.0000629541
                       -0.0000629541          0.0000000000
   148   91  1          0.0000530557          0.0000000000          0.0000530557
                        0.0000530557          0.0000000000
   148   44  1         -0.0000225092          0.0000000000         -0.0000225092
                       -0.0000225092          0.0000000000
   148    4  1         -0.0000619199          0.0000000000         -0.0000619199
                       -0.0000619199          0.0000000000
   147  130  1         -0.0001318100          0.0000000000         -0.0001318100
                       -0.0001318100          0.0000000000
   147  108  1          0.0000353045          0.0000000000          0.0000353045
                        0.0000353045          0.0000000000
   147   80  1         -0.0004436406          0.0000000000         -0.0004436406
                       -0.0004436406          0.0000000000
   147   31  1          0.0000050144          0.0000000000          0.0000050144
                        0.0000050144          0.0000000000
   147    4  1         -0.0000500797          0.0000000000         -0.0000500797
                       -0.0000500797          0.0000000000
   103   86  1          0.0001419716          0.0000000000          0.0001419716
                        0.0001419716          0.0000000000
   103   68  1          0.0001041929          0.0000000000          0.0001041929
                        0.0001041929          0.0000000000
   103   40  1          0.0000148481          0.0000000000          0.0000148481
                        0.0000148481          0.0000000000
   103   16  1          0.0000542409          0.0000000000          0.0000542409
                        0.0000542409          0.0000000000
    73    4  1          0.0000033971          0.0000000000          0.0000033971
                        0.0000033971          0.0000000000
   143  116  1          0.0001512224          0.0000000000          0.0001512224
                        0.0001512224          0.0000000000
   143   86  1          0.0000287082          0.0000000000          0.0000287082
                        0.0000287082          0.0000000000
   143   48  1         -0.0000148352          0.0000000000         -0.0000148352
                       -0.0000148352          0.0000000000
   143   17  1         -0.0000135801          0.0000000000         -0.0000135801
                       -0.0000135801          0.0000000000
   139  125  1          0.0000973712          0.0000000000          0.0000973712
                        0.0000973712          0.0000000000
   139   91  1         -0.0000197487          0.0000000000         -0.0000197487
                       -0.0000197487          0.0000000000
   139   44  1          0.0000079441          0.0000000000          0.0000079441
                        0.0000079441          0.0000000000
   139    9  1         -0.0000361025          0.0000000000         -0.0000361025
                       -0.0000361025          0.0000000000
   138  126  1         -0.0000453958          0.0000000000         -0.0000453958
                       -0.0000453958          0.0000000000
   138  115  1          0.0019021566          0.0000000000          0.0019021566
                        0.0019021566          0.0000000000
   138   94  1          0.0000041330          0.0000000000          0.0000041330
                        0.0000041330          0.0000000000
   195   68  1         -0.0002804999          0.0000000000         -0.0002804999
                       -0.0002804999          0.0000000000
   195   49  1         -0.0000508266          0.0000000000         -0.0000508266
                       -0.0000508266          0.0000000000
   195   16  1         -0.0000401196          0.0000000000         -0.0000401196
                       -0.0000401196          0.0000000000
   138   40  1          0.0000124243          0.0000000000          0.0000124243
                        0.0000124243          0.0000000000
   193  180  1          0.0000459718          0.0000000000          0.0000459718
                        0.0000459718          0.0000000000
   193  143  1          0.0000186429          0.0000000000          0.0000186429
                        0.0000186429          0.0000000000
   193  108  1         -0.0000403680          0.0000000000         -0.0000403680
                       -0.0000403680          0.0000000000
   193   79  1         -0.0000175059          0.0000000000         -0.0000175059
                       -0.0000175059          0.0000000000
   193   31  1          0.0000394722          0.0000000000          0.0000394722
                        0.0000394722          0.0000000000
    68   63  1          0.0004336075          0.0000000000          0.0004336075
                        0.0004336075          0.0000000000
    96   68  1          0.0002825438          0.0000000000          0.0002825438
                        0.0002825438          0.0000000000
    96   40  1          0.0000577897          0.0000000000          0.0000577897
                        0.0000577897          0.0000000000
   190  185  1          0.0015932750          0.0000000000          0.0015932750
                        0.0015932750          0.0000000000
    48   39  1          0.0002225554          0.0000000000          0.0002225554
                        0.0002225554          0.0000000000
   190  139  1          0.0001069211          0.0000000000          0.0001069211
                        0.0001069211          0.0000000000
   190   86  1         -0.0001681380          0.0000000000         -0.0001681380
                       -0.0001681380          0.0000000000
   190   49  1         -0.0000031941          0.0000000000         -0.0000031941
                       -0.0000031941          0.0000000000
   190   17  1          0.0000219031          0.0000000000          0.0000219031
                        0.0000219031          0.0000000000
    94   81  1          0.0000561315          0.0000000000          0.0000561315
                        0.0000561315          0.0000000000
    94   63  1         -0.0000923518          0.0000000000         -0.0000923518
                       -0.0000923518          0.0000000000
    94    9  1         -0.0000830034          0.0000000000         -0.0000830034
                       -0.0000830034          0.0000000000
   185  173  1          0.0009296825          0.0000000000          0.0009296825
                        0.0009296825          0.0000000000
   185  103  1          0.0004414311          0.0000000000          0.0004414311
                        0.0004414311          0.0000000000
   185   80  1         -0.0000611538          0.0000000000         -0.0000611538
                       -0.0000611538          0.0000000000
   185   31  1          0.0000456453          0.0000000000          0.0000456453
                        0.0000456453          0.0000000000
   130  126  1         -0.0003008129          0.0000000000         -0.0003008129
                       -0.0003008129          0.0000000000
   130   73  1         -0.0000321723          0.0000000000         -0.0000321723
                       -0.0000321723          0.0000000000
   130   48  1          0.0000175250          0.0000000000          0.0000175250
                        0.0000175250          0.0000000000
   126   95  1          0.0001804208          0.0000000000          0.0001804208
                        0.0001804208          0.0000000000
   172   67  1          0.0000071108          0.0000000000          0.0000071108
                        0.0000071108          0.0000000000
   166  150  1          0.0000393184          0.0000000000          0.0000393184
                        0.0000393184          0.0000000000
   166  115  1          0.0000950351          0.0000000000          0.0000950351
                        0.0000950351          0.0000000000
   166   68  1          0.0000179088          0.0000000000          0.0000179088
                        0.0000179088          0.0000000000
   166   27  1         -0.0002372965          0.0000000000         -0.0002372965
                       -0.0002372965          0.0000000000
   115   67  1          0.0000071426          0.0000000000          0.0000071426
                        0.0000071426          0.0000000000
   148   95  1          0.0000582975          0.0000000000          0.0000582975
                        0.0000582975          0.0000000000
   139   67  1          0.0000018349          0.0000000000          0.0000018349
                        0.0000018349          0.0000000000
   194  151  1          0.0000299703          0.0000000000          0.0000299703
                        0.0000299703          0.0000000000
   194  116  1         -0.0000298136          0.0000000000         -0.0000298136
                       -0.0000298136          0.0000000000
   194   68  1         -0.0000716655          0.0000000000         -0.0000716655
                       -0.0000716655          0.0000000000
   194   27  1          0.0001948667          0.0000000000          0.0001948667
                        0.0001948667          0.0000000000
    95   86  1         -0.0003951811          0.0000000000         -0.0003951811
                       -0.0003951811          0.0000000000
    95   51  1         -0.0000186307          0.0000000000         -0.0000186307
                       -0.0000186307          0.0000000000
    95   17  1         -0.0000321756          0.0000000000         -0.0000321756
                       -0.0000321756          0.0000000000
    94   67  1          0.0022438088          0.0000000000          0.0022438088
                        0.0022438088          0.0000000000
   185   67  1          0.0000760636          0.0000000000          0.0000760636
                        0.0000760636          0.0000000000
   199  140  1          0.0000094905          0.0000000000          0.0000094905
                        0.0000094905          0.0000000000
   199   41  1         -0.0000590061          0.0000000000         -0.0000590061
                       -0.0000590061          0.0000000000
   127  121  1          0.0004686656          0.0000000000          0.0004686656
                        0.0004686656          0.0000000000
   121   71  1          0.0000115287          0.0000000000          0.0000115287
                        0.0000115287          0.0000000000
   170  121  1          0.0003004987          0.0000000000          0.0003004987
                        0.0003004987          0.0000000000
    22    1  1          0.0018584763          0.0000000000          0.0018584763
                        0.0018584763          0.0000000000
   100   71  1         -0.0000647702          0.0000000000         -0.0000647702
                       -0.0000647702          0.0000000000
   199   69  1          0.0000280181          0.0000000000          0.0000280181
                        0.0000280181          0.0000000000
   199  191  1         -0.0000053719          0.0000000000         -0.0000053719
                       -0.0000053719          0.0000000000
   199   61  1          0.0000211703          0.0000000000          0.0000211703
                        0.0000211703          0.0000000000
   199  189  1          0.0001281478          0.0000000000          0.0001281478
                        0.0001281478          0.0000000000
   199  165  1          0.0000395077          0.0000000000          0.0000395077
                        0.0000395077          0.0000000000
   199  132  1         -0.0002666643          0.0000000000         -0.0002666643
                       -0.0002666643          0.0000000000
   199  114  1         -0.0000094519          0.0000000000         -0.0000094519
                       -0.0000094519          0.0000000000
   199   93  1          0.0000292239          0.0000000000          0.0000292239
                        0.0000292239          0.0000000000
   199   76  1          0.0000147761          0.0000000000          0.0000147761
                        0.0000147761          0.0000000000
   199   47  1         -0.0000821457          0.0000000000         -0.0000821457
                       -0.0000821457          0.0000000000
   199   19  1          0.0000057959          0.0000000000          0.0000057959
                        0.0000057959          0.0000000000
   127  116  1         -0.0000446103          0.0000000000         -0.0000446103
                       -0.0000446103          0.0000000000
   127   73  1         -0.0000626953          0.0000000000         -0.0000626953
                       -0.0000626953          0.0000000000
   127   17  1          0.0000067750          0.0000000000          0.0000067750
                        0.0000067750          0.0000000000
   177  170  1         -0.0001325819          0.0000000000         -0.0001325819
                       -0.0001325819          0.0000000000
   177  100  1         -0.0000647562          0.0000000000         -0.0000647562
                       -0.0000647562          0.0000000000
   172  100  1         -0.0008363337          0.0000000000         -0.0008363337
                       -0.0008363337          0.0000000000
   172   22  1         -0.0000026490          0.0000000000         -0.0000026490
                       -0.0000026490          0.0000000000
   121   86  1         -0.0000347095          0.0000000000         -0.0000347095
                       -0.0000347095          0.0000000000
   121   49  1          0.0000408913          0.0000000000          0.0000408913
                        0.0000408913          0.0000000000
   170  150  1         -0.0000672752          0.0000000000         -0.0000672752
                       -0.0000672752          0.0000000000
   170  116  1         -0.0003146189          0.0000000000         -0.0003146189
                       -0.0003146189          0.0000000000
   170   86  1          0.0000011914          0.0000000000          0.0000011914
                        0.0000011914          0.0000000000
   170   49  1          0.0000559615          0.0000000000          0.0000559615
                        0.0000559615          0.0000000000
   167  121  1         -0.0005939136          0.0000000000         -0.0005939136
                       -0.0005939136          0.0000000000
   167   22  1         -0.0000513725          0.0000000000         -0.0000513725
                       -0.0000513725          0.0000000000
   116    1  1          0.0000561484          0.0000000000          0.0000561484
                        0.0000561484          0.0000000000
   115    1  1         -0.0003075661          0.0000000000         -0.0003075661
                       -0.0003075661          0.0000000000
    78   22  1         -0.0001777657          0.0000000000         -0.0001777657
                       -0.0001777657          0.0000000000
   151   71  1         -0.0000128041          0.0000000000         -0.0000128041
                       -0.0000128041          0.0000000000
   150  127  1          0.0000383156          0.0000000000          0.0000383156
                        0.0000383156          0.0000000000
   150    1  1         -0.0006710678          0.0000000000         -0.0006710678
                       -0.0006710678          0.0000000000
   148   22  1          0.0000928835          0.0000000000          0.0000928835
                        0.0000928835          0.0000000000
   147   71  1          0.0000361039          0.0000000000          0.0000361039
                        0.0000361039          0.0000000000
    52   22  1          0.0000403567          0.0000000000          0.0000403567
                        0.0000403567          0.0000000000
    51   22  1         -0.0000662869          0.0000000000         -0.0000662869
                       -0.0000662869          0.0000000000
    71   51  1          0.0000157444          0.0000000000          0.0000157444
                        0.0000157444          0.0000000000
    71   40  1         -0.0001852965          0.0000000000         -0.0001852965
                       -0.0001852965          0.0000000000
    51    1  1         -0.0000723632          0.0000000000         -0.0000723632
                       -0.0000723632          0.0000000000
    71   27  1         -0.0001303272          0.0000000000         -0.0001303272
                       -0.0001303272          0.0000000000
   100   27  1         -0.0010931581          0.0000000000         -0.0010931581
                       -0.0010931581          0.0000000000
   139  100  1         -0.0005863105          0.0000000000         -0.0005863105
                       -0.0005863105          0.0000000000
   193  121  1         -0.0002338102          0.0000000000         -0.0002338102
                       -0.0002338102          0.0000000000
   193   28  1          0.0001772577          0.0000000000          0.0001772577
                        0.0001772577          0.0000000000
    48   22  1          0.0000333328          0.0000000000          0.0000333328
                        0.0000333328          0.0000000000
    94    1  1         -0.0051048660          0.0000000000         -0.0051048660
                       -0.0051048660          0.0000000000
   199  197  1         -0.0000640236          0.0000000000         -0.0000640236
                       -0.0000640236          0.0000000000
   199   83  1          0.0000924648          0.0000000000          0.0000924648
                        0.0000924648          0.0000000000
   199  155  1          0.0001509719          0.0000000000          0.0001509719
                        0.0001509719          0.0000000000
   199   32  1          0.0000020778          0.0000000000          0.0000020778
                        0.0000020778          0.0000000000
   126   86  1         -0.0000869165          0.0000000000         -0.0000869165
                       -0.0000869165          0.0000000000
   126   49  1          0.0001855674          0.0000000000          0.0001855674
                        0.0001855674          0.0000000000
   177  148  1          0.0002422545          0.0000000000          0.0002422545
                        0.0002422545          0.0000000000
   177  116  1          0.0002039946          0.0000000000          0.0002039946
                        0.0002039946          0.0000000000
   177   73  1          0.0000175516          0.0000000000          0.0000175516
                        0.0000175516          0.0000000000
   177   27  1          0.0001011780          0.0000000000          0.0001011780
                        0.0001011780          0.0000000000
   172  148  1         -0.0000658908          0.0000000000         -0.0000658908
                       -0.0000658908          0.0000000000
   172  115  1         -0.0002341522          0.0000000000         -0.0002341522
                       -0.0002341522          0.0000000000
   172   52  1         -0.0000481744          0.0000000000         -0.0000481744
                       -0.0000481744          0.0000000000
   172   17  1         -0.0000090433          0.0000000000         -0.0000090433
                       -0.0000090433          0.0000000000
    86   48  1          0.0000174119          0.0000000000          0.0000174119
                        0.0000174119          0.0000000000
   167  150  1          0.0000418507          0.0000000000          0.0000418507
                        0.0000418507          0.0000000000
   167   94  1         -0.0000624869          0.0000000000         -0.0000624869
                       -0.0000624869          0.0000000000
   167   51  1          0.0000195386          0.0000000000          0.0000195386
                        0.0000195386          0.0000000000
   167   17  1         -0.0000062942          0.0000000000         -0.0000062942
                       -0.0000062942          0.0000000000
   116   52  1          0.0000386539          0.0000000000          0.0000386539
                        0.0000386539          0.0000000000
   116   17  1          0.0000037442          0.0000000000          0.0000037442
                        0.0000037442          0.0000000000
   115   52  1         -0.0000195198          0.0000000000         -0.0000195198
                       -0.0000195198          0.0000000000
   115   27  1         -0.0001270478          0.0000000000         -0.0001270478
                       -0.0001270478          0.0000000000
    78   68  1         -0.0000508696          0.0000000000         -0.0000508696
                       -0.0000508696          0.0000000000
    78   27  1          0.0001482678          0.0000000000          0.0001482678
                        0.0001482678          0.0000000000
   151  116  1         -0.0000192133          0.0000000000         -0.0000192133
                       -0.0000192133          0.0000000000
   151   48  1          0.0008440031          0.0000000000          0.0008440031
                        0.0008440031          0.0000000000
   150  139  1          0.0000467283          0.0000000000          0.0000467283
                        0.0000467283          0.0000000000
   150   86  1         -0.0001277098          0.0000000000         -0.0001277098
                       -0.0001277098          0.0000000000
   150   17  1         -0.0000465571          0.0000000000         -0.0000465571
                       -0.0000465571          0.0000000000
   148  115  1         -0.0000449623          0.0000000000         -0.0000449623
                       -0.0000449623          0.0000000000
   148   49  1          0.0012770637          0.0000000000          0.0012770637
                        0.0012770637          0.0000000000
   148   16  1         -0.0000031165          0.0000000000         -0.0000031165
                       -0.0000031165          0.0000000000
   147   78  1          0.0001751611          0.0000000000          0.0001751611
                        0.0001751611          0.0000000000
   147   48  1         -0.0002657268          0.0000000000         -0.0002657268
                       -0.0002657268          0.0000000000
    73   68  1         -0.0001517389          0.0000000000         -0.0001517389
                       -0.0001517389          0.0000000000
    73   40  1         -0.0002531176          0.0000000000         -0.0002531176
                       -0.0002531176          0.0000000000
    51   48  1         -0.0009595208          0.0000000000         -0.0009595208
                       -0.0009595208          0.0000000000
   199  128  1         -0.0011865084          0.0000000000         -0.0011865084
                       -0.0011865084          0.0000000000
   199   25  1         -0.0039164892          0.0000000000         -0.0039164892
                       -0.0039164892          0.0000000000
   139   73  1         -0.0000057998          0.0000000000         -0.0000057998
                       -0.0000057998          0.0000000000
   139   40  1          0.0000052420          0.0000000000          0.0000052420
                        0.0000052420          0.0000000000
   193  185  1          0.0003430120          0.0000000000          0.0003430120
                        0.0003430120          0.0000000000
   193  147  1          0.0000516457          0.0000000000          0.0000516457
                        0.0000516457          0.0000000000
   193   94  1         -0.0000824220          0.0000000000         -0.0000824220
                       -0.0000824220          0.0000000000
   193   51  1          0.0000551801          0.0000000000          0.0000551801
                        0.0000551801          0.0000000000
   193   16  1         -0.0000273355          0.0000000000         -0.0000273355
                       -0.0000273355          0.0000000000
    68   48  1         -0.0000240351          0.0000000000         -0.0000240351
                       -0.0000240351          0.0000000000
    48   17  1          0.0000893064          0.0000000000          0.0000893064
                        0.0000893064          0.0000000000
    94   68  1          0.0005694852          0.0000000000          0.0005694852
                        0.0005694852          0.0000000000
    94   17  1         -0.0001286812          0.0000000000         -0.0001286812
                       -0.0001286812          0.0000000000
   185  150  1         -0.0001356106          0.0000000000         -0.0001356106
                       -0.0001356106          0.0000000000
   185   86  1         -0.0000915391          0.0000000000         -0.0000915391
                       -0.0000915391          0.0000000000
   185   51  1          0.0000588466          0.0000000000          0.0000588466
                        0.0000588466          0.0000000000
   185   16  1         -0.0000274325          0.0000000000         -0.0000274325
                       -0.0000274325          0.0000000000
   199  178  1         -0.0002168235          0.0000000000         -0.0002168235
                       -0.0002168235          0.0000000000
   199  125  1         -0.0002240900          0.0000000000         -0.0002240900
                       -0.0002240900          0.0000000000
   199   80  1          0.0003615685          0.0000000000          0.0003615685
                        0.0003615685          0.0000000000
   199   39  1          0.0000192875          0.0000000000          0.0000192875
                        0.0000192875          0.0000000000
   199  194  1          0.0000603172          0.0000000000          0.0000603172
                        0.0000603172          0.0000000000
   199  100  1          0.0003518848          0.0000000000          0.0003518848
                        0.0003518848          0.0000000000
   199  193  1         -0.0000038920          0.0000000000         -0.0000038920
                       -0.0000038920          0.0000000000
   199  147  1         -0.0001070065          0.0000000000         -0.0001070065
                       -0.0001070065          0.0000000000
   199   78  1         -0.0000858870          0.0000000000         -0.0000858870
                       -0.0000858870          0.0000000000
   199   17  1          0.0000124947          0.0000000000          0.0000124947
                        0.0000124947          0.0000000000
 $END   
